0,1,2,3,4,5,6,7,8,9,10
9942,100.0,0.0,False,0,0,0,0,False,False,False
10002,100.0,0.0,False,0,0,0,0,False,False,False
10062,100.0,0.0,False,0,0,0,0,False,False,False
10122,100.0,0.0,False,0,0,0,0,False,False,False
10182,100.0,0.0,False,0,0,0,0,False,False,False
10242,100.0,0.0,False,0,0,0,0,False,False,False
10302,100.0,0.0,False,0,0,0,0,False,False,False
13962,100.0,100.0,True,1,0,0,0,False,False,False
14022,100.0,100.0,True,1,0,0,0,False,False,False
14082,100.0,100.0,True,1,0,0,0,False,False,False
14142,100.0,100.0,True,1,0,0,0,False,False,False
14202,100.0,100.0,True,1,0,0,0,False,False,False
14262,100.0,100.0,True,1,0,0,0,False,False,False
14322,100.0,100.0,True,1,0,0,0,False,False,False
14382,100.0,100.0,True,1,0,0,0,False,False,False
14442,100.0,100.0,True,1,0,0,0,False,False,False
14502,100.0,100.0,True,1,0,0,0,False,False,False
14562,100.0,100.0,True,1,0,0,0,False,False,False
14622,100.0,100.0,True,1,0,0,0,False,False,False
14682,100.0,100.0,True,1,0,0,0,False,False,False
14742,100.0,100.0,True,1,0,0,0,False,False,False
14802,100.0,100.0,True,1,0,0,0,False,False,False
14862,100.0,100.0,True,1,0,0,0,False,False,False
14922,100.0,100.0,True,1,0,0,0,False,False,False
14982,100.0,100.0,True,1,0,0,0,False,False,False
15042,100.0,100.0,True,1,0,0,0,False,False,False
15102,100.0,100.0,True,1,0,0,0,False,False,False
15162,100.0,100.0,True,1,0,0,0,False,False,False
15222,100.0,100.0,True,1,0,0,0,False,False,False
15282,100.0,100.0,True,1,0,0,0,False,False,False
15342,100.0,100.0,True,1,0,0,0,False,False,False
15402,100.0,100.0,True,1,0,0,0,False,False,False
15462,100.0,100.0,True,1,0,0,0,False,False,False
15522,100.0,100.0,True,1,0,0,0,False,False,False
15582,100.0,100.0,True,1,0,0,0,False,False,False
15642,100.0,100.0,True,1,0,0,0,False,False,False
15702,100.0,100.0,True,1,0,0,0,False,False,False
15762,100.0,100.0,True,1,0,0,0,False,False,False
15822,100.0,100.0,True,1,0,0,0,False,False,False
15882,100.0,100.0,True,1,0,0,0,False,False,False
15942,100.0,100.0,True,1,0,0,0,False,False,False
16002,100.0,100.0,True,1,0,0,0,False,False,False
16062,100.0,100.0,True,1,0,0,0,False,False,False
16122,100.0,100.0,True,1,0,0,0,False,False,False
16182,100.0,100.0,True,1,0,0,0,False,False,False
16242,100.0,100.0,True,1,0,0,0,False,False,False
16302,100.0,100.0,True,1,0,0,0,False,False,False
16362,100.0,100.0,True,1,0,0,0,False,False,False
18702,100.0,100.0,False,0,0,0,0,False,False,False
18762,100.0,100.0,False,0,0,0,0,False,False,False
18822,100.0,100.0,False,0,0,0,0,False,False,False
18882,100.0,100.0,False,0,0,0,0,False,False,False
18942,100.0,100.0,False,0,0,0,0,False,False,False
19002,100.0,100.0,False,0,0,0,0,False,False,False
19062,100.0,100.0,False,0,0,0,0,False,False,False
19122,100.0,100.0,False,0,0,0,0,False,False,False
19182,100.0,100.0,False,0,0,0,0,False,False,False
19242,100.0,100.0,False,0,0,0,0,False,False,False
19302,100.0,100.0,False,0,0,0,0,False,False,False
19362,100.0,100.0,False,0,0,0,0,False,False,False
19422,97.0,99.0,False,0,0,0,0,False,False,False
19482,97.0,99.0,False,0,0,0,0,False,False,False
19542,97.0,99.0,False,0,0,0,0,False,False,False
19602,97.0,99.0,False,0,0,0,0,False,False,False
19662,97.0,99.0,False,0,0,0,0,False,False,False
19722,97.0,99.0,False,0,0,0,0,False,False,False
19782,97.0,99.0,False,0,0,0,0,False,False,False
19842,97.0,99.0,False,0,0,0,0,False,False,False
19902,97.0,99.0,False,0,0,0,0,False,False,False
25962,100.0,100.0,True,0,1,0,0,False,False,False
26022,100.0,100.0,True,0,1,0,0,False,False,False
26082,100.0,100.0,True,0,1,0,0,False,False,False
26142,100.0,100.0,True,0,1,0,0,False,False,False
26202,100.0,100.0,True,0,1,0,0,False,False,False
26262,100.0,100.0,True,0,1,0,0,False,False,False
26322,100.0,100.0,True,0,1,0,0,False,False,False
26382,100.0,100.0,True,0,1,0,0,False,False,False
26442,100.0,100.0,True,0,1,0,0,False,False,False
26502,100.0,100.0,True,0,1,0,0,False,False,False
26562,100.0,100.0,True,0,1,0,0,False,False,False
26622,100.0,100.0,True,0,1,0,0,False,False,False
26682,100.0,100.0,True,0,1,0,0,False,False,False
26742,100.0,100.0,True,0,1,0,0,False,False,False
26802,100.0,100.0,True,0,0,0,0,False,False,False
26862,100.0,100.0,True,0,0,0,0,False,False,False
26922,100.0,100.0,True,0,0,0,0,False,False,False
26982,100.0,100.0,True,0,0,0,0,False,False,False
27042,100.0,100.0,True,0,0,0,0,False,False,False
27102,92.0,96.0,True,0,0,0,0,False,False,False
27162,92.0,96.0,True,0,0,0,0,False,False,False
27222,92.0,96.0,True,0,0,0,0,False,False,False
27282,92.0,96.0,True,0,0,0,0,False,False,False
27342,92.0,96.0,True,0,0,0,0,False,False,False
27402,92.0,96.0,True,0,0,0,0,False,False,False
27462,92.0,96.0,True,0,0,0,0,False,False,False
27522,92.0,96.0,True,0,0,0,0,False,False,False
27582,92.0,96.0,True,0,0,0,0,False,False,False
27642,92.0,96.0,True,0,0,0,0,False,False,False
27702,92.0,96.0,True,0,0,0,0,False,False,False
27762,92.0,96.0,True,0,0,0,0,False,False,False
27822,92.0,96.0,True,0,0,0,0,False,False,False
27882,92.0,96.0,True,0,0,0,0,False,False,False
27942,92.0,96.0,True,0,0,0,0,False,False,False
28002,92.0,96.0,True,0,0,0,0,False,False,False
28062,92.0,96.0,True,0,0,0,0,False,False,False
28122,92.0,96.0,True,0,0,0,0,False,False,False
28182,92.0,96.0,True,0,0,0,0,False,False,False
28242,92.0,96.0,True,0,0,0,0,False,False,False
28302,92.0,96.0,True,1,0,0,0,False,False,False
28362,92.0,96.0,True,1,0,0,0,False,False,False
28422,92.0,96.0,True,0,0,0,0,False,False,False
28482,92.0,96.0,True,0,0,0,0,False,False,False
28542,92.0,96.0,True,0,0,0,0,False,False,False
28602,92.0,96.0,True,1,0,0,0,False,False,False
28662,92.0,96.0,True,1,0,0,0,False,False,False
28722,92.0,96.0,True,1,0,0,0,False,False,False
28782,92.0,96.0,True,1,0,0,0,False,False,False
28842,92.0,96.0,True,0,0,0,0,False,False,False
28902,92.0,96.0,True,1,0,0,0,False,False,False
28962,92.0,96.0,True,1,0,0,0,False,False,False
29022,92.0,96.0,True,1,0,0,0,False,False,False
29082,92.0,96.0,True,1,0,0,0,False,False,False
29142,92.0,96.0,True,1,0,0,0,False,False,False
29202,92.0,96.0,True,1,0,0,0,False,False,False
29262,92.0,96.0,True,1,0,0,0,False,False,False
29322,92.0,96.0,True,1,0,0,0,False,False,False
29382,92.0,96.0,True,1,0,0,0,False,False,False
29442,92.0,96.0,True,1,0,0,0,False,False,False
29502,92.0,96.0,True,1,0,0,0,False,False,False
29562,92.0,96.0,True,1,0,0,0,False,False,False
29622,92.0,96.0,True,1,0,0,0,False,False,False
29682,92.0,96.0,True,1,0,0,0,False,False,False
29742,66.0,96.0,True,1,0,0,0,False,False,False
29802,66.0,96.0,True,1,0,0,0,False,False,False
29862,66.0,96.0,True,1,0,0,0,False,False,False
29922,66.0,96.0,True,1,0,0,0,False,False,False
29982,66.0,96.0,True,1,0,0,0,False,False,False
30042,66.0,96.0,True,1,0,0,0,False,False,False
32262,100.0,100.0,True,1,0,0,0,False,False,False
32322,100.0,100.0,True,1,0,0,0,False,False,False
32382,100.0,100.0,True,1,0,0,0,False,False,False
32442,100.0,100.0,True,1,0,0,0,False,False,False
32502,100.0,100.0,True,0,0,0,0,False,False,False
32562,100.0,100.0,True,0,0,0,0,False,False,False
32622,100.0,100.0,True,0,0,0,0,False,False,False
32682,100.0,100.0,True,0,0,0,0,False,False,False
32742,100.0,100.0,True,0,0,0,0,False,False,False
32802,100.0,100.0,True,0,0,0,0,False,False,False
32862,100.0,100.0,True,0,0,0,0,False,False,False
32922,100.0,100.0,True,0,0,0,0,False,False,False
32982,100.0,100.0,True,0,0,0,0,False,False,False
33042,100.0,100.0,True,0,0,0,0,False,False,False
33102,100.0,100.0,True,0,0,0,0,False,False,False
33162,100.0,100.0,True,0,0,0,0,False,False,False
33222,100.0,100.0,True,0,0,0,0,False,False,False
33282,100.0,100.0,True,0,0,0,0,False,False,False
33342,100.0,100.0,True,0,0,0,0,False,False,False
33402,100.0,100.0,True,0,0,0,0,False,False,False
33462,100.0,100.0,True,0,0,0,0,False,False,False
33522,100.0,100.0,True,0,0,0,0,False,False,False
33582,100.0,100.0,True,0,0,0,0,False,False,False
33642,100.0,100.0,True,0,0,0,0,False,False,False
33702,100.0,100.0,True,0,0,0,0,False,False,False
33762,100.0,100.0,True,0,0,0,0,False,False,False
33822,100.0,100.0,True,0,0,0,0,False,False,False
33882,100.0,100.0,True,0,0,0,0,False,False,False
33942,100.0,100.0,True,0,0,0,0,False,False,False
34002,100.0,100.0,True,0,0,0,0,False,False,False
34062,100.0,100.0,True,0,0,0,0,False,False,False
34122,100.0,100.0,True,0,0,0,0,False,False,False
34182,100.0,100.0,True,0,0,0,0,False,False,False
34242,100.0,100.0,True,0,0,0,0,False,False,False
34302,100.0,100.0,True,0,0,0,0,False,False,False
34362,100.0,100.0,True,0,0,0,0,False,False,False
34422,100.0,100.0,True,0,0,0,0,False,False,False
34482,100.0,100.0,True,0,0,0,0,False,False,False
34542,100.0,100.0,True,0,0,0,0,False,False,False
34602,100.0,100.0,True,0,0,0,0,False,False,False
34662,100.0,100.0,True,0,0,0,0,False,False,False
34722,100.0,100.0,True,0,0,0,0,False,False,False
34782,100.0,100.0,True,0,0,0,0,False,False,False
34842,100.0,100.0,True,0,0,0,0,False,False,False
34902,100.0,100.0,True,0,0,0,0,False,False,False
34962,100.0,100.0,True,0,0,0,0,False,False,False
35022,100.0,100.0,True,0,0,0,0,False,False,False
35082,100.0,100.0,True,0,0,0,0,False,False,False
35142,100.0,100.0,True,0,0,0,0,False,False,False
35202,100.0,100.0,True,0,0,0,0,False,False,False
35262,100.0,100.0,True,0,0,0,0,False,True,False
35322,100.0,100.0,True,0,0,0,0,False,True,False
35382,100.0,100.0,True,0,0,0,0,False,True,False
35442,100.0,100.0,True,0,0,0,0,False,True,False
35502,100.0,100.0,True,0,0,0,0,False,True,False
35562,100.0,100.0,True,0,0,0,0,False,True,False
35622,100.0,100.0,True,0,0,0,0,False,True,False
35682,100.0,100.0,True,0,0,0,0,False,False,False
35742,100.0,100.0,True,0,0,0,0,False,False,False
35802,100.0,100.0,True,0,0,0,0,False,False,False
35862,100.0,100.0,True,0,0,0,0,False,False,False
35922,100.0,100.0,True,0,0,0,0,False,False,False
35982,100.0,100.0,True,1,0,0,0,False,False,False
36042,100.0,100.0,True,1,0,0,0,False,False,False
36102,100.0,100.0,True,1,0,0,0,False,False,False
36162,100.0,100.0,True,1,0,0,0,False,False,False
36222,100.0,100.0,True,1,0,0,0,False,False,False
36282,100.0,100.0,True,1,0,0,0,False,False,False
36342,100.0,100.0,True,1,0,0,0,False,False,False
36402,100.0,100.0,True,1,0,0,0,False,False,False
36462,100.0,100.0,True,1,0,0,0,False,False,False
36522,100.0,100.0,True,1,0,0,0,False,False,False
36582,100.0,100.0,True,1,0,0,0,False,False,False
36642,100.0,100.0,True,0,0,0,0,False,False,False
36702,100.0,100.0,True,0,0,0,0,False,False,False
36762,100.0,100.0,True,0,0,0,0,False,False,False
36822,100.0,100.0,True,0,0,0,0,False,False,False
36882,100.0,100.0,True,0,0,0,0,False,False,False
36942,78.0,96.0,True,0,0,0,0,False,False,False
37002,78.0,96.0,True,0,0,0,0,False,False,False
37062,78.0,96.0,True,0,0,0,0,False,False,False
37122,78.0,96.0,True,0,0,0,0,False,False,False
37182,78.0,96.0,True,0,0,0,0,False,False,False
37242,78.0,96.0,True,0,0,0,0,False,False,False
37302,78.0,96.0,True,0,0,0,0,False,False,False
37362,78.0,96.0,True,0,0,0,0,False,False,False
37422,78.0,96.0,True,0,0,0,0,False,False,False
37482,78.0,96.0,True,0,0,0,0,False,False,False
37542,78.0,96.0,True,0,0,0,0,False,False,True
37602,78.0,96.0,True,0,0,0,0,False,False,True
37662,78.0,96.0,True,0,0,0,0,False,False,True
37722,78.0,96.0,True,0,0,0,0,False,False,True
37782,2.0,82.0,True,0,0,0,0,False,False,True
39822,100.0,100.0,True,0,1,0,0,False,False,False
39882,100.0,100.0,True,0,1,0,0,False,False,False
39942,100.0,100.0,True,0,1,0,0,False,False,False
40002,100.0,100.0,True,0,1,0,0,False,False,False
40062,100.0,100.0,True,0,1,0,0,False,False,False
40122,100.0,100.0,True,0,1,0,0,False,False,False
40182,100.0,100.0,True,0,1,0,0,False,False,False
40242,100.0,100.0,True,0,1,0,0,False,False,False
40302,100.0,100.0,True,0,1,0,0,False,False,False
40362,100.0,100.0,True,0,1,0,0,False,False,False
40422,100.0,100.0,True,0,1,0,0,False,False,False
40482,100.0,100.0,True,0,1,0,0,False,False,False
40542,81.0,88.0,True,0,1,0,0,False,False,False
40602,81.0,88.0,True,0,1,0,0,False,False,False
40662,81.0,88.0,True,0,1,0,0,False,False,False
40722,81.0,88.0,True,0,1,0,0,False,False,False
40782,81.0,88.0,True,0,1,0,0,False,False,False
40842,81.0,88.0,True,0,1,0,0,False,False,False
40902,81.0,88.0,True,0,1,0,0,False,False,False
40962,81.0,88.0,True,0,1,0,0,False,False,False
41022,81.0,88.0,True,0,1,0,0,False,False,False
41082,81.0,88.0,True,0,1,0,0,False,False,False
41142,81.0,88.0,True,0,1,0,0,False,False,False
41202,81.0,88.0,True,0,1,0,0,False,False,False
41262,81.0,88.0,True,0,1,0,0,False,False,False
41322,81.0,88.0,True,0,1,0,0,False,False,False
41382,81.0,88.0,True,0,1,0,0,False,False,False
41442,81.0,88.0,True,0,1,0,0,False,False,False
41502,81.0,88.0,True,0,1,0,0,False,False,False
41562,81.0,88.0,True,0,1,0,0,False,False,False
41622,81.0,88.0,True,0,1,0,0,False,False,False
41682,81.0,88.0,True,0,1,0,0,False,False,False
41742,81.0,88.0,True,0,1,0,0,False,False,False
41802,73.0,83.0,True,0,1,0,0,False,False,False
41862,73.0,83.0,True,0,1,0,0,False,False,False
41922,73.0,83.0,True,0,1,0,0,False,False,False
41982,73.0,83.0,True,0,1,0,0,False,False,False
42042,73.0,83.0,True,0,1,0,1,False,False,False
42102,73.0,83.0,True,0,1,0,0,False,False,False
42162,73.0,83.0,True,0,1,0,0,False,False,False
42222,73.0,83.0,True,0,1,0,0,False,False,False
42282,73.0,83.0,True,0,1,0,0,False,False,False
42342,73.0,83.0,True,0,1,0,0,False,False,False
42402,73.0,83.0,True,0,1,0,0,False,False,False
42462,73.0,83.0,True,0,1,0,0,False,False,False
42522,73.0,83.0,True,0,1,0,0,False,False,False
42582,73.0,83.0,True,0,1,0,0,False,False,False
42642,73.0,83.0,True,0,1,0,0,False,False,False
42702,73.0,83.0,True,0,1,0,0,False,False,False
42762,73.0,83.0,True,0,1,0,0,False,False,False
42822,73.0,83.0,True,0,1,0,0,False,False,False
42882,73.0,83.0,True,0,1,0,0,False,False,False
42942,73.0,83.0,True,0,1,0,0,False,False,False
43002,73.0,83.0,True,0,1,0,0,False,False,False
43062,73.0,83.0,True,0,1,0,0,False,False,False
43122,73.0,83.0,True,0,1,0,0,False,False,False
43182,73.0,83.0,True,0,1,0,0,False,False,False
43242,73.0,83.0,True,0,1,0,0,False,False,False
43302,73.0,83.0,True,0,0,0,0,False,False,False
43362,73.0,83.0,True,0,0,0,0,False,False,False
43422,73.0,83.0,True,0,0,0,0,False,False,False
43482,73.0,83.0,True,0,0,0,0,False,False,False
43542,73.0,83.0,True,1,0,0,0,False,False,False
43602,73.0,83.0,True,1,0,0,0,False,False,False
43662,73.0,83.0,True,1,0,0,0,False,False,False
43722,73.0,83.0,True,1,0,0,0,False,False,False
43782,73.0,83.0,True,0,0,0,0,False,False,False
43842,73.0,83.0,True,0,0,0,0,False,False,False
43902,73.0,83.0,True,0,0,0,0,False,False,False
43962,73.0,83.0,True,0,0,0,0,False,False,False
44022,73.0,83.0,True,0,0,0,0,False,False,False
44082,73.0,83.0,True,0,0,0,0,False,False,False
44142,73.0,83.0,True,0,0,0,0,False,False,False
44202,73.0,83.0,True,0,0,0,0,False,False,False
44262,73.0,83.0,True,0,0,0,0,False,False,False
44322,73.0,83.0,True,0,0,0,0,False,False,False
44382,73.0,83.0,True,0,0,0,0,False,False,False
44442,73.0,83.0,True,0,0,0,0,False,False,False
44502,73.0,83.0,True,0,0,0,0,False,False,False
44562,73.0,83.0,True,0,0,0,0,False,False,False
44622,73.0,83.0,True,0,0,0,0,False,False,False
44682,73.0,83.0,True,0,0,0,0,False,False,False
44742,73.0,83.0,True,0,0,0,0,False,False,False
44802,73.0,83.0,True,0,0,0,0,False,False,False
44862,73.0,83.0,True,0,0,0,0,False,False,False
44922,47.0,83.0,True,0,0,0,0,False,False,False
46962,100.0,100.0,True,0,0,0,0,False,False,False
47022,100.0,100.0,True,0,0,0,0,False,False,False
47082,100.0,100.0,True,0,0,0,0,False,False,False
47142,100.0,100.0,True,0,0,0,0,False,False,False
47202,100.0,100.0,True,0,0,0,0,False,False,False
47262,100.0,100.0,True,0,0,0,0,False,False,False
47322,100.0,100.0,True,0,0,0,0,False,False,False
47382,100.0,100.0,True,0,0,0,0,False,False,False
47442,100.0,100.0,True,0,0,0,0,False,False,False
47502,100.0,100.0,True,0,0,0,0,False,False,False
47562,100.0,100.0,True,0,0,0,0,False,False,False
47622,100.0,100.0,True,0,0,0,0,False,False,False
47682,100.0,100.0,True,0,0,0,0,False,False,False
47742,92.0,100.0,True,0,0,0,0,False,False,False
47802,52.0,100.0,True,0,0,0,0,False,False,False
47862,36.0,100.0,True,0,0,0,0,False,False,False
55062,100.0,100.0,True,1,1,1,1,False,False,False
55122,100.0,100.0,True,1,1,1,1,False,False,False
55182,100.0,100.0,True,1,1,1,1,False,False,False
55242,100.0,100.0,True,1,1,1,1,False,False,False
55302,100.0,100.0,True,1,1,1,1,False,False,False
55362,100.0,100.0,True,1,1,1,1,False,False,False
55422,100.0,100.0,True,1,1,1,1,False,False,False
55482,100.0,100.0,True,1,1,1,1,False,False,False
55542,100.0,100.0,True,1,1,1,1,False,False,False
55602,100.0,100.0,True,1,1,1,1,False,False,False
55662,100.0,100.0,True,1,1,1,1,False,False,False
61722,100.0,100.0,True,1,1,0,1,False,False,False
61782,100.0,100.0,True,1,1,0,1,False,False,False
61842,100.0,100.0,True,1,1,0,1,False,False,False
61902,100.0,100.0,True,1,0,0,1,False,False,False
61962,100.0,100.0,True,1,0,0,1,False,False,False
62022,100.0,100.0,True,1,0,0,1,False,False,False
62082,100.0,100.0,True,1,0,0,1,False,False,False
62142,100.0,100.0,True,1,0,0,1,False,False,False
62202,100.0,100.0,True,1,0,0,1,False,False,False
62262,98.0,100.0,True,1,0,0,1,False,False,False
62322,98.0,100.0,True,1,0,0,1,False,False,False
62382,98.0,100.0,True,1,0,0,1,False,False,False
62442,98.0,100.0,True,1,0,0,1,False,False,False
62502,98.0,100.0,True,1,0,0,1,False,False,False
62562,98.0,100.0,True,1,0,0,1,False,False,False
62622,98.0,100.0,True,1,0,0,1,False,False,False
62682,98.0,100.0,True,1,0,0,1,False,False,False
62742,97.0,99.0,True,1,0,0,1,False,False,False
62802,72.0,94.0,True,1,0,0,1,False,False,False
62862,72.0,94.0,True,1,0,0,1,False,False,False
62922,52.0,90.0,True,1,0,0,1,False,False,False
62982,52.0,90.0,True,1,0,0,1,False,False,False
63042,52.0,90.0,True,1,0,0,1,False,False,False
63102,52.0,90.0,True,1,0,0,1,False,False,False
63162,52.0,90.0,True,1,0,0,1,False,False,False
63222,52.0,90.0,True,1,0,0,1,False,False,False
63282,52.0,90.0,True,1,0,0,1,False,False,False
63342,52.0,90.0,True,1,0,0,1,False,False,False
63402,45.0,90.0,True,1,0,0,1,False,False,False
63462,39.0,90.0,True,1,0,0,1,False,False,False
63522,39.0,90.0,True,1,0,0,1,False,False,False
63582,39.0,90.0,True,1,0,0,1,False,False,False
63642,39.0,90.0,True,1,0,0,1,False,False,False
63702,39.0,90.0,True,1,0,0,1,False,False,False
63762,39.0,90.0,True,1,0,0,1,False,False,False
63822,39.0,90.0,True,1,0,0,1,False,False,False
63882,39.0,90.0,True,1,0,0,1,False,False,False
63942,39.0,90.0,True,1,0,0,1,False,False,True
64002,39.0,90.0,True,1,0,0,1,False,False,True
64062,39.0,90.0,True,1,0,0,1,False,False,True
64122,39.0,90.0,True,1,0,0,1,False,False,True
64182,39.0,90.0,True,1,0,0,1,False,False,True
64242,39.0,90.0,True,1,0,0,1,False,False,True
64302,39.0,90.0,True,1,0,0,1,False,False,True
64362,39.0,90.0,True,1,0,0,1,False,False,True
64422,39.0,90.0,True,1,0,0,1,False,False,True
64482,39.0,90.0,True,1,0,0,1,False,False,True
64542,39.0,90.0,True,1,0,0,1,False,False,True
64602,39.0,90.0,True,1,0,0,1,False,False,True
64662,39.0,90.0,True,1,0,0,1,False,False,True
64722,39.0,90.0,True,1,0,0,1,False,False,True
64782,39.0,90.0,True,1,0,0,1,False,False,True
64842,39.0,90.0,True,1,0,0,1,False,False,True
66162,100.0,90.0,True,1,1,1,1,False,False,False
66222,100.0,90.0,True,1,1,1,1,False,False,False
66282,100.0,90.0,True,1,1,1,1,False,False,False
66342,100.0,90.0,True,1,1,1,1,False,False,False
66402,100.0,90.0,True,1,1,1,1,False,False,False
66462,100.0,90.0,True,1,1,1,1,False,False,False
66522,100.0,90.0,True,1,1,1,1,False,False,False
66582,100.0,90.0,True,1,1,1,1,False,False,False
66642,100.0,90.0,True,1,1,1,1,False,False,False
66702,100.0,90.0,True,1,1,1,1,False,False,False
66762,100.0,90.0,True,1,1,1,1,False,False,False
66822,100.0,90.0,True,1,1,1,1,False,False,False
66882,100.0,90.0,True,1,1,1,1,False,False,False
66942,100.0,90.0,True,1,1,1,1,False,False,False
67002,100.0,90.0,True,1,1,1,1,False,False,False
67062,100.0,90.0,True,1,1,1,1,False,False,False
67122,100.0,90.0,True,1,1,1,1,False,False,False
67182,100.0,90.0,True,1,1,1,1,False,False,False
67242,100.0,90.0,True,1,1,1,1,False,False,False
67302,100.0,90.0,True,1,1,1,1,False,False,False
67362,100.0,90.0,True,1,1,1,1,False,False,False
67422,100.0,90.0,True,1,1,1,1,False,False,False
67482,100.0,90.0,True,1,1,1,1,False,False,False
67542,100.0,90.0,True,1,1,1,1,False,False,False
67602,100.0,90.0,True,1,1,1,1,False,False,False
67662,72.0,89.0,True,1,1,1,1,False,False,False
67722,72.0,89.0,True,1,1,1,1,False,False,False
67782,72.0,89.0,True,1,1,1,1,False,False,False
67842,72.0,89.0,True,1,1,1,1,False,False,False
67902,72.0,89.0,True,1,1,1,1,False,False,False
67962,72.0,89.0,True,1,1,1,1,False,False,False
68022,72.0,89.0,True,1,1,1,1,False,False,False
68082,72.0,89.0,True,1,1,1,1,False,False,False
68142,72.0,89.0,True,1,1,1,1,False,False,False
68202,72.0,89.0,True,1,1,1,1,False,False,False
68262,72.0,89.0,True,1,1,1,1,False,False,False
68322,72.0,89.0,True,1,1,1,1,False,False,False
68382,72.0,89.0,True,1,1,1,1,False,False,True
68442,72.0,89.0,True,1,1,1,1,False,False,True
68502,72.0,89.0,True,1,1,1,1,False,False,True
68562,72.0,89.0,True,1,1,1,1,False,False,True
68622,72.0,89.0,True,0,1,1,1,False,False,True
68682,72.0,89.0,True,0,1,1,1,False,False,True
72702,100.0,100.0,True,1,1,0,1,False,False,False
72762,100.0,100.0,True,1,1,0,1,False,False,False
72822,100.0,100.0,True,1,1,0,1,False,False,False
72882,100.0,100.0,True,1,1,0,1,False,False,False
72942,100.0,100.0,True,1,0,0,1,False,False,False
73002,100.0,100.0,True,1,0,0,1,False,False,False
73062,100.0,100.0,True,1,0,0,1,False,False,False
73122,100.0,100.0,True,1,0,0,1,False,False,False
73182,100.0,100.0,True,1,0,0,1,False,False,False
73242,100.0,100.0,True,1,0,0,1,False,False,False
73302,92.0,100.0,True,1,0,0,1,False,False,False
73362,92.0,100.0,True,1,0,0,1,False,False,False
73422,92.0,100.0,True,1,0,0,1,False,False,False
73482,5.0,83.0,True,1,0,0,1,False,False,False
73542,5.0,83.0,True,1,0,0,1,False,False,False
73602,5.0,83.0,True,1,0,0,1,False,False,False
73662,5.0,83.0,True,0,0,0,1,False,False,False
73722,5.0,83.0,True,0,1,0,1,False,False,False
73782,5.0,83.0,True,0,1,0,1,False,False,False
73842,5.0,83.0,True,0,1,0,1,False,False,False
73902,5.0,83.0,True,0,1,0,1,False,False,False
73962,5.0,83.0,True,0,1,0,1,False,False,False
74022,5.0,83.0,True,0,1,0,1,False,False,False
74082,5.0,83.0,True,0,1,0,1,False,False,False
74142,5.0,83.0,True,0,1,0,1,False,False,False
74202,5.0,83.0,True,0,1,0,1,False,False,False
74262,5.0,83.0,True,0,1,0,1,False,False,False
74322,5.0,83.0,True,0,1,0,1,False,False,False
74382,5.0,83.0,True,0,1,0,1,False,False,False
74442,5.0,83.0,True,0,1,0,1,False,False,False
74502,5.0,83.0,True,0,1,0,1,False,False,False
74562,5.0,83.0,True,0,1,0,1,False,False,False
74622,5.0,83.0,True,0,1,0,1,False,False,False
74682,5.0,83.0,True,0,1,0,1,False,False,False
74742,5.0,83.0,True,0,1,0,1,False,False,False
77142,100.0,100.0,True,1,1,0,1,False,False,False
77202,100.0,100.0,True,1,1,0,1,False,False,False
77262,100.0,100.0,True,1,1,0,1,False,False,False
77322,100.0,100.0,True,1,1,0,1,False,False,False
77382,100.0,100.0,True,1,1,0,1,False,False,False
77442,100.0,100.0,True,1,1,0,1,False,False,False
77502,100.0,100.0,True,1,1,0,1,False,False,False
77562,100.0,100.0,True,1,1,0,1,False,False,False
77622,100.0,100.0,True,1,1,0,1,False,False,False
77682,100.0,100.0,True,1,1,0,1,False,False,False
77742,100.0,100.0,True,1,1,0,1,False,False,False
77802,100.0,100.0,True,1,1,0,1,False,False,False
77862,100.0,100.0,True,1,1,0,1,False,False,False
82122,100.0,100.0,False,0,0,0,0,False,False,False
82182,100.0,100.0,False,0,0,0,0,False,False,False
82242,100.0,100.0,False,0,0,0,0,False,False,False
82302,100.0,100.0,False,0,0,0,0,False,False,False
82362,100.0,100.0,False,0,0,0,0,False,False,False
82422,100.0,100.0,False,0,0,0,0,False,False,False
82482,100.0,100.0,False,0,0,0,0,False,False,False
82542,100.0,100.0,False,0,0,0,0,False,False,False
82602,100.0,100.0,False,0,0,0,0,False,False,False
82662,100.0,100.0,False,0,0,0,0,False,False,False
82722,100.0,100.0,False,0,0,0,0,False,False,False
82782,100.0,100.0,False,0,0,0,0,False,False,False
82842,100.0,100.0,False,0,0,0,0,False,False,False
82902,90.0,100.0,False,0,0,0,0,False,False,False
82962,79.0,100.0,False,0,0,0,0,False,False,False
83022,79.0,100.0,False,0,0,0,0,False,False,False
83082,79.0,100.0,False,0,0,0,0,False,False,False
83142,79.0,100.0,False,0,0,0,0,False,False,False
83202,79.0,100.0,False,0,0,0,0,False,False,False
83262,79.0,100.0,False,0,0,0,0,False,False,False
83322,79.0,100.0,False,0,0,0,0,False,False,False
83382,79.0,100.0,False,0,0,0,0,False,False,False
83442,79.0,100.0,False,0,0,0,0,False,False,False
83502,79.0,100.0,False,0,0,0,0,False,False,False
83562,79.0,100.0,False,0,0,0,0,False,False,False
83622,79.0,100.0,False,0,0,0,0,False,False,False
83682,79.0,100.0,False,0,0,0,0,False,False,False
83742,79.0,100.0,False,0,0,0,0,False,False,False
83802,79.0,100.0,False,0,0,0,0,False,False,False
83862,79.0,100.0,False,0,0,0,0,False,False,False
83922,79.0,100.0,False,0,0,0,0,False,False,False
83982,79.0,100.0,False,0,0,0,0,False,False,False
84042,79.0,100.0,False,0,0,0,0,False,False,False
84102,79.0,100.0,False,0,0,0,0,False,False,False
84162,79.0,100.0,False,0,0,0,0,False,False,False
84222,79.0,100.0,False,0,0,0,0,False,False,False
84282,79.0,100.0,False,0,0,0,0,False,False,False
84342,79.0,100.0,False,0,0,0,0,False,False,False
84402,79.0,100.0,False,0,0,0,0,False,False,False
84462,79.0,100.0,False,0,0,0,0,False,False,False
84522,79.0,100.0,False,0,0,0,0,False,False,False
84582,79.0,100.0,False,0,0,0,0,False,False,False
84642,79.0,100.0,False,0,0,0,0,False,False,False
84702,79.0,100.0,False,0,0,0,0,False,False,False
84762,79.0,100.0,False,0,0,0,0,False,False,False
84822,79.0,100.0,False,0,0,0,0,False,False,False
84882,79.0,100.0,False,0,0,0,0,False,False,False
84942,79.0,100.0,False,0,0,0,0,False,False,False
85002,79.0,100.0,False,0,0,0,0,False,False,False
85062,79.0,100.0,False,0,0,0,0,False,False,False
85122,79.0,100.0,False,0,0,0,0,False,False,False
85182,79.0,100.0,False,0,0,0,0,False,False,False
85242,79.0,100.0,False,0,0,0,0,False,False,False
85302,79.0,100.0,False,0,0,0,0,False,False,False
85362,79.0,100.0,False,0,0,0,0,False,False,False
85422,79.0,100.0,False,0,0,0,0,False,False,False
85482,79.0,100.0,False,0,0,0,0,False,False,False
85542,79.0,100.0,False,0,0,0,0,False,False,False
85602,79.0,100.0,False,0,0,0,0,False,False,False
85662,79.0,100.0,False,0,0,0,0,False,False,False
85722,79.0,100.0,False,0,0,0,0,False,False,False
85782,79.0,100.0,False,0,0,0,0,False,False,False
85842,79.0,100.0,False,0,0,0,0,False,False,False
85902,79.0,100.0,False,0,0,0,0,False,False,False
85962,79.0,100.0,False,0,0,0,0,False,False,False
86022,79.0,100.0,False,0,0,0,0,False,False,False
86082,79.0,100.0,False,0,0,0,0,False,False,False
86142,79.0,100.0,False,0,0,0,0,False,False,False
86202,79.0,100.0,False,0,0,0,0,False,False,False
86262,79.0,100.0,False,0,0,0,0,False,False,False
86322,79.0,100.0,False,0,0,0,0,False,False,False
86382,79.0,100.0,False,0,0,0,0,False,False,False
86442,79.0,100.0,False,0,0,0,0,False,False,False
86502,79.0,100.0,False,0,0,0,0,False,False,False
86562,79.0,100.0,False,0,0,0,0,False,False,False
86622,79.0,100.0,False,0,0,0,0,False,False,False
86682,79.0,100.0,False,0,0,0,0,False,False,False
86742,79.0,100.0,False,0,0,0,0,False,False,False
86802,79.0,100.0,False,0,0,0,0,False,False,False
86862,79.0,100.0,False,0,0,0,0,False,False,False
86922,79.0,100.0,False,0,0,0,0,False,False,False
86982,79.0,100.0,False,0,0,0,0,False,False,False
87042,79.0,100.0,False,0,0,0,0,False,False,False
87102,79.0,100.0,False,0,0,0,0,False,False,False
87162,79.0,100.0,False,0,0,0,0,False,False,False
87222,79.0,100.0,False,0,0,0,0,False,False,False
87282,79.0,100.0,False,0,0,0,0,False,False,False
87342,79.0,100.0,False,0,0,0,0,False,False,False
87402,79.0,100.0,False,0,0,0,0,False,False,False
87462,79.0,100.0,False,0,0,0,0,False,False,False
88782,100.0,100.0,True,1,0,1,0,False,False,False
88842,100.0,100.0,True,1,0,1,0,False,False,False
88902,100.0,100.0,True,1,0,1,0,False,False,False
88962,100.0,100.0,True,1,0,1,0,False,False,False
89022,100.0,100.0,True,1,0,1,0,False,False,False
89082,100.0,100.0,True,1,0,1,0,False,False,False
89142,100.0,100.0,True,1,0,1,0,False,False,False
89202,100.0,100.0,True,1,0,1,0,False,False,False
89262,100.0,100.0,True,1,0,1,0,False,False,False
89322,100.0,100.0,True,1,0,1,0,False,False,False
89382,100.0,100.0,True,1,0,1,0,False,False,False
89442,100.0,100.0,True,1,0,1,0,False,False,False
89502,100.0,100.0,True,1,0,1,0,False,False,False
89562,100.0,100.0,True,1,0,1,0,False,False,False
89622,100.0,100.0,True,0,0,1,0,False,False,False
89682,100.0,100.0,True,0,0,1,0,False,False,False
89742,100.0,100.0,True,0,0,0,0,False,False,False
89802,100.0,100.0,True,0,0,0,0,False,False,False
89862,100.0,100.0,True,0,0,0,0,False,False,False
89922,100.0,100.0,True,0,0,0,0,False,False,False
89982,100.0,100.0,True,0,0,0,0,False,False,False
90042,100.0,100.0,True,0,0,0,0,False,False,False
90102,100.0,100.0,True,0,0,0,0,False,False,False
90162,100.0,100.0,True,0,0,0,0,False,False,False
90222,100.0,100.0,True,0,0,0,0,False,False,False
90282,100.0,100.0,True,0,0,0,0,False,False,False
90342,100.0,100.0,True,0,0,0,0,False,False,False
90402,100.0,100.0,True,0,0,0,0,False,False,False
90462,100.0,100.0,True,0,0,0,0,False,False,False
90522,100.0,100.0,True,0,0,0,0,False,False,False
90582,100.0,100.0,True,0,0,0,0,False,False,False
90642,100.0,100.0,True,0,0,0,0,False,False,False
90702,100.0,100.0,True,0,0,0,0,False,False,False
90762,100.0,100.0,True,0,0,0,0,False,False,False
90822,100.0,100.0,True,0,0,0,0,False,False,False
90882,100.0,100.0,True,0,0,0,0,False,False,False
90942,100.0,100.0,True,0,0,0,0,False,False,False
91002,100.0,100.0,True,0,0,0,0,False,False,False
91062,100.0,100.0,True,0,0,0,0,False,False,False
91122,100.0,100.0,True,0,0,0,0,False,False,False
91182,100.0,100.0,True,0,0,0,0,False,False,False
91242,100.0,100.0,True,0,0,0,0,False,False,False
91302,100.0,100.0,True,0,0,0,0,False,False,False
91362,100.0,100.0,True,0,0,0,0,False,False,True
91422,100.0,100.0,True,0,0,0,0,False,False,True
91482,100.0,100.0,True,0,0,0,0,False,False,True
91542,100.0,100.0,True,0,0,0,0,False,False,True
91602,100.0,100.0,True,0,0,0,0,False,False,True
91662,100.0,100.0,True,0,0,0,0,False,False,True
91722,100.0,100.0,True,0,0,0,0,False,False,True
91782,100.0,100.0,True,0,0,0,0,False,False,True
91842,100.0,100.0,True,0,0,0,0,False,False,True
91902,100.0,100.0,True,0,0,0,0,False,False,True
91962,100.0,100.0,True,0,0,0,0,False,False,True
92022,100.0,100.0,True,0,0,0,0,False,False,True
92082,100.0,100.0,True,0,0,0,0,False,False,True
92142,100.0,100.0,True,0,0,0,0,False,False,True
92202,100.0,100.0,True,0,0,0,0,False,False,True
92262,100.0,100.0,True,0,0,0,0,False,False,True
92322,100.0,100.0,True,0,0,0,0,False,False,True
92382,100.0,100.0,True,0,0,0,0,False,False,True
92442,100.0,100.0,True,0,0,0,0,False,False,True
92502,100.0,100.0,True,0,0,0,0,False,False,True
92562,100.0,100.0,True,0,0,0,0,False,False,True
92622,100.0,100.0,True,0,0,0,0,False,False,True
92682,100.0,100.0,True,0,0,0,0,False,False,False
92742,100.0,100.0,True,0,0,0,0,False,False,False
92802,100.0,100.0,True,0,0,0,0,False,False,False
92862,100.0,100.0,True,0,0,0,0,False,False,False
92922,100.0,100.0,True,0,0,0,0,False,False,False
92982,100.0,100.0,True,0,0,0,0,False,False,False
93042,100.0,100.0,True,0,0,0,0,False,False,False
94362,100.0,100.0,True,1,1,1,1,True,False,False
94422,100.0,100.0,True,1,1,1,1,True,False,False
94482,100.0,100.0,True,1,1,1,1,True,False,False
94542,100.0,100.0,True,1,1,1,1,True,False,False
94602,100.0,100.0,True,1,1,1,1,True,False,False
94662,100.0,100.0,True,1,1,1,1,True,False,False
94722,100.0,100.0,True,1,1,1,1,True,False,False
94782,100.0,100.0,True,1,1,1,1,True,False,False
94842,100.0,100.0,True,1,1,1,1,True,False,False
94902,100.0,100.0,True,1,1,1,1,True,False,False
94962,100.0,100.0,True,1,1,1,1,True,False,False
95022,100.0,100.0,True,1,1,1,1,True,False,False
95082,100.0,100.0,True,1,1,1,1,True,False,False
95142,100.0,100.0,True,1,1,1,1,True,False,False
95202,100.0,100.0,True,1,1,1,1,True,False,False
95262,100.0,100.0,True,1,1,1,1,True,False,False
95322,100.0,100.0,True,1,1,1,1,True,False,False
95382,100.0,100.0,True,1,1,1,1,True,False,False
95442,100.0,100.0,True,1,1,1,1,True,False,False
95502,100.0,100.0,True,1,1,1,1,True,False,False
95562,100.0,100.0,True,1,1,1,1,True,False,False
95622,100.0,100.0,True,1,1,1,0,True,False,False
95682,100.0,100.0,True,1,1,1,0,True,False,False
95742,100.0,100.0,True,1,1,1,0,True,False,False
95802,100.0,100.0,True,1,1,1,0,True,False,False
95862,100.0,100.0,True,1,1,1,0,True,False,False
95922,100.0,100.0,True,1,1,1,0,True,False,False
95982,100.0,100.0,True,1,1,1,0,True,False,False
96042,100.0,100.0,True,1,1,1,0,True,False,False
96102,100.0,100.0,True,1,1,1,0,True,False,False
96162,100.0,100.0,True,1,1,1,0,True,False,False
96222,100.0,100.0,True,1,1,1,0,True,False,False
96282,100.0,100.0,True,1,1,1,0,True,False,False
96342,100.0,100.0,True,1,1,1,0,True,False,False
96402,100.0,100.0,True,1,1,1,0,True,False,False
96462,100.0,100.0,True,1,1,1,0,True,False,False
96522,100.0,100.0,True,1,1,1,0,True,False,False
96582,100.0,100.0,True,1,1,1,0,True,False,False
96642,100.0,100.0,True,1,1,1,0,True,False,False
96702,100.0,100.0,True,1,1,1,0,True,False,False
96762,100.0,100.0,True,1,1,1,0,True,False,False
96822,100.0,100.0,True,1,1,1,0,True,False,False
96882,100.0,100.0,True,1,1,1,0,True,False,False
96942,100.0,100.0,True,0,1,1,0,True,False,False
97002,100.0,100.0,True,0,1,1,0,True,False,False
97062,100.0,100.0,True,0,1,1,0,True,False,False
97122,100.0,100.0,True,0,1,1,0,True,False,False
97182,100.0,100.0,True,0,0,1,0,True,False,False
97242,100.0,100.0,True,0,0,1,0,True,False,False
97302,100.0,100.0,True,0,0,1,0,True,False,False
97362,100.0,100.0,True,0,0,1,0,True,False,False
97422,100.0,100.0,True,0,0,1,0,True,False,False
97482,100.0,100.0,True,0,0,1,0,True,False,False
97542,100.0,100.0,True,0,0,1,0,True,False,False
97602,100.0,100.0,True,0,0,0,0,True,False,False
97662,100.0,100.0,True,0,0,0,0,True,False,False
97722,100.0,100.0,True,0,0,0,0,True,False,False
97782,100.0,100.0,True,0,0,0,0,True,False,False
97842,100.0,100.0,True,0,0,0,0,True,False,False
97902,100.0,100.0,True,0,0,0,0,True,False,False
97962,100.0,100.0,True,0,0,0,0,True,False,False
98022,100.0,100.0,True,0,0,0,0,True,False,False
98082,100.0,100.0,True,0,0,0,0,True,False,False
98142,100.0,100.0,True,0,0,0,0,True,False,False
98202,100.0,100.0,True,0,0,0,0,True,False,False
98262,100.0,100.0,True,0,0,0,0,True,False,False
98322,100.0,100.0,True,0,0,0,0,True,False,False
98382,100.0,100.0,True,0,0,0,0,True,False,False
98442,100.0,100.0,True,0,0,0,0,True,False,False
98502,100.0,100.0,True,0,0,0,0,True,False,False
98562,100.0,100.0,True,0,0,0,0,True,False,False
98622,100.0,100.0,True,0,0,0,0,True,False,False
98682,100.0,100.0,True,0,0,0,0,True,False,False
98742,100.0,100.0,True,0,0,0,0,True,False,False
98802,100.0,100.0,True,0,0,0,1,True,False,False
98862,100.0,100.0,True,0,0,0,1,True,False,False
98922,100.0,100.0,True,0,0,0,1,True,False,False
98982,100.0,100.0,True,0,0,0,1,True,False,False
100302,100.0,100.0,True,1,1,1,1,True,False,False
100362,100.0,100.0,True,1,1,1,1,True,False,False
100422,100.0,100.0,True,1,1,1,1,True,False,False
100482,100.0,100.0,True,1,1,1,1,True,False,False
100542,100.0,100.0,True,1,1,1,1,True,False,False
100602,100.0,100.0,True,1,1,1,1,True,False,False
100662,100.0,100.0,True,1,1,1,1,True,False,False
100722,100.0,100.0,True,1,1,1,1,True,False,False
100782,100.0,100.0,True,1,1,1,1,True,False,False
100842,100.0,100.0,True,1,1,1,1,True,False,False
100902,100.0,100.0,True,1,1,1,1,True,False,False
100962,100.0,100.0,True,0,1,1,1,True,False,False
101022,100.0,100.0,True,0,1,1,1,True,False,False
101082,100.0,100.0,True,0,1,1,1,True,False,False
101142,6.0,98.0,True,0,1,1,1,True,False,False
101202,6.0,98.0,True,0,1,1,1,True,False,False
101262,6.0,98.0,True,0,1,1,1,True,False,False
101322,6.0,98.0,True,0,1,1,1,True,False,False
101382,6.0,98.0,True,0,1,1,1,True,False,False
101442,6.0,98.0,True,0,1,1,1,True,False,False
101502,6.0,98.0,True,0,1,1,1,True,False,False
101562,6.0,98.0,True,0,1,1,1,True,False,False
101622,6.0,98.0,True,0,1,1,1,True,False,False
101682,6.0,98.0,True,0,1,1,1,True,False,False
101742,6.0,98.0,True,0,1,1,1,True,False,False
101802,6.0,98.0,True,0,1,1,1,True,False,False
101862,6.0,98.0,True,0,1,1,1,True,False,False
101922,6.0,98.0,True,0,1,1,1,True,False,False
101982,6.0,98.0,True,0,1,1,1,True,False,False
102042,6.0,98.0,True,0,1,1,1,True,False,False
102102,6.0,98.0,True,0,1,1,1,True,False,False
102162,6.0,98.0,True,0,1,1,1,True,False,False
103482,100.0,98.0,True,1,1,1,1,True,False,False
103542,100.0,98.0,True,1,1,1,1,True,False,False
103602,100.0,98.0,True,1,1,1,1,True,False,False
103662,100.0,98.0,True,1,1,1,1,True,False,False
103722,100.0,98.0,True,1,1,1,1,True,False,False
103782,100.0,98.0,True,1,1,1,1,True,False,False
103842,100.0,98.0,True,1,1,1,1,True,False,False
103902,100.0,98.0,True,1,1,1,1,True,False,False
103962,100.0,98.0,True,1,1,1,1,True,False,False
104022,100.0,98.0,True,1,1,1,1,True,False,False
104082,100.0,98.0,True,1,1,1,1,True,False,False
104142,100.0,98.0,True,0,1,1,1,True,False,False
104202,100.0,98.0,True,0,1,1,1,True,False,False
104262,100.0,98.0,True,0,1,1,1,True,False,False
104322,100.0,98.0,True,0,1,1,1,True,False,False
104382,100.0,98.0,True,0,1,1,1,True,False,False
104442,100.0,98.0,True,0,1,0,1,True,False,False
104502,100.0,98.0,True,0,1,0,0,True,False,False
104562,100.0,98.0,True,0,1,0,0,True,False,False
104622,100.0,98.0,True,0,1,0,0,True,False,False
104682,100.0,98.0,True,0,1,0,0,True,False,False
104742,100.0,98.0,True,0,0,0,0,True,False,False
104802,100.0,98.0,True,0,0,0,0,True,False,False
104862,100.0,98.0,True,0,0,0,0,True,False,False
104922,100.0,98.0,True,0,0,0,0,True,False,False
104982,100.0,98.0,True,0,0,0,0,True,False,False
105042,100.0,98.0,True,0,0,0,0,True,False,False
105102,100.0,98.0,True,0,0,0,0,True,False,False
105162,100.0,98.0,True,0,0,0,0,True,False,False
105222,100.0,98.0,True,0,0,0,0,True,False,False
105282,100.0,98.0,True,0,0,0,0,True,False,False
105342,100.0,98.0,True,0,0,0,0,True,False,False
105402,100.0,98.0,True,0,0,0,0,True,False,False
105462,100.0,98.0,True,0,0,0,0,True,False,False
109722,100.0,100.0,True,1,1,1,1,True,False,False
109782,100.0,100.0,True,1,1,1,1,True,False,False
109842,100.0,100.0,True,1,1,1,1,True,False,False
109902,100.0,100.0,True,1,1,1,1,True,False,False
109962,100.0,100.0,True,1,1,1,1,True,False,False
110022,100.0,100.0,True,1,1,1,1,True,False,False
110082,100.0,100.0,True,1,1,1,1,True,False,False
110142,100.0,100.0,True,1,1,1,1,True,False,False
110202,100.0,100.0,True,1,1,1,0,True,False,False
110262,100.0,100.0,True,1,1,1,0,True,False,False
110322,100.0,100.0,True,1,1,0,0,True,False,False
110382,100.0,100.0,True,0,1,0,0,True,False,False
110442,100.0,100.0,True,0,1,0,0,True,False,False
110502,100.0,100.0,True,0,1,0,0,True,False,False
110562,100.0,100.0,True,0,1,0,0,True,False,False
110622,100.0,100.0,True,0,1,0,0,True,False,False
110682,100.0,100.0,True,0,1,0,0,True,False,False
110742,100.0,100.0,True,0,1,0,0,True,False,False
110802,100.0,100.0,True,0,1,0,0,True,False,False
110862,100.0,100.0,True,0,1,0,0,True,False,False
110922,100.0,100.0,True,0,1,0,0,True,False,False
110982,100.0,100.0,True,0,1,0,0,True,False,False
111042,100.0,100.0,True,0,1,0,0,True,False,False
111102,100.0,100.0,True,0,1,0,0,True,False,False
111162,100.0,100.0,True,0,1,0,0,True,False,False
111222,100.0,100.0,True,0,1,0,0,True,False,False
111282,100.0,100.0,True,0,1,0,0,True,False,False
111342,100.0,100.0,True,0,1,0,0,True,False,False
111402,100.0,100.0,True,0,1,1,0,True,False,False
111462,100.0,100.0,True,0,1,1,0,True,False,False
111522,100.0,100.0,True,0,0,1,0,True,False,False
111582,100.0,100.0,True,0,0,1,0,True,False,False
111642,100.0,100.0,True,0,0,0,0,True,False,False
111702,100.0,100.0,True,0,0,0,0,True,False,False
111762,100.0,100.0,True,0,0,0,0,True,False,False
111822,100.0,100.0,True,0,0,0,0,True,False,False
111882,100.0,100.0,True,0,0,0,0,True,False,False
111942,100.0,100.0,True,0,0,0,0,True,False,False
112002,100.0,100.0,True,0,0,0,0,True,False,False
112062,100.0,100.0,True,0,0,0,0,True,False,False
112122,100.0,100.0,True,0,0,0,0,True,False,False
112182,100.0,100.0,True,0,0,0,0,True,False,False
112242,100.0,100.0,True,0,0,0,0,True,False,False
112302,100.0,100.0,True,0,0,0,0,True,False,False
112362,100.0,100.0,True,0,0,0,0,True,False,False
112422,100.0,100.0,True,0,0,0,0,True,False,False
112482,100.0,100.0,True,0,0,0,0,True,False,False
112542,100.0,100.0,True,0,0,0,0,True,False,False
112602,100.0,100.0,True,0,0,0,0,True,False,False
112662,100.0,100.0,True,0,0,0,0,True,False,False
112722,100.0,100.0,True,0,0,0,0,True,False,False
112782,100.0,100.0,True,0,0,0,0,True,False,False
112842,100.0,100.0,True,0,0,0,0,True,False,False
112902,100.0,100.0,True,0,0,0,0,True,False,False
112962,100.0,100.0,True,0,0,0,0,True,False,False
113022,100.0,100.0,True,0,0,0,0,True,False,False
113082,100.0,100.0,True,0,0,0,0,True,False,False
113142,100.0,100.0,True,0,0,0,0,True,False,False
113202,72.0,97.0,True,0,0,0,0,True,False,False
113262,72.0,97.0,True,0,0,0,0,True,False,False
113322,72.0,97.0,True,0,0,0,0,True,False,False
113382,72.0,97.0,True,0,0,0,0,True,False,False
113442,72.0,97.0,True,0,0,0,0,True,False,False
113502,72.0,97.0,True,0,0,0,0,True,False,False
113562,72.0,97.0,True,0,0,0,0,True,False,False
113622,72.0,97.0,True,0,0,0,0,True,False,False
113682,72.0,97.0,True,0,0,0,0,True,False,False
113742,72.0,97.0,True,0,0,0,0,True,False,False
113802,72.0,97.0,True,0,0,0,0,True,False,False
113862,72.0,97.0,True,0,0,0,0,True,False,False
113922,72.0,97.0,True,0,0,0,0,True,False,False
113982,72.0,97.0,True,0,0,0,0,True,False,False
114042,72.0,97.0,True,0,0,0,0,True,False,False
114102,72.0,97.0,True,0,0,0,0,True,False,False
114162,72.0,97.0,True,0,0,0,0,True,False,False
114222,72.0,97.0,True,0,0,0,0,True,False,False
114282,72.0,97.0,True,0,0,0,0,True,False,False
114342,72.0,97.0,True,0,0,0,0,True,False,False
114402,72.0,97.0,True,0,0,0,0,True,False,False
114462,72.0,97.0,True,0,0,0,0,True,False,False
114522,72.0,97.0,True,0,0,0,0,True,False,False
114582,72.0,97.0,True,0,0,0,0,True,False,False
114642,72.0,97.0,True,0,0,0,0,True,False,False
114702,72.0,97.0,True,0,0,0,0,True,False,False
114762,72.0,97.0,True,0,0,0,0,True,False,False
114822,72.0,97.0,True,0,0,0,0,True,False,False
114882,72.0,97.0,True,0,0,0,0,True,False,False
116262,100.0,97.0,True,1,1,1,1,True,False,False
116322,100.0,97.0,True,1,1,1,1,True,False,False
116382,100.0,97.0,True,1,1,1,1,True,False,False
116442,100.0,97.0,True,1,1,1,1,True,False,False
116502,100.0,97.0,True,1,1,1,1,True,False,False
116562,100.0,97.0,True,0,1,1,1,True,False,False
116622,100.0,97.0,True,0,1,1,1,True,False,False
116682,100.0,97.0,True,0,1,1,1,True,False,False
116742,100.0,97.0,True,0,1,1,1,True,False,False
116802,100.0,97.0,True,0,1,1,1,True,False,False
116862,100.0,97.0,True,0,1,1,1,True,False,False
116922,100.0,97.0,True,0,1,1,1,True,False,False
116982,100.0,97.0,True,0,1,1,1,True,False,False
117042,100.0,97.0,True,0,1,1,1,True,False,False
117102,100.0,97.0,True,0,1,1,1,True,False,False
117162,100.0,97.0,True,0,1,1,1,True,False,False
117222,67.0,93.0,True,0,1,1,1,True,False,False
121122,100.0,100.0,True,1,1,1,1,True,False,False
121182,100.0,100.0,True,1,1,1,1,True,False,False
121242,100.0,100.0,True,1,1,1,1,True,False,False
121302,100.0,100.0,True,1,1,1,1,True,False,False
121362,100.0,100.0,True,1,1,1,1,True,False,False
121422,100.0,100.0,True,1,1,1,1,True,False,False
121482,100.0,100.0,True,1,1,1,1,True,False,False
121542,100.0,100.0,True,1,1,1,1,True,False,False
121602,100.0,100.0,True,1,1,1,1,True,False,False
121662,100.0,100.0,True,1,1,1,1,True,False,False
121722,100.0,100.0,True,1,1,1,1,True,False,False
121782,100.0,100.0,True,1,1,1,1,True,False,False
121842,100.0,100.0,True,1,1,1,1,True,False,False
121902,100.0,100.0,True,1,1,1,1,True,False,False
121962,100.0,100.0,True,1,1,1,1,True,False,False
122022,100.0,100.0,True,1,1,1,1,True,False,False
122082,100.0,100.0,True,1,1,1,1,True,False,False
122142,100.0,100.0,True,1,1,1,1,True,False,False
122202,100.0,100.0,True,1,1,1,1,True,False,False
122262,100.0,100.0,True,1,1,1,1,True,False,False
122322,100.0,100.0,True,1,1,1,1,True,False,False
122382,100.0,100.0,True,1,1,1,1,True,False,False
122442,100.0,100.0,True,1,1,1,1,True,False,False
122502,100.0,100.0,True,1,1,1,1,True,False,False
122562,100.0,100.0,True,1,1,1,1,True,False,False
122622,100.0,100.0,True,1,1,1,1,True,False,False
122682,100.0,100.0,True,1,1,1,1,True,False,False
122742,100.0,100.0,True,1,1,1,0,True,False,False
122802,100.0,100.0,True,1,1,1,0,True,False,False
122862,100.0,100.0,True,1,1,1,0,True,False,False
122922,100.0,100.0,True,1,1,1,0,True,False,False
122982,100.0,100.0,True,1,1,1,0,True,False,False
123042,100.0,100.0,True,1,1,1,0,True,False,False
123102,100.0,100.0,True,1,1,1,0,True,False,False
123162,100.0,100.0,True,1,1,1,0,True,False,False
123222,100.0,100.0,True,1,1,1,0,True,False,False
123282,100.0,100.0,True,1,1,1,0,True,False,False
123342,100.0,100.0,True,1,1,1,0,True,False,False
123402,100.0,100.0,True,1,1,1,0,True,False,False
123462,100.0,100.0,True,1,1,1,0,True,False,False
123522,100.0,100.0,True,1,1,1,0,True,False,False
123582,100.0,100.0,True,1,1,1,0,True,False,False
123642,100.0,100.0,True,1,1,1,0,True,False,False
123702,100.0,100.0,True,1,1,1,0,True,False,False
123762,100.0,100.0,True,1,1,1,0,True,False,False
123822,100.0,100.0,True,1,1,1,0,True,False,False
123882,100.0,100.0,True,1,0,1,0,True,False,False
123942,100.0,100.0,True,1,0,1,0,True,False,False
124002,100.0,100.0,True,1,0,0,0,True,False,False
124062,100.0,100.0,True,1,0,0,0,True,False,False
124122,100.0,100.0,True,0,0,0,0,True,False,False
124182,100.0,100.0,True,0,0,0,0,True,False,False
124242,100.0,100.0,True,0,0,0,0,True,False,False
127002,100.0,100.0,True,1,0,1,0,False,False,False
127062,100.0,100.0,True,1,0,1,0,False,False,False
127122,100.0,100.0,True,1,0,1,0,False,False,False
127182,100.0,100.0,True,1,0,0,0,False,False,False
127242,100.0,100.0,True,1,0,0,0,False,False,False
127302,100.0,100.0,True,1,0,0,0,False,False,False
127362,100.0,100.0,True,1,0,0,0,False,False,False
127422,100.0,100.0,True,1,0,0,0,False,False,False
127482,100.0,100.0,True,1,0,0,0,False,False,False
127542,100.0,100.0,True,1,0,0,0,False,False,False
127602,100.0,100.0,True,1,0,0,0,False,False,False
127662,100.0,100.0,True,1,0,0,0,False,False,False
127722,100.0,100.0,True,1,0,0,0,False,False,False
127782,100.0,100.0,True,1,0,0,0,False,False,False
127842,100.0,100.0,True,1,0,0,0,False,False,False
127902,100.0,100.0,True,1,0,0,0,False,False,False
127962,100.0,100.0,True,1,0,0,0,False,False,False
128022,100.0,100.0,True,1,0,0,0,False,False,False
128082,100.0,100.0,True,1,0,0,0,False,False,False
128142,100.0,100.0,True,1,0,0,0,False,False,False
128202,100.0,100.0,True,1,0,0,0,False,False,False
128262,100.0,100.0,True,1,0,0,0,False,False,False
128322,100.0,100.0,True,1,0,0,0,False,False,False
128382,100.0,100.0,True,1,0,0,0,False,False,False
128442,100.0,100.0,True,1,0,0,0,False,False,False
128502,100.0,100.0,True,1,0,0,0,False,False,False
128562,100.0,100.0,True,1,0,0,0,False,False,False
128622,100.0,100.0,True,1,0,0,0,False,False,False
128682,100.0,100.0,True,1,0,0,0,False,False,False
128742,46.0,94.0,True,1,0,0,0,False,False,False
128802,46.0,94.0,True,1,0,0,0,False,False,False
128862,46.0,94.0,True,1,0,0,0,False,False,False
128922,46.0,94.0,True,1,0,0,0,False,False,False
128982,46.0,94.0,True,1,0,0,0,False,False,False
129042,46.0,94.0,True,0,0,0,0,False,False,False
129102,46.0,94.0,True,0,0,0,0,False,False,False
129162,46.0,94.0,True,0,0,0,0,False,False,False
129222,46.0,94.0,True,0,0,0,0,False,False,False
129282,46.0,94.0,True,0,0,0,0,False,False,False
129342,46.0,94.0,True,0,0,0,0,False,False,False
129402,46.0,94.0,True,0,0,0,0,False,False,False
129462,46.0,94.0,True,0,0,0,0,False,False,False
129522,46.0,94.0,True,0,0,0,0,False,False,False
129582,46.0,94.0,True,0,0,0,0,False,False,False
129642,46.0,94.0,True,0,0,0,0,False,False,False
129702,46.0,94.0,True,0,0,0,0,False,False,False
129762,46.0,94.0,True,0,0,0,0,False,False,False
129822,46.0,94.0,True,0,0,0,0,False,False,False
129882,46.0,94.0,True,0,0,0,0,False,False,False
129942,20.0,91.0,True,0,0,0,0,False,False,False
131682,100.0,100.0,False,1,0,0,0,False,False,False
131742,100.0,100.0,False,0,0,0,0,False,False,False
131802,100.0,100.0,False,0,0,0,0,False,False,False
131862,100.0,100.0,False,0,0,0,0,False,False,False
131922,100.0,100.0,False,0,0,0,0,False,False,False
131982,100.0,100.0,False,0,0,0,0,False,False,False
132042,100.0,100.0,False,0,0,0,0,False,False,False
132102,100.0,100.0,False,0,0,0,0,False,False,False
132162,100.0,100.0,False,0,0,0,0,False,False,False
132222,100.0,100.0,False,0,0,0,0,False,False,False
132282,100.0,100.0,False,0,0,0,0,False,False,False
132342,100.0,100.0,False,0,0,0,0,False,False,False
132402,100.0,100.0,False,0,0,0,0,False,False,False
132462,100.0,100.0,False,0,0,0,0,False,False,False
132522,100.0,100.0,False,0,0,0,0,False,False,False
132582,100.0,100.0,False,0,0,0,0,False,False,False
132642,98.0,100.0,False,0,0,0,0,False,False,False
132702,79.0,100.0,False,0,0,0,0,False,False,False
132762,60.0,88.0,False,0,0,0,0,False,False,False
132822,60.0,88.0,False,0,0,0,0,False,False,False
138462,100.0,100.0,True,0,0,0,0,False,False,False
138522,100.0,100.0,True,0,0,0,0,False,False,False
138582,100.0,100.0,True,0,0,0,0,False,False,False
138642,100.0,100.0,True,0,0,0,0,False,False,False
138702,100.0,100.0,True,0,0,0,0,False,False,False
138762,100.0,100.0,True,0,0,0,0,False,False,False
138822,100.0,100.0,True,0,0,0,0,False,False,False
138882,100.0,100.0,True,0,0,0,0,False,False,False
138942,100.0,100.0,True,0,0,0,0,False,False,False
139002,100.0,100.0,True,0,0,0,0,False,False,False
139062,100.0,100.0,True,0,0,0,0,False,False,False
139122,100.0,100.0,True,0,0,0,0,False,False,False
139182,100.0,100.0,True,0,0,0,0,False,False,False
139242,100.0,100.0,True,0,0,0,0,False,False,False
139302,100.0,100.0,True,0,0,0,0,False,False,False
139362,100.0,100.0,True,0,0,0,0,False,False,False
139422,100.0,100.0,True,0,0,0,0,False,False,False
139482,74.0,97.0,True,0,0,0,0,False,False,False
139542,47.0,94.0,True,0,0,0,0,False,False,False
139602,47.0,94.0,True,0,0,0,0,False,False,False
139662,47.0,94.0,True,0,0,0,0,False,False,False
139722,42.0,91.0,True,0,0,0,0,False,False,False
139782,42.0,91.0,True,0,0,0,0,False,False,False
139842,42.0,91.0,True,0,0,0,0,False,False,False
139902,42.0,91.0,True,0,0,0,0,False,False,False
139962,42.0,91.0,True,0,0,0,0,False,False,False
140022,42.0,91.0,True,0,0,0,0,False,False,False
140082,42.0,91.0,True,0,0,0,0,False,False,False
140142,42.0,91.0,True,0,0,0,0,False,False,False
140202,42.0,91.0,True,0,0,0,0,False,False,False
140262,42.0,91.0,True,0,0,0,0,False,False,False
140322,42.0,91.0,True,0,0,0,0,False,False,False
140382,42.0,91.0,True,0,0,0,0,False,False,False
140442,42.0,91.0,True,0,0,0,0,False,False,False
140502,42.0,91.0,True,0,0,0,0,False,False,False
140562,42.0,91.0,True,0,0,0,0,False,False,False
140622,42.0,91.0,True,0,0,0,0,False,False,False
140682,42.0,91.0,True,0,0,0,0,False,False,False
140742,42.0,91.0,True,0,0,0,0,False,False,False
140802,42.0,91.0,True,0,0,0,0,False,False,False
140862,42.0,91.0,True,0,0,0,0,False,False,False
140922,42.0,91.0,True,0,0,0,0,False,False,False
140982,42.0,91.0,True,0,0,0,0,False,False,False
141042,42.0,91.0,True,0,0,0,0,False,False,False
141102,42.0,91.0,True,0,0,0,0,False,False,True
141162,42.0,91.0,True,0,0,0,0,False,False,True
141222,42.0,91.0,True,0,0,0,0,False,False,True
141282,42.0,91.0,True,0,0,0,0,False,False,True
141342,42.0,91.0,True,0,0,0,0,False,False,True
141402,42.0,91.0,True,0,0,0,0,False,False,True
141462,42.0,91.0,True,0,0,0,0,False,False,True
141522,42.0,91.0,True,0,0,0,0,False,False,True
141582,42.0,91.0,True,0,0,0,0,False,False,True
141642,42.0,91.0,True,0,0,0,0,False,False,True
141702,42.0,91.0,True,0,0,0,0,False,False,True
141762,42.0,91.0,True,1,0,0,0,False,False,True
141822,42.0,91.0,True,1,0,0,0,False,False,True
141882,42.0,91.0,True,1,0,0,0,False,False,True
141942,15.0,88.0,True,1,0,0,0,False,False,True
143802,100.0,100.0,True,1,0,0,0,False,False,False
143862,100.0,100.0,True,1,0,0,0,False,False,False
143922,100.0,100.0,True,1,0,0,0,False,False,False
143982,100.0,100.0,True,1,0,0,0,False,False,False
144042,100.0,100.0,True,1,0,0,0,False,False,False
144102,100.0,100.0,True,1,0,0,0,False,False,False
144162,100.0,100.0,True,1,0,0,0,False,False,False
144222,100.0,100.0,True,1,0,0,0,False,False,False
144282,100.0,100.0,True,1,0,0,0,False,False,False
144342,100.0,100.0,True,1,0,0,0,False,False,False
