0,1,2,3,4,5,6,7,8,9,10
8505,100,0,False,1,1,0,0,False,False,False
8565,100,0,False,1,1,0,0,False,False,False
8625,100,0,False,1,1,0,0,False,False,False
8685,100,0,False,1,1,0,0,False,False,False
8745,100,0,False,1,1,0,0,False,False,False
8805,100,0,False,1,1,0,0,False,False,False
8865,100,0,False,1,1,0,0,False,False,False
8925,100,0,False,1,1,0,0,False,False,False
8985,100,0,False,1,1,0,0,False,False,False
9045,100,0,False,1,1,0,0,False,False,False
9105,100,0,False,1,1,0,0,False,False,False
9165,100,0,False,1,1,0,0,False,False,False
9225,100,0,False,1,1,0,0,False,False,False
9285,100,0,False,1,1,0,0,False,False,False
9345,100,0,False,1,1,0,0,False,False,False
12945,100,100,True,0,0,0,0,False,False,False
13005,100,100,True,0,0,0,0,False,False,False
13065,100,100,True,0,0,0,0,False,False,False
13125,100,100,True,0,0,0,0,False,False,False
13185,100,100,True,0,0,0,0,False,False,False
13245,100,100,True,0,0,0,0,False,False,False
13305,100,100,True,0,0,0,0,False,False,False
13365,100,100,True,0,0,0,0,False,False,False
13425,100,100,True,0,0,0,0,False,False,False
13485,100,100,True,0,0,0,0,False,False,False
13545,100,100,True,0,0,0,0,False,False,False
13605,100,100,True,0,0,0,0,False,False,False
13665,100,100,True,0,0,0,0,False,False,False
13725,100,100,True,0,0,0,0,False,False,False
13785,100,100,True,0,0,0,0,False,False,False
13845,100,100,True,0,0,0,0,False,False,False
13905,100,100,True,0,0,0,0,False,False,False
13965,100,100,True,0,0,0,0,False,False,False
14025,100,100,True,0,0,0,0,False,False,False
14085,100,100,True,0,0,0,0,False,False,False
14145,100,100,True,0,0,0,0,False,False,False
14205,100,100,True,0,0,0,0,False,False,False
14265,100,100,True,0,0,0,0,False,False,False
14325,100,100,True,0,0,0,0,False,False,False
14385,100,100,True,0,0,0,0,False,False,False
14445,100,100,True,0,0,0,0,False,False,False
14505,100,100,True,0,0,0,0,False,False,False
14565,100,100,True,0,0,0,0,False,False,False
14625,100,100,True,0,0,0,0,False,False,False
14685,100,100,True,0,0,0,0,False,False,False
14745,100,100,True,0,0,0,0,False,False,False
14805,100,100,True,0,0,0,0,False,False,False
14865,19,83,True,0,0,0,0,False,False,False
14925,19,83,True,0,0,0,0,False,False,False
14985,19,83,True,0,0,0,0,False,False,False
15045,19,83,True,0,0,0,0,False,False,False
15105,19,83,True,0,0,0,0,False,False,False
15165,19,83,True,0,0,0,0,False,False,False
15225,19,83,True,0,0,0,0,False,False,False
15285,19,83,True,0,0,0,0,False,False,False
15345,19,83,True,0,0,0,0,False,False,False
15405,19,83,True,0,0,0,0,False,False,False
15465,19,83,True,0,0,0,0,False,False,False
15525,19,83,True,0,0,0,0,False,False,False
15585,19,83,True,0,0,0,0,False,False,False
15645,19,83,True,0,0,0,0,False,False,False
15705,19,83,True,0,0,0,0,False,False,False
15765,19,83,True,0,0,0,0,False,False,False
15825,19,83,True,0,0,0,0,False,False,False
15885,19,83,True,0,0,0,0,False,False,False
15945,19,83,True,0,0,0,0,False,False,False
16005,19,83,True,0,0,0,0,False,False,False
16065,19,83,True,0,0,0,0,False,False,False
16125,19,83,True,0,0,0,0,False,False,False
16185,19,83,True,0,0,0,0,False,False,False
16245,19,83,True,0,0,0,0,False,False,False
16305,19,83,True,0,0,0,0,False,False,False
16365,19,83,True,0,0,0,0,False,False,False
16425,19,83,True,0,0,0,0,False,False,False
16485,19,83,True,0,0,0,0,False,False,False
16545,19,83,True,0,0,0,0,False,False,False
16605,19,83,True,0,0,0,0,False,False,False
16665,19,83,True,0,0,0,0,False,False,False
16725,19,83,True,1,0,0,0,False,False,False
16785,19,83,True,1,0,0,0,False,False,False
16845,19,83,True,1,0,0,0,False,True,False
16905,19,83,True,1,0,0,0,False,True,False
16965,19,83,True,1,0,0,0,False,True,False
17025,19,83,True,1,0,0,0,False,True,False
17085,19,83,True,1,0,0,0,False,True,False
17145,19,83,True,1,0,0,0,False,True,False
17205,19,83,True,1,0,0,0,False,True,False
17265,19,83,True,1,0,0,0,False,True,False
17325,19,83,True,1,0,0,0,False,True,False
17385,19,83,True,1,0,0,0,False,True,False
17445,19,83,True,0,0,0,0,False,True,False
17505,19,83,True,0,0,0,0,False,True,False
17565,19,83,True,0,0,0,0,False,True,False
17625,4,79,True,0,0,0,0,False,True,False
17685,4,79,True,0,0,0,0,False,True,False
17745,4,79,True,0,0,0,0,False,True,False
19545,100,100,True,1,0,0,1,False,False,False
19605,100,100,True,1,0,0,1,False,False,False
19665,100,100,True,1,0,0,1,False,False,False
19725,100,100,True,1,0,0,1,False,False,False
19785,100,100,True,1,0,0,1,False,False,False
19845,100,100,True,1,0,0,1,False,False,False
19905,100,100,True,1,0,0,1,False,False,False
19965,100,100,True,1,0,0,1,False,False,False
20025,100,100,True,1,0,0,1,False,False,False
20085,100,100,True,1,0,0,1,False,False,False
20145,100,100,True,1,0,0,1,False,False,False
20205,100,100,True,1,0,0,1,False,False,False
20265,53,70,True,1,0,0,1,False,False,False
20325,53,70,True,1,0,0,1,False,False,False
20385,53,70,True,1,0,0,1,False,False,False
20445,53,70,True,1,0,0,1,False,False,False
20505,53,70,True,1,0,0,1,False,False,False
20565,53,70,True,1,0,0,1,False,False,False
24465,100,100,True,0,0,0,0,False,False,False
24525,100,100,True,0,0,0,0,False,False,False
24585,100,100,True,0,0,0,0,False,False,False
24645,100,100,True,0,0,0,0,False,False,False
24705,100,100,True,0,0,0,0,False,False,False
24765,100,100,True,0,0,0,0,False,False,False
24825,100,100,True,0,0,0,0,False,False,False
24885,100,100,True,0,0,0,0,False,False,False
24945,100,100,True,0,0,0,0,False,False,False
25005,100,100,True,0,0,0,0,False,False,False
25065,100,100,True,0,0,0,0,False,False,False
25125,100,100,True,0,0,0,0,False,False,False
25185,100,100,True,0,0,0,0,False,False,False
25245,92,100,True,0,0,0,0,False,False,False
25305,84,100,True,0,0,0,0,False,False,False
25365,10,86,True,0,0,0,0,False,False,False
29205,100,100,True,1,1,1,1,False,False,False
29265,100,100,True,1,1,0,1,False,False,False
29325,100,100,True,1,1,0,1,False,False,False
29385,100,100,True,1,1,0,1,False,False,False
29445,100,100,True,1,1,0,1,False,False,False
29505,100,100,True,1,1,0,1,False,False,False
29565,100,100,True,1,1,0,1,False,False,False
29625,100,100,True,1,0,0,1,False,False,False
29685,100,100,True,1,0,0,1,False,False,False
29745,100,100,True,1,0,0,1,False,False,False
29805,100,100,True,1,0,0,1,False,False,False
29865,100,100,True,1,0,0,1,False,False,False
29925,100,100,True,1,0,0,1,False,False,False
29985,100,100,True,1,0,0,1,False,False,False
30045,100,100,True,1,0,0,1,False,False,False
30105,100,100,True,1,0,0,1,False,False,False
30165,100,100,True,1,0,0,1,False,False,False
30225,100,100,True,1,0,0,1,False,False,False
30285,76,95,True,1,0,0,1,False,False,False
37665,100,100,True,1,0,1,0,False,False,False
37725,100,100,True,1,0,1,0,False,False,False
37785,100,100,True,1,0,1,0,False,False,False
37845,100,100,True,1,0,1,0,False,False,False
37905,100,100,True,1,0,1,0,False,False,False
37965,100,100,True,1,0,1,0,False,False,False
38025,100,100,True,1,0,1,0,False,False,False
38085,100,100,True,1,0,1,0,False,False,False
38145,100,100,True,1,0,1,0,False,False,False
38205,100,100,True,1,0,1,0,False,False,False
38265,100,100,True,1,0,1,0,False,False,False
38325,100,100,True,1,0,1,0,False,False,False
41745,100,100,True,0,0,0,0,False,False,False
41805,100,100,True,0,0,0,0,False,False,False
41865,100,100,True,0,0,0,0,False,False,False
41925,100,100,True,0,0,0,0,False,False,False
41985,100,100,True,0,0,0,0,False,False,False
42045,100,100,True,0,0,0,0,False,False,False
42105,100,100,True,0,0,0,0,False,False,False
42165,100,100,True,0,0,0,0,False,False,False
42225,100,100,True,0,0,0,0,False,False,False
42285,100,100,True,0,0,0,0,False,False,False
42345,100,100,True,0,0,0,0,False,False,False
42405,100,100,True,0,0,0,0,False,False,False
42465,100,100,True,0,0,0,0,False,False,False
42525,100,100,True,0,0,0,0,False,False,False
47745,100,100,True,1,1,0,1,False,False,False
47805,100,100,True,1,1,0,1,False,False,False
47865,100,100,True,1,1,0,1,False,False,False
47925,100,100,True,1,1,0,1,False,False,False
47985,100,100,True,1,1,0,1,False,False,False
48045,100,100,True,1,1,0,1,False,False,False
48105,100,100,True,1,1,0,1,False,False,False
48165,100,100,True,1,1,0,1,False,False,False
48225,100,100,True,1,1,0,1,False,False,False
48285,100,100,True,1,1,0,1,False,False,False
48345,100,100,True,1,1,0,1,False,False,False
48405,100,100,True,1,1,0,1,False,False,False
48465,100,100,True,1,1,0,1,False,False,False
48525,100,100,True,1,1,0,1,False,False,False
48585,100,100,True,1,1,0,1,False,False,False
48645,100,100,True,1,1,0,1,False,False,False
48705,100,100,True,1,1,0,1,False,False,False
48765,100,100,True,1,1,0,1,False,False,False
48825,100,100,True,1,1,0,1,False,False,False
48885,100,100,True,1,1,0,1,False,False,False
48945,100,100,True,1,1,0,1,False,False,False
49005,100,100,True,1,1,0,1,False,False,False
49065,100,100,True,1,1,0,1,False,False,False
49125,100,100,True,1,1,0,1,False,False,False
49185,100,100,True,1,1,0,1,False,False,False
49245,100,100,True,1,1,0,1,False,False,False
49305,100,100,True,1,1,0,0,False,False,False
49365,100,100,True,1,1,0,0,False,False,False
49425,100,100,True,1,1,0,0,False,False,False
49485,91,99,True,1,1,0,0,False,False,False
49545,64,96,True,1,1,0,0,False,False,False
49605,64,96,True,1,1,0,0,False,False,False
49665,64,96,True,1,1,0,0,False,False,False
49725,64,96,True,1,1,0,0,False,False,False
49785,58,92,True,1,1,0,0,False,False,False
49845,58,92,True,1,1,0,0,False,False,False
49905,10,82,True,1,1,0,0,False,False,False
52665,100,100,True,1,1,1,1,False,False,False
52725,100,100,True,1,1,1,1,False,False,False
52785,100,100,True,1,1,1,1,False,False,False
52845,100,100,True,1,1,1,1,False,False,False
52905,100,100,True,1,1,1,1,False,False,False
52965,100,100,True,1,1,1,1,False,False,False
53025,100,100,True,1,1,1,1,False,False,False
53085,100,100,True,1,1,1,1,False,False,False
53145,100,100,True,1,1,1,1,False,False,False
53205,100,100,True,1,1,1,1,False,False,False
53265,100,100,True,1,1,1,1,False,False,False
53325,100,100,True,1,1,1,1,False,False,False
53385,100,100,True,1,1,1,1,False,False,False
53445,100,100,True,1,1,1,1,False,False,False
53505,100,100,True,1,1,1,1,False,False,False
53565,100,100,True,1,1,1,1,False,False,False
53625,100,100,True,1,1,1,1,False,False,False
53685,100,100,True,1,1,1,1,False,False,False
53745,100,100,True,1,1,1,1,False,False,False
53805,100,100,True,1,1,1,1,False,False,False
53865,100,100,True,1,1,1,1,False,False,False
53925,100,100,True,1,1,1,1,False,False,False
58665,100,100,True,1,1,1,1,False,False,False
58725,100,100,True,1,1,1,1,False,False,False
58785,100,100,True,1,1,1,1,False,False,False
58845,100,100,True,1,1,1,1,False,False,False
58905,100,100,True,1,1,1,1,False,False,False
58965,100,100,True,1,1,1,1,False,False,False
59025,100,100,True,1,1,1,1,False,False,False
59085,100,100,True,1,1,1,1,False,False,False
59145,100,100,True,1,1,1,1,False,False,False
59205,100,100,True,1,1,1,1,False,False,False
59265,100,100,True,1,1,1,1,False,False,False
59325,100,100,True,1,1,1,1,False,False,False
59385,100,100,True,1,1,1,1,False,False,False
59445,100,100,True,1,1,1,1,False,False,False
65925,100,100,True,1,1,0,0,False,False,False
65985,100,100,True,1,1,0,0,False,False,False
66045,100,100,True,1,1,0,0,False,False,False
66105,100,100,True,1,1,0,0,False,False,False
66165,100,100,True,1,1,0,0,False,False,False
66225,100,100,True,1,1,0,0,False,False,False
66285,100,100,True,1,1,0,0,False,False,False
66345,100,100,True,1,1,0,0,False,False,False
66405,100,100,True,1,1,0,0,False,False,False
66465,100,100,True,1,1,0,0,False,False,False
66525,100,100,True,1,1,0,0,False,False,False
66585,100,100,True,1,1,0,0,False,False,False
66645,100,100,True,1,1,0,0,False,False,False
66705,100,100,True,1,1,0,0,False,False,False
66765,100,100,True,1,1,0,0,False,False,False
66825,100,100,True,1,1,0,0,False,False,False
66885,100,100,True,1,1,0,0,False,False,False
66945,100,100,True,1,1,0,0,False,False,False
67005,100,100,True,1,1,0,0,False,False,False
67065,100,100,True,1,1,0,0,False,False,False
67125,100,100,True,1,1,0,0,False,False,False
67185,100,100,True,1,1,0,0,False,False,False
67245,100,100,True,1,1,0,0,False,False,False
67305,100,100,True,1,1,0,0,False,False,False
67365,100,100,True,1,1,0,0,False,False,False
67425,100,100,True,1,1,0,0,False,False,False
67485,100,100,True,1,1,0,0,False,False,False
67545,100,100,True,1,1,0,0,False,False,False
67605,100,100,True,1,1,0,0,False,False,False
67665,100,100,True,1,1,0,0,False,False,False
67725,100,100,True,1,1,0,0,False,False,False
67785,100,100,True,1,1,0,0,False,False,False
67845,100,100,True,1,1,0,0,False,False,False
67905,100,100,True,1,1,0,0,False,False,False
67965,100,100,True,1,1,0,0,False,False,False
68025,100,100,True,1,1,0,0,False,False,False
68085,100,100,True,1,1,0,0,False,False,False
68145,100,100,True,1,1,0,0,False,False,False
68205,100,100,True,1,1,0,0,False,False,False
68265,100,100,True,1,1,0,0,False,False,False
68325,100,100,True,1,1,0,0,False,False,False
68385,100,100,True,1,1,0,0,False,False,False
68445,100,100,True,1,1,0,0,False,False,False
68505,100,100,True,1,1,0,0,False,False,False
68565,100,100,True,1,1,0,0,False,False,False
73125,100,100,True,1,1,1,1,False,False,False
73185,100,100,True,1,1,1,1,False,False,False
73245,100,100,True,1,1,1,1,False,False,False
73305,100,100,True,1,1,1,1,False,False,False
73365,100,100,True,1,1,1,1,False,False,False
73425,100,100,True,1,1,1,1,False,False,False
73485,100,100,True,1,1,1,1,False,False,False
73545,100,100,True,1,1,1,1,False,False,False
73605,100,100,True,1,1,1,1,False,False,False
73665,100,100,True,1,1,1,1,False,False,False
73725,100,100,True,1,1,1,1,False,False,False
73785,100,100,True,1,1,1,1,False,False,False
73845,100,100,True,1,1,1,1,False,False,False
73905,100,100,True,1,1,1,1,False,False,False
73965,100,100,True,1,1,1,1,False,False,False
74025,100,100,True,1,1,1,1,False,False,False
74085,100,100,True,1,1,1,1,False,False,False
74145,100,100,True,1,1,1,1,False,False,False
74205,100,100,True,1,1,1,1,False,False,False
74265,100,100,True,1,1,1,1,False,False,False
74325,100,100,True,1,1,1,1,False,False,False
74385,100,100,True,1,1,1,1,False,False,False
74445,100,100,True,1,1,1,1,False,False,False
74505,100,100,True,1,1,1,1,False,False,False
74565,100,100,True,1,1,1,1,False,False,False
74625,100,100,True,1,1,1,1,False,False,False
74685,100,100,True,1,1,1,1,False,False,False
74745,100,100,True,1,1,1,1,False,False,False
74805,100,100,True,1,1,1,0,False,False,False
74865,100,100,True,1,1,1,0,False,False,False
74925,100,100,True,1,1,1,0,False,False,False
74985,100,100,True,1,1,1,0,False,False,False
75045,100,100,True,0,1,1,0,False,False,False
75105,100,100,True,0,1,1,0,False,False,False
75165,100,100,True,0,1,1,0,False,False,False
75225,100,100,True,0,1,1,0,False,False,False
75285,100,100,True,0,0,1,0,False,False,False
75345,100,100,True,0,0,1,0,False,False,False
75405,100,100,True,0,0,1,0,False,False,False
75465,100,100,True,0,0,1,0,False,False,False
75525,100,100,True,0,0,1,0,False,False,False
78045,100,100,False,0,0,0,0,False,False,False
78105,100,100,False,0,0,0,0,False,False,False
78165,100,100,False,0,0,0,0,False,False,False
78225,100,100,False,0,0,0,0,False,False,False
78285,100,100,False,0,0,0,0,False,False,False
78345,100,100,False,0,0,0,0,False,False,False
78405,100,100,False,0,0,0,0,False,False,False
78465,100,100,False,0,0,0,0,False,False,False
78525,100,100,False,0,0,0,0,False,False,False
78585,100,100,False,0,0,0,0,False,False,False
78645,100,100,False,0,0,0,0,False,False,False
78705,100,100,False,0,0,0,0,False,False,False
78765,100,100,False,0,0,0,0,False,False,False
78825,100,100,False,0,0,0,0,False,False,False
78885,100,100,False,0,0,0,0,False,False,False
78945,100,100,False,0,0,0,0,False,False,False
85425,100,100,True,0,0,0,0,False,False,False
85485,100,100,True,0,0,0,0,False,False,False
85545,100,100,True,0,0,0,0,False,False,False
85605,100,100,True,0,0,0,0,False,False,False
85665,100,100,True,0,0,0,0,False,False,False
85725,100,100,True,0,0,0,0,False,False,False
85785,100,100,True,0,0,0,0,False,False,False
85845,100,100,True,0,0,0,0,False,False,False
85905,100,100,True,0,0,0,0,False,False,False
85965,100,100,True,0,0,0,0,False,False,False
86025,100,100,True,0,0,0,0,False,False,False
86085,100,100,True,0,0,0,0,False,False,False
86145,100,100,True,0,0,0,0,False,False,False
86205,100,100,True,0,0,0,0,False,False,False
86265,100,100,True,0,0,0,0,False,False,False
86325,100,100,True,0,0,0,0,False,False,False
86385,100,100,True,0,0,0,0,False,False,False
86445,100,100,True,0,0,0,0,False,False,False
86505,100,100,True,0,0,0,0,False,False,False
86565,100,100,True,0,0,0,0,False,False,False
86625,100,100,True,0,0,0,0,False,False,False
86685,100,100,True,0,0,0,0,False,False,False
86745,100,100,True,0,0,0,0,False,False,False
86805,100,100,True,0,0,0,0,False,False,False
86865,100,100,True,0,0,0,0,False,False,False
86925,100,100,True,0,0,0,0,False,False,False
86985,100,100,True,0,0,0,0,False,False,False
87045,100,100,True,0,0,0,0,False,False,False
87105,100,100,True,0,0,0,0,False,False,False
87165,100,100,True,0,0,0,0,False,False,False
87225,100,100,True,0,0,0,0,False,False,False
87285,100,100,True,0,0,0,0,False,False,False
87345,100,100,True,0,0,0,0,False,False,False
87405,100,100,True,0,0,0,0,False,False,False
87465,64,77,True,0,0,0,0,False,False,False
87525,64,77,True,0,0,0,0,False,False,False
87585,64,77,True,0,0,0,0,False,False,False
87645,64,77,True,0,0,0,0,False,False,False
87705,64,77,True,0,0,0,0,False,False,False
87765,64,77,True,0,0,0,0,False,False,False
87825,64,77,True,0,0,0,0,False,False,False
87885,64,77,True,0,0,0,0,False,False,False
87945,64,77,True,0,0,0,0,False,False,False
88005,64,77,True,0,0,0,0,False,False,False
88065,64,77,True,0,0,0,0,False,False,False
88125,64,77,True,0,0,0,0,False,False,False
90885,100,100,True,0,1,0,0,False,False,False
90945,100,100,True,0,1,0,0,False,False,False
91005,100,100,True,0,1,0,0,False,False,False
91065,100,100,True,0,1,0,0,False,False,False
91125,100,100,True,0,1,0,0,False,False,False
91185,100,100,True,0,1,0,0,False,False,False
91245,100,100,True,0,1,0,0,False,False,False
91305,100,100,True,0,1,0,0,False,False,False
91365,100,100,True,0,1,0,0,False,False,False
91425,100,100,True,0,1,0,0,False,False,False
91485,100,100,True,0,1,0,0,False,False,False
91545,100,100,True,0,1,0,0,False,False,False
91605,100,100,True,0,1,0,0,False,False,False
91665,100,100,True,0,1,0,0,False,False,False
91725,100,100,True,0,1,0,0,False,False,False
91785,100,100,True,0,1,0,0,False,False,False
91845,100,100,True,0,1,0,0,False,False,False
91905,100,100,True,0,1,0,0,False,False,False
96405,100,100,False,0,0,0,0,False,False,False
96465,100,100,False,0,0,0,0,False,False,False
96525,100,100,False,0,0,0,0,False,False,False
96585,100,100,False,0,0,0,0,False,False,False
96645,100,100,False,0,0,0,0,False,False,False
96705,100,100,False,0,0,0,0,False,False,False
96765,100,100,False,0,0,0,0,False,False,False
96825,100,100,False,0,0,0,0,False,False,False
96885,100,100,False,0,0,0,0,False,False,False
96945,100,100,False,0,0,0,0,False,False,False
97005,100,100,False,0,0,0,0,False,False,False
97065,100,100,False,0,0,0,0,False,False,False
97125,100,100,False,0,0,0,0,False,False,False
97185,100,100,False,0,0,0,0,False,False,False
97245,100,100,False,0,0,0,0,False,False,False
97305,100,100,False,0,0,0,0,False,False,False
97365,100,100,False,0,0,0,0,False,False,False
97425,100,100,False,0,0,0,0,False,False,False
97485,100,100,False,0,0,0,0,False,False,False
97545,100,100,False,0,0,0,0,False,False,False
97605,100,100,False,0,0,0,0,False,False,False
97665,100,100,False,0,0,0,0,False,False,False
97725,100,100,False,0,0,0,0,False,False,False
97785,100,100,False,0,0,0,0,False,False,False
97845,100,100,False,0,0,0,0,False,False,False
97905,100,100,False,0,0,0,0,False,False,False
97965,100,100,False,0,0,0,0,False,False,False
98025,100,100,False,0,0,0,0,False,False,False
98085,100,100,False,0,0,0,0,False,False,False
98145,100,100,False,0,0,0,0,False,False,False
98205,100,100,False,0,0,0,0,False,False,False
98265,100,100,False,0,0,0,0,False,False,False
98325,100,100,False,0,0,0,0,False,False,False
98385,100,100,False,0,0,0,0,False,False,False
98445,56,94,False,0,0,0,0,False,False,False
101085,100,100,True,0,0,0,0,False,False,False
101145,100,100,True,0,0,0,0,False,False,False
101205,100,100,True,0,0,0,0,False,False,False
101265,100,100,True,0,0,0,0,False,False,False
101325,100,100,True,0,0,0,0,False,False,False
101385,100,100,True,0,0,0,0,False,False,False
101445,100,100,True,0,0,0,0,False,False,False
101505,100,100,True,0,0,0,0,False,False,False
101565,100,100,True,0,0,0,0,False,False,False
101625,100,100,True,0,0,0,0,False,False,False
101685,100,100,True,0,0,0,0,False,False,False
101745,100,100,True,0,0,0,0,False,False,False
101805,100,100,True,0,0,0,0,False,False,False
101865,100,100,True,0,0,0,0,False,False,False
101925,100,100,True,0,0,0,0,False,False,False
101985,100,100,True,0,0,0,0,False,False,False
102045,100,100,True,0,0,0,0,False,False,False
102105,100,100,True,0,0,0,0,False,False,False
102165,100,100,True,0,0,0,0,False,False,False
102225,100,100,True,0,0,0,0,False,False,False
102285,100,100,True,0,0,0,0,False,False,False
102345,100,100,True,0,0,0,0,False,False,False
102405,100,100,True,0,0,0,0,False,False,False
102465,100,100,True,0,0,0,0,False,False,False
102525,100,100,True,0,0,0,0,False,False,False
102585,100,100,True,0,0,0,0,False,False,False
102645,100,100,True,0,0,0,0,False,False,False
102705,100,100,True,0,0,0,0,False,False,False
102765,100,100,True,0,0,0,0,False,False,False
102825,100,100,True,0,0,0,0,False,False,False
102885,100,100,True,0,0,0,0,False,False,False
102945,100,100,True,0,0,0,0,False,False,False
103005,100,100,True,0,0,0,0,False,False,False
103065,100,100,True,0,0,0,0,False,False,False
103125,100,100,True,0,0,0,0,False,False,False
103185,100,100,True,0,0,0,0,False,False,False
103245,100,100,True,0,0,0,0,False,False,False
103305,100,100,True,0,0,0,0,False,False,False
103365,74,97,True,0,0,0,0,False,False,False
109185,100,100,True,1,0,0,1,False,False,False
109245,100,100,True,0,0,0,1,False,False,False
109305,100,100,True,0,0,0,1,False,False,False
109365,100,100,True,0,0,0,1,False,False,False
109425,100,100,True,0,0,0,1,False,False,False
109485,100,100,True,0,0,0,1,False,False,False
109545,100,100,True,0,0,0,1,False,False,False
109605,100,100,True,0,0,0,1,False,False,False
109665,100,100,True,0,0,0,1,False,False,False
109725,100,100,True,0,0,0,1,False,False,False
109785,100,100,True,0,0,0,1,False,False,False
109845,100,100,True,0,0,0,1,False,False,False
109905,100,100,True,0,0,0,1,False,False,False
109965,100,100,True,0,0,0,1,False,False,False
110025,100,100,True,0,0,0,1,False,False,False
110085,100,100,True,0,0,0,1,False,False,False
110145,100,100,True,0,0,0,1,False,False,False
110205,100,100,True,0,0,0,1,False,False,False
110265,100,100,True,0,0,0,1,False,False,False
110325,100,100,True,0,0,0,1,False,False,False
110385,100,100,True,0,0,0,1,False,False,False
110445,100,100,True,0,0,0,1,False,False,False
110505,100,100,True,0,0,0,1,False,False,False
110565,100,100,True,0,0,0,1,False,False,False
110625,100,100,True,0,0,0,1,False,False,False
110685,100,100,True,0,0,0,1,False,False,False
110745,100,100,True,0,0,0,1,False,False,False
110805,100,100,True,0,0,0,1,False,False,False
110865,72,97,True,0,0,0,1,False,False,False
110925,72,97,True,0,0,0,1,False,False,False
110985,72,97,True,0,0,0,1,False,False,False
111045,72,97,True,0,0,0,0,False,False,False
111105,72,97,True,0,0,0,0,False,False,False
111165,72,97,True,0,0,0,0,False,False,False
111225,72,97,True,0,0,0,0,False,False,False
111285,72,97,True,0,0,0,0,False,False,False
111345,72,97,True,0,0,0,0,False,False,False
111405,72,97,True,0,0,0,0,False,False,False
111465,72,97,True,0,0,0,0,False,False,False
111525,72,97,True,0,0,0,0,False,False,False
111585,72,97,True,0,0,0,0,False,False,False
111645,72,97,True,0,0,0,0,False,False,False
111705,72,97,True,0,0,0,0,False,False,False
111765,72,97,True,0,0,0,0,False,False,False
111825,72,97,True,0,0,0,0,False,False,False
111885,72,97,True,0,0,0,0,False,False,False
111945,72,97,True,0,0,0,0,False,False,False
112005,72,97,True,0,0,0,0,False,False,False
112065,72,97,True,0,0,0,0,False,False,False
112125,72,97,True,0,0,0,0,False,False,False
112185,72,97,True,0,0,0,1,False,False,False
112245,72,97,True,0,0,0,1,False,False,False
112305,72,97,True,0,0,0,1,False,False,False
112365,72,97,True,0,0,0,1,False,False,False
112425,72,97,True,0,0,0,1,False,False,False
112485,72,97,True,0,0,0,0,False,False,False
112545,72,97,True,0,0,0,0,False,False,False
112605,45,94,True,0,0,0,0,False,False,False
112665,45,94,True,0,0,0,0,False,False,False
115305,100,100,True,1,1,1,1,True,False,False
115365,100,100,True,1,1,1,1,True,False,False
115425,100,100,True,1,1,1,1,True,False,False
115485,100,100,True,1,1,1,1,True,False,False
115545,100,100,True,1,1,1,1,True,False,False
115605,100,100,True,1,1,1,1,True,False,False
115665,100,100,True,1,1,1,1,True,False,False
115725,100,100,True,1,1,1,1,True,False,False
115785,100,100,True,1,1,1,1,True,False,False
115845,100,100,True,1,1,1,1,True,False,False
115905,100,100,True,1,1,1,1,True,False,False
115965,100,100,True,1,1,1,1,True,False,False
116025,100,100,True,1,1,1,1,True,False,False
116085,100,100,True,1,1,1,1,True,False,False
116145,100,100,True,1,1,1,1,True,False,False
116205,100,100,True,1,1,1,1,True,False,False
116265,100,100,True,1,1,1,1,True,False,False
116325,100,100,True,1,1,1,1,True,False,False
116385,100,100,True,1,1,1,1,True,False,False
116445,100,100,True,1,1,1,1,True,False,False
116505,100,100,True,1,1,1,1,True,False,False
116565,100,100,True,1,1,1,1,True,False,False
116625,100,100,True,1,1,1,1,True,False,False
116685,100,100,True,1,1,1,1,True,False,False
116745,100,100,True,1,1,1,1,True,False,False
116805,100,100,True,1,1,1,1,True,False,False
116865,100,100,True,1,1,1,1,True,False,False
116925,100,100,True,1,1,1,1,True,False,False
116985,100,100,True,1,1,1,1,True,False,False
117045,100,100,True,1,1,1,1,True,False,False
117105,100,100,True,1,1,1,1,True,False,False
117165,100,100,True,1,1,1,1,True,False,False
117225,100,100,True,1,1,1,1,True,False,False
117285,100,100,True,1,1,1,1,True,False,False
117345,92,100,True,1,1,1,1,True,False,False
117405,92,100,True,1,1,1,1,True,False,False
117465,92,100,True,1,1,1,1,True,False,False
117525,92,100,True,1,1,1,1,True,False,False
117585,92,100,True,1,1,1,1,True,False,False
117645,92,100,True,1,1,1,1,True,False,False
118965,100,100,True,1,1,1,1,True,False,False
119025,100,100,True,1,1,1,1,True,False,False
119085,100,100,True,1,1,1,1,True,False,False
119145,100,100,True,1,1,1,1,True,False,False
119205,100,100,True,1,1,1,1,True,False,False
119265,100,100,True,1,1,1,1,True,False,False
119325,100,100,True,1,1,1,1,True,False,False
119385,100,100,True,1,1,1,1,True,False,False
119445,100,100,True,1,1,1,1,True,False,False
119505,100,100,True,1,1,1,1,True,False,False
119565,100,100,True,1,1,1,1,True,False,False
119625,100,100,True,1,1,1,1,True,False,False
119685,100,100,True,1,1,1,1,True,False,False
119745,100,100,True,1,1,1,1,True,False,False
119805,100,100,True,1,1,1,1,True,False,False
119865,100,100,True,1,1,1,1,True,False,False
119925,100,100,True,1,1,1,1,True,False,False
119985,100,100,True,1,1,1,1,True,False,False
120045,100,100,True,1,1,1,1,True,False,False
120105,100,100,True,1,1,1,1,True,False,False
120165,100,100,True,1,1,1,1,True,False,False
120225,100,100,True,1,1,1,1,True,False,False
120285,100,100,True,1,1,1,1,True,False,False
120345,100,100,True,1,1,1,1,True,False,False
120405,100,100,True,1,1,1,1,True,False,False
120465,100,100,True,1,1,1,0,True,False,False
120525,100,100,True,1,1,1,0,True,False,False
120585,100,100,True,1,1,1,0,True,False,False
120645,100,100,True,1,1,1,0,True,False,False
120705,100,100,True,1,1,0,0,True,False,False
120765,100,100,True,1,1,0,0,True,False,False
120825,100,100,True,1,0,0,0,True,False,False
120885,100,100,True,1,0,0,0,True,False,False
120945,100,100,True,1,0,0,0,True,False,False
121005,100,100,True,1,0,0,0,True,False,False
121065,100,100,True,1,0,0,0,True,False,False
121125,100,100,True,1,0,0,0,True,False,False
121185,100,100,True,1,0,0,0,True,False,False
121245,100,100,True,1,0,0,0,True,False,False
121305,100,100,True,1,0,0,0,True,False,False
121365,100,100,True,1,0,0,0,True,False,False
121425,100,100,True,1,0,0,0,True,False,False
121485,100,100,True,1,0,0,0,True,False,False
121545,100,100,True,1,0,0,0,True,False,False
121605,100,100,True,1,0,0,0,True,False,False
121665,100,100,True,1,0,0,0,True,False,False
121725,100,100,True,1,0,0,0,True,False,False
121785,100,100,True,1,0,0,0,True,False,False
121845,100,100,True,1,0,0,0,True,False,False
121905,100,100,True,1,0,0,0,True,False,False
124005,100,100,True,0,1,1,1,True,False,False
124065,100,100,True,0,1,1,1,True,False,False
124125,100,100,True,0,1,1,1,True,False,False
124185,100,100,True,0,1,1,1,True,False,False
124245,100,100,True,0,1,1,1,True,False,False
124305,100,100,True,0,1,1,1,True,False,False
124365,100,100,True,0,0,1,1,True,False,False
124425,100,100,True,0,0,1,1,True,False,False
124485,100,100,True,0,0,1,1,True,False,False
124545,100,100,True,0,0,1,1,True,False,False
124605,100,100,True,0,0,1,1,True,False,False
124665,100,100,True,0,0,1,0,True,False,False
124725,100,100,True,0,0,1,0,True,False,False
124785,100,100,True,0,0,1,0,True,False,False
124845,100,100,True,0,1,1,0,True,False,False
124905,100,100,True,0,1,1,0,True,False,False
124965,100,100,True,0,1,1,0,True,False,False
125025,100,100,True,0,1,1,0,True,False,False
125085,100,100,True,0,1,1,0,True,False,False
125145,100,100,True,0,1,1,0,True,False,False
125205,100,100,True,0,1,1,0,True,False,False
125265,100,100,True,0,1,1,0,True,False,False
125325,100,100,True,0,1,1,0,True,False,False
125385,100,100,True,0,1,1,0,True,False,False
125445,100,100,True,0,1,1,0,True,False,False
125505,100,100,True,0,1,1,0,True,False,False
125565,100,100,True,0,1,1,0,True,False,False
125625,100,100,True,0,1,1,0,True,False,False
125685,100,100,True,0,1,1,0,True,False,False
125745,100,100,True,0,1,1,0,True,False,False
125805,100,100,True,0,1,1,0,True,False,False
125865,100,100,True,0,1,0,0,True,False,False
125925,100,100,True,0,1,1,0,True,False,False
125985,100,100,True,0,1,1,0,True,False,False
126045,100,100,True,0,1,1,0,True,False,False
126105,100,100,True,0,1,0,0,True,False,False
126165,100,100,True,0,1,0,0,True,False,False
126225,100,100,True,0,1,0,0,True,False,False
126285,100,100,True,0,1,0,0,True,False,False
126345,100,100,True,0,1,0,0,True,False,False
126405,100,100,True,0,1,0,0,True,False,False
126465,100,100,True,0,1,0,0,True,False,False
126525,100,100,True,0,1,0,0,True,False,False
126585,100,100,True,0,1,0,0,True,False,False
126645,100,100,True,0,1,0,0,True,False,False
126705,100,100,True,0,1,0,0,True,False,False
126765,100,100,True,0,1,0,0,True,False,False
126825,100,100,True,0,1,0,0,True,False,False
126885,100,100,True,0,1,0,0,True,False,False
126945,100,100,True,0,1,0,0,True,False,False
127005,100,100,True,0,1,0,0,True,False,False
127065,100,100,True,0,1,0,0,True,False,False
127125,100,100,True,0,1,0,0,True,False,False
127185,100,100,True,0,1,0,0,True,False,False
127245,100,100,True,0,1,0,0,True,False,False
127305,100,100,True,0,1,0,0,True,False,False
127365,100,100,True,0,1,0,0,True,False,False
127425,100,100,True,0,1,0,0,True,False,False
127485,100,100,True,0,1,0,0,True,False,False
127545,100,100,True,0,1,0,0,True,False,False
127605,100,100,True,0,1,0,0,True,False,False
127665,100,100,True,0,1,0,0,True,False,False
127725,100,100,True,0,1,0,0,True,False,False
127785,100,100,True,0,1,0,0,True,False,False
127845,100,100,True,0,1,0,0,True,False,False
127905,100,100,True,0,1,0,0,True,False,False
127965,100,100,True,0,1,0,0,True,False,False
128025,100,100,True,0,1,0,0,True,False,False
128085,100,100,True,0,0,0,0,True,False,False
128145,100,100,True,0,0,0,0,True,False,False
128205,100,100,True,0,0,0,0,True,False,False
128265,100,100,True,0,0,0,0,True,False,False
128325,100,100,True,0,0,0,0,True,False,False
128385,100,100,True,0,0,0,0,True,False,False
128445,100,100,True,0,0,0,0,True,False,False
128505,100,100,True,0,0,0,0,True,False,False
128565,100,100,True,0,0,0,0,True,False,False
128625,100,100,True,0,0,0,0,True,False,False
128685,100,100,True,0,0,0,0,True,False,False
128745,100,100,True,0,0,0,0,True,False,False
128805,100,100,True,0,0,0,0,True,False,False
128865,100,100,True,0,0,0,0,True,False,False
128925,100,100,True,0,0,0,0,True,False,False
128985,100,100,True,0,0,0,0,True,False,False
129045,100,100,True,0,0,0,0,True,False,False
129105,100,100,True,0,0,0,0,True,False,False
129165,100,100,True,0,0,0,0,True,False,False
129225,100,100,True,0,0,0,0,True,False,False
129285,100,100,True,0,0,0,0,True,False,False
129345,100,100,True,0,0,0,0,True,False,False
129405,100,100,True,0,0,0,0,True,False,False
129465,100,100,True,0,0,0,0,True,False,False
129525,100,100,True,0,0,0,0,True,False,False
129585,100,100,True,0,0,0,0,True,False,False
134505,100,0,False,1,1,0,0,False,False,False
134565,100,0,False,1,1,0,0,False,False,False
134625,100,0,False,1,1,0,0,False,False,False
134685,100,0,False,1,1,0,0,False,False,False
134745,100,0,False,1,1,0,0,False,False,False
134805,100,0,False,1,1,0,0,False,False,False
134865,100,0,False,1,1,0,0,False,False,False
134925,100,0,False,1,1,0,0,False,False,False
134985,100,0,False,1,1,0,0,False,False,False
135045,100,0,False,1,1,0,0,False,False,False
135105,100,0,False,1,1,0,0,False,False,False
135165,100,0,False,1,1,0,0,False,False,False
135225,100,0,False,1,1,0,0,False,False,False
135285,100,0,False,1,1,0,0,False,False,False
135345,100,0,False,1,1,0,0,False,False,False
135405,100,0,False,1,1,0,0,False,False,False
135465,100,0,False,1,1,0,0,False,False,False
135525,100,0,False,1,1,0,0,False,False,False
135585,100,0,False,1,1,0,0,False,False,False
135645,100,0,False,1,1,0,0,False,False,False
135705,100,0,False,1,1,0,0,False,False,False
135765,100,0,False,1,1,0,0,False,False,False
135825,100,0,False,1,1,0,0,False,False,False
135885,100,0,False,1,1,0,0,False,False,False
135945,100,0,False,1,1,0,0,False,False,False
136005,100,0,False,1,1,0,0,False,False,False
136065,100,0,False,1,1,0,0,False,False,False
136125,100,0,False,1,1,0,0,False,False,False
136185,100,0,False,1,1,0,0,False,False,False
136245,100,0,False,1,1,0,0,False,False,False
136305,100,0,False,1,1,0,0,False,False,False
136365,100,0,False,1,1,0,0,False,False,False
136425,100,0,False,1,1,0,0,False,False,False
136485,100,0,False,1,1,0,0,False,False,False
136545,100,0,False,1,1,0,0,False,False,False
136605,100,0,False,1,1,0,0,False,False,False
136665,100,0,False,1,1,0,0,False,False,False
136725,100,0,False,1,1,0,0,False,False,False
136785,100,0,False,1,1,0,0,False,False,False
136845,100,0,False,1,1,0,0,False,False,False
136905,100,0,False,1,1,0,0,False,False,False
136965,100,0,False,1,1,0,0,False,False,False
137025,100,0,False,1,1,0,0,False,False,False
137085,100,0,False,1,1,0,0,False,False,False
137145,100,0,False,1,1,0,0,False,False,False
137205,100,0,False,1,1,0,0,False,False,False
137265,100,0,False,1,1,0,0,False,False,False
137325,100,0,False,1,1,0,0,False,False,False
137385,100,0,False,1,1,0,0,False,False,False
137445,100,0,False,1,1,0,0,False,False,False
137505,100,0,False,1,1,0,0,False,False,False
137565,100,0,False,1,1,0,0,False,False,False
137625,100,0,False,1,1,0,0,False,False,False
137685,100,0,False,1,1,0,0,False,False,False
139485,100,100,True,1,1,1,1,True,False,False
139545,100,100,True,1,1,1,1,True,False,False
139605,100,100,True,1,1,1,1,True,False,False
139665,100,100,True,1,1,1,1,True,False,False
139725,100,100,True,1,1,1,1,True,False,False
139785,100,100,True,1,1,1,1,True,False,False
139845,100,100,True,1,1,1,1,True,False,False
139905,100,100,True,1,1,1,1,True,False,False
139965,100,100,True,1,1,1,1,True,False,False
140025,100,100,True,1,1,1,1,True,False,False
140085,100,100,True,1,1,1,1,True,False,False
140145,100,100,True,1,1,1,1,True,False,False
140205,100,100,True,1,1,1,1,True,False,False
140265,100,100,True,1,1,1,1,True,False,False
140325,100,100,True,1,1,1,1,True,False,False
140385,100,100,True,1,1,1,1,True,False,False
140445,100,100,True,1,1,1,1,True,False,False
140505,100,100,True,1,1,1,1,True,False,False
140565,100,100,True,1,1,1,1,True,False,False
140625,100,100,True,1,1,1,1,True,False,False
140685,100,100,True,1,1,1,1,True,False,False
140745,100,100,True,1,1,1,1,True,False,False
140805,100,100,True,1,1,1,1,True,False,False
140865,100,100,True,1,1,1,1,True,False,False
140925,100,100,True,1,1,1,1,True,False,False
140985,100,100,True,1,1,1,1,True,False,False
141045,100,100,True,1,1,1,1,True,False,False
141105,100,100,True,1,1,1,1,True,False,False
141165,100,100,True,1,1,1,1,True,False,False
141225,89,94,True,1,1,1,1,True,False,False
141285,77,88,True,1,1,1,1,True,False,False
141345,65,82,True,1,1,1,1,True,False,False
141405,65,82,True,1,1,1,1,True,False,False
141465,65,82,True,1,1,1,1,True,False,False
141525,18,56,True,1,1,1,1,True,False,False
141585,18,56,True,1,1,1,1,True,False,False
141645,18,56,True,1,1,1,1,True,False,False
141705,18,56,True,1,1,1,1,True,False,False
141765,18,56,True,1,1,1,1,True,False,False
141825,18,56,True,1,1,1,1,True,False,False
141885,18,56,True,1,1,1,1,True,False,False
141945,18,56,True,1,1,1,1,True,False,False
143325,100,56,True,1,1,1,1,True,False,False
143385,100,56,True,1,1,1,1,True,False,False
143445,100,56,True,1,1,1,1,True,False,False
143505,100,56,True,1,1,1,1,True,False,False
143565,100,56,True,1,1,1,1,True,False,False
143625,100,56,True,1,1,1,1,True,False,False
143685,100,56,True,1,1,1,1,True,False,False
143745,100,56,True,1,1,1,1,True,False,False
143805,100,56,True,1,1,1,1,True,False,False
143865,100,56,True,1,1,1,1,True,False,False
143925,100,56,True,1,1,1,1,True,False,False
143985,100,56,True,1,1,1,1,True,False,False
144045,100,56,True,1,1,1,1,True,False,False
144105,100,56,True,1,1,1,1,True,False,False
144165,100,56,True,1,1,1,1,True,False,False
144225,100,56,True,1,1,1,1,True,False,False
144285,100,56,True,1,1,1,1,True,False,False
144345,100,56,True,1,1,1,1,True,False,False
144405,100,56,True,1,1,1,1,True,False,False
144465,100,56,True,1,1,1,1,True,False,False
144525,100,56,True,1,1,1,1,True,False,False
144585,100,56,True,1,1,0,1,True,False,False
144645,100,56,True,1,1,0,1,True,False,False
144705,100,56,True,1,1,0,1,True,False,False
144765,100,56,True,1,1,0,1,True,False,False
144825,100,56,True,0,1,0,1,True,False,False
144885,100,56,True,0,1,0,1,True,False,False
144945,100,56,True,0,1,0,1,True,False,False
145005,100,56,True,0,1,0,1,True,False,False
145065,100,56,True,0,1,0,1,True,False,False
145125,100,56,True,0,1,0,1,True,False,False
145185,100,56,True,0,1,0,1,True,False,False
145245,100,56,True,0,1,0,1,True,False,False
145305,100,56,True,0,1,0,1,True,False,False
145365,100,56,True,0,1,0,1,True,False,False
145425,100,56,True,0,1,0,1,True,False,False
145485,100,56,True,0,1,0,1,True,False,False
145545,100,56,True,0,1,0,0,True,False,False
145605,100,56,True,0,1,0,0,True,False,False
145665,100,56,True,0,1,0,0,True,False,False
145725,100,56,True,0,1,0,0,True,False,False
145785,100,56,True,0,1,0,0,True,False,False
145845,100,56,True,0,1,0,0,True,False,False
145905,100,56,True,0,1,0,0,True,False,False
145965,100,56,True,0,1,0,0,True,False,False
146025,100,56,True,0,1,0,0,True,False,False
146085,100,56,True,0,1,0,0,True,False,False
146145,100,56,True,0,0,0,0,True,False,False
146205,100,56,True,0,0,0,0,True,False,False
146265,100,56,True,0,0,0,0,True,False,False
146325,100,56,True,0,0,0,0,True,False,False
146385,100,56,True,0,0,0,0,True,False,False
146445,100,56,True,0,0,0,0,True,False,False
146505,100,56,True,0,0,0,0,True,False,False
146565,100,56,True,0,0,0,0,True,False,False
146625,100,56,True,0,0,0,0,True,False,False
146685,100,56,True,0,0,0,0,True,False,False
146745,100,56,True,0,0,0,0,True,False,False
146805,100,56,True,0,0,0,0,True,False,False
146865,100,56,True,0,0,0,0,True,False,False
146925,100,56,True,0,0,0,0,True,False,False
146985,100,56,True,0,0,0,0,True,False,False
147045,100,56,True,0,0,0,0,True,False,False
147105,100,56,True,0,0,0,0,True,False,False
150525,100,100,False,1,0,0,0,False,False,False
150585,100,100,False,1,0,0,0,False,False,False
150645,100,100,False,1,0,0,0,False,False,False
150705,100,100,False,1,0,0,0,False,False,False
150765,100,100,False,1,0,0,0,False,False,False
150825,100,100,False,1,0,0,0,False,False,False
150885,100,100,False,1,0,0,0,False,False,False
150945,100,100,False,1,0,0,0,False,False,False
151005,100,100,False,1,0,0,0,False,False,False
151065,100,100,False,1,0,0,0,False,False,False
151125,95,100,False,1,0,0,0,False,False,False
151185,71,100,False,1,0,0,0,False,False,False
151245,40,100,False,1,0,0,0,False,False,False
151305,40,100,False,1,0,0,0,False,False,False
151365,40,100,False,1,0,0,0,False,False,False
151425,40,100,False,1,0,0,0,False,False,False
151485,40,100,False,1,0,0,0,False,False,False
151545,40,100,False,1,0,0,0,False,False,False
151605,40,100,False,1,0,1,0,False,False,False
151665,40,100,False,1,0,1,0,False,False,False
151725,40,100,False,1,0,1,0,False,False,False
151785,40,100,False,1,0,1,0,False,False,False
151845,40,100,False,1,0,1,0,False,False,False
151905,40,100,False,1,0,1,0,False,False,False
151965,40,100,False,1,0,1,0,False,False,False
152025,40,100,False,1,0,1,0,False,False,False
152085,40,100,False,1,0,1,0,False,False,False
152145,40,100,False,1,0,1,0,False,False,False
152205,40,100,False,1,0,1,0,False,False,False
152265,40,100,False,1,0,1,0,False,False,False
152325,40,100,False,1,0,1,0,False,False,False
152385,40,100,False,1,0,1,0,False,False,False
152445,40,100,False,1,0,1,0,False,False,False
152505,40,100,False,1,0,1,0,False,False,False
152565,40,100,False,1,0,1,0,False,False,False
152625,40,100,False,1,0,1,0,False,False,False
152685,40,100,False,1,0,1,0,False,False,False
152745,40,100,False,1,0,1,0,False,False,False
152805,40,100,False,1,0,1,0,False,False,False
152865,40,100,False,1,0,1,0,False,False,False
152925,40,100,False,1,0,1,0,False,False,False
152985,40,100,False,1,0,1,0,False,False,False
153045,40,100,False,1,0,1,0,False,False,False
153105,40,100,False,1,0,1,0,False,False,False
153165,40,100,False,1,0,1,0,False,False,False
153225,40,100,False,1,0,1,0,False,False,False
153285,40,100,False,1,0,1,0,False,False,False
153345,40,100,False,1,0,1,0,False,False,False
153405,40,100,False,1,0,1,0,False,False,False
153465,40,100,False,1,0,1,0,True,False,False
153525,40,100,False,1,0,1,0,True,False,False
153585,40,100,False,1,0,1,0,True,False,False
153645,40,100,False,1,0,0,0,True,False,False
153705,40,100,False,1,0,0,0,True,False,False
153765,40,100,False,1,0,0,0,True,False,False
153825,40,100,False,1,0,0,0,True,False,False
153885,40,100,False,1,0,0,0,True,False,False
153945,40,100,False,1,0,0,0,True,False,False
154005,40,100,False,1,0,0,0,True,False,False
154065,40,100,False,1,0,0,0,True,False,False
154125,40,100,False,1,0,0,0,True,False,False
154185,40,100,False,1,0,0,0,True,False,False
154245,40,100,False,1,0,0,0,True,False,False
154305,40,100,False,1,0,0,0,True,False,False
154365,40,100,False,1,0,0,0,True,False,False
154425,40,100,False,1,0,0,0,True,False,False
157545,100,100,True,1,1,1,1,True,False,False
157605,100,100,True,0,1,1,1,True,False,False
157665,100,100,True,0,1,1,1,True,False,False
157725,100,100,True,0,1,1,1,True,False,False
157785,100,100,True,0,1,1,1,True,False,False
157845,100,100,True,0,1,1,1,True,False,False
157905,100,100,True,0,1,1,1,True,False,False
157965,100,100,True,0,1,1,1,True,False,False
158025,100,100,True,0,1,1,1,True,False,False
158085,100,100,True,0,1,1,1,True,False,False
158145,100,100,True,0,1,1,1,True,False,False
166185,100,100,True,0,1,1,1,True,False,False
166245,100,100,True,0,1,1,1,True,False,False
166305,100,100,True,0,1,0,1,True,False,False
166365,100,100,True,0,1,0,1,True,False,False
166425,100,100,True,0,1,0,1,True,False,False
166485,100,100,True,0,1,0,1,True,False,False
166545,100,100,True,0,1,0,1,True,False,False
166605,100,100,True,0,1,0,1,True,False,False
166665,100,100,True,0,1,0,1,True,False,False
166725,100,100,True,0,1,0,1,True,False,False
166785,100,100,True,0,1,0,1,True,False,False
166845,100,100,True,0,1,0,1,True,False,False
166905,100,100,True,0,1,0,1,True,False,False
166965,100,100,True,0,1,0,1,True,False,False
167025,100,100,True,0,1,0,1,True,False,False
167085,100,100,True,0,1,0,1,True,False,False
167145,100,100,True,0,1,0,1,True,False,False
167205,100,100,True,0,1,0,1,True,False,False
167265,100,100,True,0,1,0,1,True,False,False
167325,100,100,True,0,1,0,1,True,False,False
167385,100,100,True,0,1,0,0,True,False,False
167445,100,100,True,0,1,0,0,True,False,False
167505,100,100,True,0,1,0,0,True,False,False
167565,100,100,True,0,1,0,0,True,False,False
167625,100,100,True,0,1,0,0,True,False,False
167685,100,100,True,0,1,0,0,True,False,False
167745,100,100,True,0,0,0,0,True,False,False
167805,100,100,True,0,0,0,0,True,False,False
167865,100,100,True,0,0,0,0,True,False,False
167925,100,100,True,0,0,0,0,True,False,False
167985,100,100,True,0,0,0,0,True,False,False
168045,100,100,True,0,0,0,0,True,False,False
168105,100,100,True,0,0,0,0,True,False,False
168165,100,100,True,0,0,0,0,True,False,False
168225,100,100,True,0,0,0,0,True,False,False
168285,100,100,True,0,0,0,0,True,False,False
168345,100,100,True,0,0,0,0,True,False,False
168405,100,100,True,0,0,0,0,True,False,False
168465,100,100,True,0,0,0,0,True,False,False
168525,100,100,True,0,0,0,0,True,False,False
168585,100,100,True,0,0,0,0,True,False,False
168645,100,100,True,0,0,0,0,True,False,False
168705,100,100,True,0,0,0,0,True,False,False
168765,100,100,True,0,0,0,0,True,False,False
168825,100,100,True,0,0,0,0,True,False,False
168885,100,100,True,0,0,0,0,True,False,False
168945,100,100,True,0,0,0,0,True,False,False
172425,100,100,True,1,1,1,1,False,False,False
172485,100,100,True,1,1,1,1,False,False,False
172545,100,100,True,1,1,1,1,False,False,False
172605,100,100,True,1,1,1,1,False,False,False
172665,100,100,True,1,1,1,1,False,False,False
172725,100,100,True,1,1,1,1,False,False,False
172785,100,100,True,1,1,1,1,False,False,False
172845,100,100,True,1,1,1,1,False,False,False
172905,100,100,True,1,1,1,1,False,False,False
172965,100,100,True,1,1,1,1,False,False,False
173025,100,100,True,1,1,1,1,False,False,False
173085,100,100,True,1,1,1,1,False,False,False
173145,100,100,True,1,1,1,1,False,False,False
173205,100,100,True,1,1,1,1,False,False,False
173265,100,100,True,1,1,1,1,False,False,False
173325,100,100,True,1,1,1,1,False,False,False
173385,100,100,True,1,1,1,1,False,False,False
173445,100,100,True,1,1,1,1,False,False,False
173505,100,100,True,1,1,1,1,False,False,False
173565,100,100,True,1,1,1,1,False,False,False
173625,100,100,True,1,1,1,1,False,False,False
173685,100,100,True,1,1,1,1,False,False,False
173745,100,100,True,1,1,1,1,False,False,False
173805,53,96,True,1,1,1,1,False,False,False
173865,53,96,True,1,1,1,1,False,False,False
173925,53,96,True,1,1,1,1,False,False,False
173985,53,96,True,1,1,1,1,False,False,False
174045,53,96,True,1,1,1,1,False,False,False
174105,53,96,True,1,1,1,1,False,False,False
174165,53,96,True,1,1,1,1,False,False,False
174225,53,96,True,1,1,1,1,False,False,False
174285,53,96,True,1,1,1,1,False,False,False
174345,53,96,True,1,1,1,1,False,False,False
174405,53,96,True,1,1,1,0,False,False,False
174465,53,96,True,1,1,1,0,False,False,False
174525,53,96,True,1,1,1,0,False,False,False
174585,53,96,True,1,1,1,0,False,False,False
174645,53,96,True,1,1,1,0,False,False,False
174705,53,96,True,1,1,1,0,False,False,False
174765,53,96,True,1,1,1,0,False,False,False
174825,53,96,True,1,1,1,0,False,False,False
174885,53,96,True,1,1,1,0,False,False,False
174945,53,96,True,1,1,1,0,False,False,False
175005,53,96,True,1,1,1,0,False,False,False
175065,53,96,True,1,1,1,0,False,False,False
175125,53,96,True,1,1,1,0,False,False,False
175185,53,96,True,1,1,1,0,False,False,False
175245,53,96,True,1,1,1,0,False,False,False
175305,53,96,True,1,1,1,0,False,False,False
176625,100,96,True,1,1,1,1,False,False,False
176685,100,96,True,1,1,1,1,False,False,False
176745,100,96,True,1,1,1,1,False,False,False
176805,100,96,True,1,1,1,1,False,False,False
176865,100,96,True,1,1,1,1,False,False,False
176925,100,96,True,1,1,1,1,False,False,False
176985,100,96,True,1,1,1,1,False,False,False
177045,100,96,True,1,1,1,1,False,False,False
177105,100,96,True,1,1,1,1,False,False,False
177165,100,96,True,1,1,1,1,False,False,False
177225,100,96,True,1,1,1,1,False,False,False
177285,100,96,True,1,1,1,1,False,False,False
177345,100,96,True,1,1,1,1,False,False,False
177405,100,96,True,1,1,1,1,False,False,False
177465,100,96,True,1,1,1,1,False,False,False
177525,100,96,True,1,1,1,1,False,False,False
177585,100,96,True,1,1,1,1,False,False,False
177645,100,96,True,1,1,1,1,False,False,False
177705,100,96,True,1,1,1,1,False,False,False
177765,100,96,True,1,1,1,1,False,False,False
177825,100,96,True,1,1,1,1,False,False,False
177885,100,96,True,1,1,1,1,False,False,False
177945,100,96,True,1,1,1,1,False,False,False
178005,100,96,True,1,1,1,1,False,False,False
178065,100,96,True,1,1,1,1,False,False,False
178125,100,96,True,0,1,1,1,False,False,False
178185,100,96,True,0,1,1,0,False,False,False
178245,100,96,True,0,1,1,0,False,False,False
178305,100,96,True,0,1,1,0,False,False,False
178365,100,96,True,0,1,1,0,False,False,False
178425,100,96,True,0,1,1,0,False,False,False
178485,100,96,True,0,1,1,0,False,False,False
178545,100,96,True,0,1,1,0,False,False,False
178605,100,96,True,0,1,1,0,False,False,False
178665,100,96,True,0,1,1,0,False,False,False
178725,100,96,True,0,1,1,0,False,False,False
178785,100,96,True,0,1,1,0,False,False,False
178845,100,96,True,0,1,1,0,False,False,False
178905,100,96,True,0,1,1,0,False,False,False
178965,100,96,True,0,1,1,0,False,False,False
179025,100,96,True,0,1,1,0,False,False,False
179085,100,96,True,0,1,1,0,False,False,False
179145,100,96,True,0,1,1,0,False,False,False
179205,100,96,True,0,1,1,0,False,False,False
179265,100,96,True,0,1,1,0,False,False,False
179325,100,96,True,0,1,1,0,False,False,False
179385,100,96,True,0,1,1,0,False,False,False
179445,100,96,True,0,1,1,0,False,False,False
179505,100,96,True,0,1,1,0,False,False,False
179565,100,96,True,0,1,1,0,False,False,False
179625,100,96,True,0,1,1,0,False,False,False
179685,100,96,True,0,1,1,0,False,False,False
179745,100,96,True,0,1,1,0,False,False,False
179805,100,96,True,0,1,1,0,False,False,False
179865,100,96,True,0,1,1,0,False,False,False
179925,100,96,True,0,1,1,0,False,False,False
179985,100,96,True,0,1,1,0,False,False,False
180045,100,96,True,0,1,1,0,False,False,False
180105,100,96,True,0,1,1,0,False,False,False
180165,100,96,True,0,1,1,0,False,False,False
180225,100,96,True,0,1,1,0,False,False,False
180285,100,96,True,0,1,1,0,False,False,False
180345,100,96,True,0,1,1,0,False,False,False
