0,1,2,3,4,5,6,7,8,9,10
10718,100.0,100.0,False,0,0,0,0,False,False,False
10778,100.0,100.0,False,0,0,0,0,False,False,False
10838,100.0,100.0,False,0,0,0,0,False,False,False
10898,100.0,100.0,False,0,0,0,0,False,False,False
10958,100.0,100.0,False,0,0,0,0,False,False,False
11018,100.0,100.0,False,0,0,0,0,False,False,False
11078,100.0,100.0,False,0,0,0,0,False,False,False
11138,100.0,100.0,False,0,0,0,0,False,False,False
11198,100.0,100.0,False,0,0,0,0,False,False,False
11258,100.0,100.0,False,0,0,0,0,False,False,False
11318,100.0,100.0,False,0,0,0,0,False,False,False
11378,100.0,100.0,False,0,0,0,0,False,False,False
11438,100.0,100.0,False,0,0,0,0,False,False,False
11498,100.0,100.0,False,0,0,0,0,False,False,False
11558,100.0,100.0,False,0,0,0,0,False,False,False
11618,100.0,100.0,False,0,0,0,0,False,False,False
11678,100.0,100.0,False,0,0,0,0,False,False,False
11738,100.0,100.0,False,0,0,0,0,False,False,False
11798,100.0,100.0,False,0,0,0,0,False,False,False
11858,100.0,100.0,False,0,0,0,0,False,False,False
11918,100.0,100.0,False,0,0,0,0,False,False,False
11978,100.0,100.0,False,0,0,0,0,False,False,False
12038,100.0,100.0,False,0,0,0,0,False,False,False
12098,100.0,100.0,False,0,0,0,0,False,False,False
12158,100.0,100.0,False,0,0,0,0,False,False,False
12218,100.0,100.0,False,0,0,0,0,False,False,False
12278,100.0,100.0,False,0,0,0,0,False,False,False
12338,100.0,100.0,False,0,0,0,0,False,False,False
12398,100.0,100.0,False,0,0,0,0,False,False,False
12458,100.0,100.0,False,0,0,0,0,False,False,False
12518,100.0,100.0,False,0,0,0,0,False,False,False
12578,100.0,100.0,False,0,0,0,0,False,False,False
12638,100.0,100.0,False,0,0,0,0,False,False,False
12698,100.0,100.0,False,0,0,0,0,False,False,False
12758,86.0,94.0,False,0,0,0,0,False,False,False
12818,86.0,94.0,False,0,0,0,0,False,False,False
12878,86.0,94.0,False,0,0,0,0,False,False,False
12938,86.0,94.0,False,0,0,0,0,False,False,False
12998,86.0,94.0,False,0,0,0,0,False,False,False
13058,86.0,94.0,False,0,0,0,0,False,False,False
13118,86.0,94.0,False,0,0,0,0,False,False,False
13178,86.0,94.0,False,0,0,0,0,False,False,False
13238,86.0,94.0,False,0,0,0,0,False,False,False
13298,86.0,94.0,False,0,0,0,0,False,False,False
13358,86.0,94.0,False,0,0,0,0,False,False,False
13418,86.0,94.0,False,0,0,0,0,False,False,False
13478,86.0,94.0,False,0,0,0,0,False,False,False
13538,86.0,94.0,False,0,0,0,0,False,False,True
13598,86.0,94.0,False,0,0,0,0,False,False,True
13658,86.0,94.0,False,0,0,0,0,False,False,True
13718,86.0,94.0,False,0,0,0,0,False,False,True
13778,86.0,94.0,False,0,0,0,0,False,False,True
13838,86.0,94.0,False,0,0,0,0,False,False,True
13898,86.0,94.0,False,0,0,0,0,False,False,True
13958,86.0,94.0,False,0,0,0,0,False,False,True
14018,86.0,94.0,False,0,0,0,0,False,False,True
14078,86.0,94.0,False,0,0,0,0,False,False,True
14138,86.0,94.0,False,0,0,0,0,False,False,True
14198,86.0,94.0,False,0,0,0,0,False,False,True
14258,86.0,94.0,False,0,0,0,0,False,False,True
14318,86.0,94.0,False,0,0,0,0,False,False,True
15638,100.0,100.0,True,1,1,0,1,False,False,False
15698,100.0,100.0,True,1,1,0,1,False,False,False
15758,100.0,100.0,True,1,1,0,1,False,True,False
15818,100.0,100.0,True,1,1,0,1,False,False,False
15878,100.0,100.0,True,1,1,0,1,False,False,False
15938,100.0,100.0,True,1,1,0,1,False,False,False
15998,100.0,100.0,True,1,1,0,1,False,False,False
16058,100.0,100.0,True,1,0,0,1,False,False,False
16118,100.0,100.0,True,1,0,0,1,False,False,False
16178,100.0,100.0,True,1,0,0,1,False,False,False
16238,100.0,100.0,True,1,0,0,1,False,False,False
16298,100.0,100.0,True,1,0,0,1,False,False,False
16358,100.0,100.0,True,1,0,0,1,False,False,False
16418,100.0,100.0,True,1,0,0,1,False,False,False
16478,100.0,100.0,True,1,0,0,1,False,False,False
16538,100.0,100.0,True,1,0,0,1,False,False,False
16598,100.0,100.0,True,1,0,0,1,False,False,False
16658,100.0,100.0,True,1,0,0,1,False,False,False
16718,81.0,95.0,True,1,0,0,1,False,False,False
16778,81.0,95.0,True,1,0,0,1,False,False,False
16838,81.0,95.0,True,1,0,0,1,False,False,False
16898,81.0,95.0,True,1,0,0,1,False,False,False
16958,81.0,95.0,True,1,0,0,1,False,False,False
17018,81.0,95.0,True,1,0,0,1,False,False,False
17078,81.0,95.0,True,1,0,0,1,False,False,False
17138,81.0,95.0,True,1,0,0,1,False,False,False
19838,100.0,100.0,True,1,1,0,1,False,False,False
19898,100.0,100.0,True,1,1,0,1,False,False,False
19958,100.0,100.0,True,1,1,0,1,False,False,False
20018,100.0,100.0,True,1,1,0,1,False,False,False
20078,100.0,100.0,True,1,1,0,1,False,False,False
20138,100.0,100.0,True,1,1,0,1,False,False,False
20198,100.0,100.0,True,1,1,0,1,False,False,False
20258,100.0,100.0,True,1,1,0,1,False,False,False
20318,100.0,100.0,True,1,1,0,1,False,False,False
20378,100.0,100.0,True,1,1,0,1,False,False,False
20438,100.0,100.0,True,1,1,0,1,False,False,False
20498,100.0,100.0,True,1,1,0,1,False,False,False
20558,100.0,100.0,True,1,1,0,1,False,False,False
20618,100.0,100.0,True,1,1,0,1,False,False,False
20678,100.0,100.0,True,1,1,0,1,False,False,False
20738,100.0,100.0,True,1,1,0,1,False,False,False
20798,100.0,100.0,True,1,1,0,1,False,False,False
20858,100.0,100.0,True,1,1,0,1,False,False,False
20918,100.0,100.0,True,1,1,0,1,False,False,False
20978,100.0,100.0,True,1,1,0,1,False,False,False
21038,100.0,100.0,True,1,1,0,1,False,False,False
21098,100.0,100.0,True,1,1,0,1,False,False,False
21158,100.0,100.0,True,1,1,0,1,False,False,False
21218,100.0,100.0,True,1,1,0,1,False,False,False
21278,100.0,100.0,True,1,1,0,1,False,False,False
21338,100.0,100.0,True,1,1,0,1,False,False,False
21398,100.0,100.0,True,1,1,0,1,False,False,False
21458,100.0,100.0,True,1,1,0,1,False,False,False
21518,100.0,100.0,True,1,1,0,1,False,False,False
21578,100.0,100.0,True,1,1,0,1,False,False,False
21638,16.0,83.0,True,1,1,0,1,False,False,False
28118,100.0,100.0,True,1,1,1,1,False,False,False
28178,100.0,100.0,True,1,1,1,1,False,False,False
28238,100.0,100.0,True,1,1,1,1,False,False,False
28298,100.0,100.0,True,1,1,1,1,False,False,False
28358,100.0,100.0,True,1,1,1,1,False,False,False
28418,100.0,100.0,True,1,1,1,1,False,False,False
28478,100.0,100.0,True,1,1,1,1,False,False,False
28538,100.0,100.0,True,1,1,1,1,False,False,False
28598,100.0,100.0,True,1,1,1,1,False,False,False
28658,100.0,100.0,True,1,1,1,1,False,False,False
28718,100.0,100.0,True,1,1,1,1,False,False,False
28778,100.0,100.0,True,1,1,1,1,False,False,False
28838,100.0,100.0,True,1,1,1,1,False,False,False
28898,100.0,100.0,True,1,1,1,1,False,False,False
28958,100.0,100.0,True,1,1,1,1,False,False,False
29018,100.0,100.0,True,1,1,1,1,False,False,False
29078,100.0,100.0,True,1,1,1,1,False,False,False
29138,100.0,100.0,True,1,1,1,1,False,False,False
29198,100.0,100.0,True,1,1,1,1,False,False,False
29258,100.0,100.0,True,1,1,1,1,False,False,False
29318,100.0,100.0,True,1,1,1,1,False,False,False
29378,100.0,100.0,True,1,1,1,1,False,False,False
29438,100.0,100.0,True,1,1,1,1,False,False,False
29498,100.0,100.0,True,1,1,1,1,False,False,False
29558,100.0,100.0,True,1,1,1,1,False,False,False
29618,100.0,100.0,True,1,1,1,1,False,False,False
29678,100.0,100.0,True,1,1,1,1,False,False,False
29738,100.0,100.0,True,1,1,1,1,False,False,False
29798,100.0,100.0,True,1,1,1,1,False,False,False
32258,100.0,100.0,True,1,1,1,1,False,False,False
32318,100.0,100.0,True,1,1,1,1,False,False,False
32378,100.0,100.0,True,1,1,1,1,False,False,False
32438,100.0,100.0,True,1,1,1,1,False,False,False
32498,100.0,100.0,True,1,1,1,1,False,False,False
32558,100.0,100.0,True,1,1,1,1,False,False,False
32618,100.0,100.0,True,1,1,1,1,False,False,False
32678,100.0,100.0,True,1,1,1,1,False,False,False
32738,100.0,100.0,True,1,1,1,1,False,False,False
32798,100.0,100.0,True,1,1,1,1,False,False,False
32858,100.0,100.0,True,1,1,1,1,False,True,False
32918,100.0,100.0,True,1,1,1,1,False,True,False
32978,100.0,100.0,True,1,1,1,1,False,True,False
33038,100.0,100.0,True,1,1,1,1,False,True,False
33098,100.0,100.0,True,1,1,1,1,False,True,False
33158,100.0,100.0,True,1,1,1,1,False,True,False
33218,100.0,100.0,True,1,1,1,1,False,True,False
33278,100.0,100.0,True,1,1,1,1,False,True,False
33338,100.0,100.0,True,1,1,1,1,False,True,False
33398,100.0,100.0,True,0,1,1,1,False,True,False
33458,100.0,100.0,True,0,1,1,1,False,True,False
33518,100.0,100.0,True,0,1,1,1,False,True,False
33578,100.0,100.0,True,0,0,1,1,False,True,False
33638,100.0,100.0,True,0,0,1,1,False,True,False
33698,100.0,100.0,True,0,0,1,0,False,True,False
33758,100.0,100.0,True,0,0,1,0,False,True,False
33818,100.0,100.0,True,0,0,1,0,False,True,False
33878,100.0,100.0,True,0,0,1,0,False,True,False
33938,100.0,100.0,True,0,0,1,0,False,True,False
33998,100.0,100.0,True,0,0,1,0,False,False,True
34058,100.0,100.0,True,0,0,1,0,False,False,True
34118,100.0,100.0,True,0,0,0,0,False,False,True
34178,54.0,70.0,True,0,0,0,0,False,False,True
34238,54.0,70.0,True,0,0,0,0,False,False,True
34298,54.0,70.0,True,0,0,0,0,False,False,True
34358,54.0,70.0,True,0,0,0,0,False,False,True
34418,54.0,70.0,True,0,0,0,0,False,False,True
34478,54.0,70.0,True,0,0,0,0,False,False,True
34538,54.0,70.0,True,0,0,0,0,False,False,True
34598,54.0,70.0,True,0,0,0,0,False,False,True
34658,54.0,70.0,True,0,0,0,0,False,False,True
34718,54.0,70.0,True,0,0,0,0,False,False,True
34778,54.0,70.0,True,0,0,0,0,False,False,True
34838,54.0,70.0,True,0,0,0,0,False,False,True
34898,54.0,70.0,True,0,0,0,0,False,False,True
38378,100.0,100.0,True,1,1,0,1,False,False,False
38438,100.0,100.0,True,1,1,0,1,False,False,False
38498,100.0,100.0,True,1,1,0,1,False,False,False
38558,100.0,100.0,True,1,1,0,1,False,False,False
38618,100.0,100.0,True,1,1,0,1,False,False,False
38678,100.0,100.0,True,1,1,0,1,False,False,False
38738,100.0,100.0,True,1,0,0,1,False,False,False
38798,100.0,100.0,True,1,0,0,1,False,False,False
38858,100.0,100.0,True,1,0,0,1,False,False,False
38918,100.0,100.0,True,1,0,0,1,False,False,False
38978,100.0,100.0,True,1,0,0,1,False,False,False
39038,100.0,100.0,True,1,0,0,1,False,False,False
39098,100.0,100.0,True,1,0,0,1,False,False,False
39158,100.0,100.0,True,1,0,0,1,False,False,False
39218,100.0,100.0,True,1,0,0,1,False,False,False
39278,100.0,100.0,True,1,0,0,1,False,False,False
39338,100.0,100.0,True,1,0,0,1,False,False,False
39398,100.0,100.0,True,1,0,0,1,False,False,False
39458,100.0,100.0,True,1,0,0,1,False,False,False
39518,100.0,100.0,True,1,0,0,1,False,False,False
39578,20.0,84.0,True,1,0,0,1,False,False,False
39638,20.0,84.0,True,1,0,0,1,False,False,False
39698,20.0,84.0,True,1,0,0,1,False,False,False
39758,20.0,84.0,True,1,0,0,1,False,False,False
39818,20.0,84.0,True,1,0,0,1,False,False,False
39878,20.0,84.0,True,1,0,0,1,False,False,False
39938,20.0,84.0,True,1,0,0,1,False,False,False
39998,20.0,84.0,True,1,0,0,1,False,False,False
40058,20.0,84.0,True,1,0,0,1,False,False,False
40118,20.0,84.0,True,1,0,0,0,False,False,False
40178,20.0,84.0,True,1,0,0,0,False,False,False
40238,20.0,84.0,True,1,0,0,0,False,False,False
40298,20.0,84.0,True,1,0,0,0,False,False,False
40358,20.0,84.0,True,1,0,0,0,False,False,False
40418,20.0,84.0,True,1,0,0,0,False,False,False
40478,20.0,84.0,True,1,0,0,0,False,False,False
40538,20.0,84.0,True,1,0,0,0,False,False,False
40598,20.0,84.0,True,1,0,0,0,False,False,False
40658,20.0,84.0,True,1,0,0,0,False,False,False
40718,20.0,84.0,True,1,0,0,0,False,False,False
40778,20.0,84.0,True,1,0,0,0,False,False,False
40838,20.0,84.0,True,1,0,0,0,False,False,False
40898,20.0,84.0,True,1,0,0,0,False,False,False
40958,20.0,84.0,True,1,0,0,0,False,False,False
41018,20.0,84.0,True,1,0,0,0,False,False,False
43058,100.0,100.0,True,1,1,1,1,False,False,False
43118,100.0,100.0,True,1,1,1,1,False,False,False
43178,100.0,100.0,True,1,1,1,1,False,False,False
43238,100.0,100.0,True,1,1,1,1,False,False,False
43298,100.0,100.0,True,1,1,1,1,False,False,False
43358,100.0,100.0,True,1,1,1,1,False,False,False
43418,100.0,100.0,True,1,1,1,1,False,False,False
43478,100.0,100.0,True,1,1,1,1,False,False,False
43538,100.0,100.0,True,1,1,1,1,False,False,False
43598,100.0,100.0,True,1,1,1,1,False,False,False
43658,100.0,100.0,True,1,1,1,1,False,False,False
48638,100.0,100.0,True,1,1,1,1,False,False,False
48698,100.0,100.0,True,1,1,1,1,False,False,False
48758,100.0,100.0,True,1,1,1,1,False,False,False
48818,100.0,100.0,True,1,1,1,1,False,False,False
48878,100.0,100.0,True,1,1,1,1,False,False,False
48938,100.0,100.0,True,1,1,1,1,False,False,False
48998,100.0,100.0,True,1,1,1,1,False,False,False
49058,100.0,100.0,True,1,1,1,1,False,False,False
49118,100.0,100.0,True,1,1,1,1,False,False,False
49178,100.0,100.0,True,1,1,1,1,False,False,False
49238,100.0,100.0,True,1,1,1,1,False,False,False
49298,100.0,100.0,True,1,1,1,1,False,False,False
49358,100.0,100.0,True,1,1,1,1,False,False,False
49418,100.0,100.0,True,1,1,1,1,False,False,False
49478,100.0,100.0,True,1,1,1,1,False,False,False
49538,100.0,100.0,True,1,1,1,1,False,False,False
49598,100.0,100.0,True,1,1,1,1,False,False,False
49658,100.0,100.0,True,1,1,1,1,False,False,False
49718,100.0,100.0,True,1,1,1,1,False,False,False
49778,100.0,100.0,True,1,1,1,1,False,False,False
49838,100.0,100.0,True,1,1,1,1,False,False,False
49898,100.0,100.0,True,1,1,1,1,False,False,False
49958,100.0,100.0,True,1,1,1,1,False,False,False
50018,100.0,100.0,True,1,1,1,1,False,False,False
50078,100.0,100.0,True,1,1,1,1,False,False,False
50138,100.0,100.0,True,1,1,1,1,False,False,False
50198,100.0,100.0,True,1,1,1,1,False,False,False
50258,56.0,92.0,True,1,1,1,1,False,False,False
50318,56.0,92.0,True,1,1,1,1,False,False,False
50378,56.0,92.0,True,1,1,1,1,False,False,False
50438,56.0,92.0,True,1,1,1,1,False,False,False
50498,56.0,92.0,True,1,1,1,1,False,False,False
50558,56.0,92.0,True,1,1,1,1,False,False,False
50618,56.0,92.0,True,1,1,1,1,False,False,False
50678,56.0,92.0,True,1,1,0,1,False,False,False
50738,56.0,92.0,True,1,0,0,1,False,False,False
50798,56.0,92.0,True,1,0,0,1,False,False,False
50858,56.0,92.0,True,1,0,0,1,False,False,False
50918,56.0,92.0,True,1,0,0,1,False,False,False
50978,56.0,92.0,True,1,0,0,1,False,False,False
51038,56.0,92.0,True,1,0,0,1,False,False,True
53258,100.0,100.0,True,1,1,1,1,False,False,False
53318,100.0,100.0,True,1,1,1,1,False,False,False
53378,100.0,100.0,True,1,1,1,1,False,False,False
53438,100.0,100.0,True,1,1,1,1,False,False,False
53498,100.0,100.0,True,1,1,1,1,False,False,False
53558,100.0,100.0,True,1,1,1,1,False,False,False
53618,100.0,100.0,True,1,1,1,1,False,False,False
53678,100.0,100.0,True,1,1,1,1,False,False,False
53738,100.0,100.0,True,1,1,1,1,False,False,False
53798,100.0,100.0,True,1,1,1,1,False,False,False
53858,100.0,100.0,True,1,1,1,1,False,False,False
53918,100.0,100.0,True,1,1,1,1,False,False,False
53978,100.0,100.0,True,1,1,1,1,False,False,False
54038,100.0,100.0,True,1,1,1,1,False,False,False
54098,100.0,100.0,True,1,1,1,1,False,False,False
54158,100.0,100.0,True,1,1,1,1,False,False,False
54218,100.0,100.0,True,1,1,1,1,False,False,False
54278,100.0,100.0,True,1,1,1,1,False,False,False
54338,100.0,100.0,True,1,1,1,1,False,False,False
54398,100.0,100.0,True,1,1,1,1,False,False,False
54458,100.0,100.0,True,1,1,1,1,False,False,False
54518,100.0,100.0,True,1,1,1,1,False,False,False
54578,100.0,100.0,True,1,1,1,1,False,False,False
54638,100.0,100.0,True,1,1,1,1,False,False,False
54698,100.0,100.0,True,1,1,1,1,False,False,False
54758,100.0,100.0,True,1,1,1,1,False,False,False
54818,100.0,100.0,True,1,1,1,1,False,False,False
54878,100.0,100.0,True,1,1,1,1,False,False,False
54938,100.0,100.0,True,1,1,1,1,False,False,False
54998,100.0,100.0,True,1,1,1,1,False,False,False
55058,100.0,100.0,True,1,1,1,1,False,False,False
55118,100.0,100.0,True,1,1,1,1,False,False,False
55178,100.0,100.0,True,1,1,1,1,False,False,False
55238,100.0,100.0,True,1,1,1,1,False,False,False
55298,100.0,100.0,True,1,1,1,1,False,False,False
55358,100.0,100.0,True,1,1,1,1,False,False,False
55418,100.0,100.0,True,1,1,1,1,False,False,False
55478,100.0,100.0,True,1,1,1,1,False,False,False
55538,100.0,100.0,True,1,1,1,1,False,False,False
55598,100.0,100.0,True,1,1,1,1,False,False,False
55658,100.0,100.0,True,1,1,1,1,False,False,False
55718,100.0,100.0,True,1,1,1,1,False,False,False
55778,100.0,100.0,True,1,1,1,1,False,False,False
55838,75.0,95.0,True,1,1,1,1,False,False,False
55898,18.0,84.0,True,1,1,1,1,False,False,False
55958,18.0,84.0,True,1,1,1,1,False,False,False
56018,18.0,84.0,True,1,1,1,1,False,False,False
56078,18.0,84.0,True,0,1,1,1,False,False,False
56138,18.0,84.0,True,0,1,1,1,False,False,False
56198,18.0,84.0,True,0,1,1,1,False,False,False
56258,18.0,84.0,True,0,0,1,1,False,False,False
56318,18.0,84.0,True,0,0,1,1,False,False,False
56378,18.0,84.0,True,0,0,1,1,False,False,False
56438,18.0,84.0,True,0,0,1,1,False,False,True
56498,18.0,84.0,True,0,0,1,1,False,False,True
56558,18.0,84.0,True,0,0,1,1,False,False,True
56618,18.0,84.0,True,0,0,1,1,False,False,True
56678,18.0,84.0,True,0,1,1,1,False,False,True
56738,18.0,84.0,True,0,1,1,1,False,False,True
56798,18.0,84.0,True,0,1,1,1,False,False,True
56858,18.0,84.0,True,0,0,1,1,False,False,True
56918,18.0,84.0,True,0,0,1,1,False,False,True
56978,18.0,84.0,True,0,0,1,1,False,False,True
57038,18.0,84.0,True,0,0,1,1,False,False,True
57098,18.0,84.0,True,0,0,1,1,False,False,True
58898,100.0,100.0,True,1,1,1,1,False,False,False
58958,100.0,100.0,True,1,1,1,1,False,False,False
59018,100.0,100.0,True,1,1,1,1,False,False,False
59078,100.0,100.0,True,1,1,1,1,False,False,False
59138,100.0,100.0,True,1,1,1,1,False,False,False
59198,100.0,100.0,True,1,1,1,1,False,False,False
59258,100.0,100.0,True,1,1,1,1,False,False,False
59318,100.0,100.0,True,1,1,1,1,False,False,False
59378,100.0,100.0,True,1,1,1,1,False,False,False
59438,100.0,100.0,True,1,1,1,1,False,False,False
59498,100.0,100.0,True,1,1,1,1,False,False,False
59558,100.0,100.0,True,1,1,1,1,False,False,False
59618,100.0,100.0,True,1,1,1,1,False,False,False
59678,100.0,100.0,True,0,1,1,1,False,False,False
59738,100.0,100.0,True,0,1,1,1,False,False,False
59798,100.0,100.0,True,0,1,1,1,False,False,False
59858,100.0,100.0,True,0,1,1,1,False,False,False
59918,100.0,100.0,True,0,1,1,1,False,False,False
59978,100.0,100.0,True,0,1,1,1,False,False,False
60038,100.0,100.0,True,0,1,1,1,False,False,False
60098,100.0,100.0,True,0,1,1,1,False,False,False
60158,23.0,84.0,True,0,1,1,1,False,False,False
65678,100.0,100.0,True,1,1,1,1,False,False,False
65738,100.0,100.0,True,1,1,1,1,False,False,False
65798,100.0,100.0,True,1,1,1,1,False,False,False
65858,100.0,100.0,True,1,1,1,1,False,False,False
65918,100.0,100.0,True,1,1,1,1,False,False,False
65978,100.0,100.0,True,1,1,1,1,False,False,False
66038,100.0,100.0,True,1,1,1,1,False,False,False
66098,100.0,100.0,True,1,1,1,1,False,False,False
66158,100.0,100.0,True,1,1,1,1,False,False,False
66218,100.0,100.0,True,1,1,1,1,False,False,False
66278,100.0,100.0,True,1,1,1,1,False,False,False
66338,100.0,100.0,True,1,1,1,1,False,False,False
66398,100.0,100.0,True,1,1,1,1,False,False,False
66458,100.0,100.0,True,1,1,1,1,False,False,False
66518,100.0,100.0,True,1,1,1,1,False,False,False
66578,100.0,100.0,True,1,1,1,1,False,False,False
66638,100.0,100.0,True,1,1,1,1,False,False,False
66698,100.0,100.0,True,1,1,1,1,False,False,False
66758,100.0,100.0,True,1,1,1,1,False,False,False
66818,100.0,100.0,True,1,1,1,1,False,False,False
66878,100.0,100.0,True,1,1,1,1,False,False,False
66938,100.0,100.0,True,1,1,1,1,False,False,False
66998,100.0,100.0,True,1,1,1,1,False,False,False
67058,100.0,100.0,True,1,1,1,1,False,False,False
67118,100.0,100.0,True,1,1,1,1,False,False,False
67178,100.0,100.0,True,1,1,1,1,False,False,False
67238,100.0,100.0,True,1,1,1,1,False,False,False
67298,100.0,100.0,True,1,1,1,1,False,False,False
67358,100.0,100.0,True,1,1,1,1,False,False,False
67418,100.0,100.0,True,1,1,1,1,False,False,False
67478,100.0,100.0,True,1,1,1,1,False,False,False
67538,100.0,100.0,True,1,1,1,1,False,False,False
67598,100.0,100.0,True,1,1,1,1,False,False,False
67658,100.0,100.0,True,1,1,1,1,False,False,False
67718,100.0,100.0,True,1,1,1,1,False,False,False
67778,100.0,100.0,True,1,1,1,1,False,False,False
67838,100.0,100.0,True,1,1,1,1,False,False,False
67898,100.0,100.0,True,1,1,1,1,False,False,False
67958,100.0,100.0,True,1,1,1,1,False,False,False
68018,100.0,100.0,True,1,1,1,1,False,False,False
68078,100.0,100.0,True,1,1,1,1,False,False,False
68138,100.0,100.0,True,1,1,1,1,False,False,False
68198,100.0,100.0,True,1,1,1,1,False,False,False
68258,100.0,100.0,True,1,1,1,1,False,False,False
68318,100.0,100.0,True,1,1,1,1,False,False,False
68378,100.0,100.0,True,1,1,1,1,False,False,False
68438,100.0,100.0,True,1,1,1,1,False,False,False
68498,100.0,100.0,True,1,1,1,1,False,False,False
68558,100.0,100.0,True,1,1,1,1,False,False,False
68618,100.0,100.0,True,1,1,1,1,False,False,False
68678,100.0,100.0,True,1,1,1,1,False,False,False
68738,100.0,100.0,True,1,1,1,1,False,False,False
68798,100.0,100.0,True,1,1,1,1,False,False,False
68858,100.0,100.0,True,1,1,1,1,False,False,False
68918,100.0,100.0,True,1,1,1,1,False,False,False
68978,100.0,100.0,True,1,1,1,1,False,False,False
69038,100.0,100.0,True,1,1,1,1,False,False,False
69098,100.0,100.0,True,1,1,1,1,False,False,False
69158,100.0,100.0,True,1,1,1,1,False,False,False
69218,100.0,100.0,True,1,1,1,1,False,False,False
69278,100.0,100.0,True,1,1,1,1,False,False,False
69338,100.0,100.0,True,1,1,1,1,False,False,False
69398,100.0,100.0,True,1,1,1,1,False,False,False
69458,100.0,100.0,True,1,1,1,1,False,False,False
69518,100.0,100.0,True,1,1,1,1,False,True,False
69578,100.0,100.0,True,1,1,1,1,False,True,False
69638,100.0,100.0,True,1,1,1,1,False,True,False
69698,100.0,100.0,True,1,1,1,1,False,True,False
69758,100.0,100.0,True,1,1,1,1,False,True,False
69818,100.0,100.0,True,1,1,1,1,False,True,False
71138,100.0,100.0,True,1,1,1,1,False,False,False
71198,100.0,100.0,True,1,1,1,1,False,False,False
71258,100.0,100.0,True,1,1,1,1,False,False,False
71318,100.0,100.0,True,1,1,1,1,False,False,False
71378,100.0,100.0,True,1,1,1,1,False,False,False
71438,100.0,100.0,True,1,1,1,1,False,False,False
71498,100.0,100.0,True,1,1,1,1,False,False,False
71558,100.0,100.0,True,1,1,1,1,False,False,False
71618,100.0,100.0,True,1,1,1,1,False,False,False
71678,100.0,100.0,True,1,1,1,1,False,False,False
71738,100.0,100.0,True,1,1,1,1,False,False,False
71798,100.0,100.0,True,1,1,1,1,False,False,False
71858,100.0,100.0,True,1,1,1,1,False,False,False
71918,100.0,100.0,True,1,1,1,1,False,False,False
71978,77.0,95.0,True,1,1,1,1,False,False,False
77378,100.0,100.0,False,0,0,0,0,False,False,False
77438,100.0,100.0,False,0,0,0,0,False,False,False
77498,100.0,100.0,False,0,0,0,0,False,False,False
77558,100.0,100.0,False,0,0,0,0,False,False,False
77618,100.0,100.0,False,0,0,0,0,False,False,False
77678,100.0,100.0,False,0,0,0,0,False,False,False
77738,100.0,100.0,False,0,0,0,0,False,False,False
77798,100.0,100.0,False,0,0,0,0,False,False,False
77858,100.0,100.0,False,0,0,0,0,False,False,False
77918,89.0,94.0,False,0,0,0,0,False,False,False
77978,89.0,94.0,False,0,0,0,0,False,False,False
78038,89.0,94.0,False,0,0,0,0,False,False,False
78098,89.0,94.0,False,0,0,0,0,False,False,False
78158,69.0,84.0,False,0,0,0,0,False,False,False
78218,69.0,84.0,False,0,0,0,0,False,False,False
78278,69.0,84.0,False,0,0,0,0,False,False,False
84038,100.0,0.0,False,0,0,0,0,False,False,False
84098,100.0,0.0,False,0,0,0,0,False,False,False
84158,100.0,100.0,True,0,0,0,0,False,False,False
84218,100.0,100.0,True,0,0,0,0,False,False,False
84278,100.0,100.0,True,0,0,0,0,False,False,False
84338,100.0,100.0,True,0,0,0,0,False,False,False
84398,100.0,100.0,True,0,0,0,0,False,False,False
84458,100.0,100.0,True,0,0,0,0,False,False,False
84518,100.0,100.0,True,0,0,0,0,False,False,False
84578,100.0,100.0,True,0,0,0,0,False,False,False
84638,100.0,100.0,True,0,0,0,0,False,False,False
84698,100.0,100.0,True,0,0,0,0,False,False,False
84758,100.0,100.0,True,0,0,0,0,False,False,False
84818,100.0,100.0,True,0,0,0,0,False,False,False
84878,100.0,100.0,True,0,0,0,0,False,False,False
84938,100.0,100.0,True,0,0,0,0,False,False,False
84998,100.0,100.0,True,0,0,0,0,False,False,False
85058,100.0,100.0,True,0,0,0,0,False,False,False
85118,100.0,100.0,True,0,0,0,0,False,False,False
85178,100.0,100.0,True,0,0,0,0,False,False,False
85238,100.0,100.0,True,0,0,0,0,False,False,False
85298,100.0,100.0,True,0,0,0,0,False,False,False
85358,100.0,100.0,True,0,0,0,0,False,False,False
85418,100.0,100.0,True,0,0,0,0,False,False,False
85478,100.0,100.0,True,0,0,0,0,False,False,True
85538,100.0,100.0,True,1,0,0,0,False,False,True
85598,100.0,100.0,True,1,0,0,0,False,False,True
85658,100.0,100.0,True,1,0,0,0,False,False,True
85718,100.0,100.0,True,1,0,0,0,False,False,True
85778,100.0,100.0,True,1,0,0,0,False,False,True
85838,100.0,100.0,True,1,0,0,0,False,False,True
85898,100.0,100.0,True,1,0,0,0,False,False,True
85958,100.0,100.0,True,1,0,0,0,False,False,True
86018,100.0,100.0,True,1,0,0,0,False,False,True
86078,100.0,100.0,True,1,0,0,0,False,False,True
86138,100.0,100.0,True,1,0,0,0,False,False,True
86198,100.0,100.0,True,1,0,0,0,False,False,True
86258,100.0,100.0,True,1,0,0,0,False,False,True
86318,100.0,100.0,True,1,0,0,0,False,False,True
86378,100.0,100.0,True,1,0,0,0,False,False,True
86438,100.0,100.0,True,1,0,0,0,False,False,True
86498,100.0,100.0,True,1,0,0,0,False,False,True
86558,100.0,100.0,True,1,0,0,0,False,False,True
86618,100.0,100.0,True,1,0,0,0,False,False,True
86678,100.0,100.0,True,1,0,0,0,False,False,True
86738,100.0,100.0,True,1,0,0,0,False,False,True
86798,100.0,100.0,True,1,0,0,0,False,False,True
86858,100.0,100.0,True,1,0,0,0,False,False,True
86918,100.0,100.0,True,1,0,0,0,False,False,True
86978,100.0,100.0,True,1,0,0,0,False,False,True
87038,100.0,100.0,True,1,0,0,0,False,False,True
87098,100.0,100.0,True,1,0,0,0,False,False,True
87158,100.0,100.0,True,1,0,0,0,False,False,True
87218,100.0,100.0,True,1,0,0,0,False,False,True
87278,100.0,100.0,True,1,0,0,0,False,False,True
87338,100.0,100.0,True,1,0,0,0,False,False,True
87398,100.0,100.0,True,1,0,0,0,False,False,True
87458,100.0,100.0,True,1,0,0,0,False,False,True
87518,100.0,100.0,True,1,0,0,0,False,False,True
87578,100.0,100.0,True,1,0,0,0,False,False,True
87638,100.0,100.0,True,1,0,0,0,False,False,True
87698,100.0,100.0,True,1,0,0,0,False,False,True
87758,100.0,100.0,True,1,0,0,0,False,False,True
87818,88.0,94.0,True,1,0,0,0,False,False,True
87878,88.0,94.0,True,1,0,0,0,False,False,True
87938,88.0,94.0,True,1,0,0,0,False,False,True
87998,88.0,94.0,True,1,0,0,0,False,False,True
88058,88.0,94.0,True,1,0,0,0,False,False,True
88118,44.0,51.0,True,1,0,0,0,False,False,False
88178,44.0,51.0,True,1,0,0,0,False,False,False
88238,44.0,51.0,True,1,0,0,0,False,False,False
88298,44.0,51.0,True,1,0,0,0,False,False,False
88358,44.0,51.0,True,1,0,0,0,False,False,False
88418,44.0,51.0,True,1,0,0,0,False,False,False
88478,44.0,51.0,True,1,0,0,0,False,False,False
92018,100.0,51.0,True,1,1,0,0,True,False,False
92078,100.0,51.0,True,1,1,0,0,True,False,False
92138,100.0,51.0,True,1,1,0,0,True,False,False
92198,100.0,51.0,True,1,1,0,0,True,False,False
92258,100.0,51.0,True,1,1,0,0,True,False,False
92318,100.0,51.0,True,1,1,0,0,True,False,False
92378,100.0,51.0,True,1,1,0,0,True,False,False
92438,100.0,51.0,True,1,1,0,0,True,False,False
92498,100.0,51.0,True,1,1,0,0,True,False,False
92558,100.0,51.0,True,1,1,0,0,True,False,False
92618,100.0,51.0,True,1,1,0,0,True,False,False
92678,100.0,51.0,True,1,1,0,0,True,False,False
92738,100.0,51.0,True,1,1,0,0,True,False,False
92798,100.0,51.0,True,1,1,0,0,True,False,False
92858,100.0,51.0,True,1,1,0,0,True,False,False
92918,100.0,51.0,True,1,1,0,0,True,False,False
99698,100.0,100.0,True,0,0,0,0,False,False,False
99758,100.0,100.0,True,0,0,0,0,False,False,False
99818,100.0,100.0,True,0,0,0,0,False,False,False
99878,100.0,100.0,True,0,0,0,0,False,False,False
99938,100.0,100.0,True,0,0,0,0,False,False,False
99998,100.0,100.0,True,0,0,0,0,False,False,False
100058,100.0,100.0,True,0,0,0,0,False,False,False
100118,100.0,100.0,True,0,0,0,0,False,False,False
100178,100.0,100.0,True,0,0,0,0,False,False,False
100238,100.0,100.0,True,0,0,0,0,False,False,False
100298,100.0,100.0,True,0,0,0,0,False,False,False
100358,100.0,100.0,True,0,0,0,0,False,False,False
100418,100.0,100.0,True,0,0,0,0,False,False,False
100478,100.0,100.0,True,0,0,0,0,False,False,False
100538,100.0,100.0,True,0,0,0,0,False,False,False
100598,100.0,100.0,True,0,0,0,0,False,False,False
100658,100.0,100.0,True,0,0,0,0,False,False,False
100718,100.0,100.0,True,0,0,0,0,False,False,False
100778,100.0,100.0,True,0,0,0,0,False,False,False
100838,100.0,100.0,True,0,0,0,0,False,False,False
100898,100.0,100.0,True,0,0,0,0,False,False,False
100958,100.0,100.0,True,0,0,0,0,False,False,False
101018,100.0,100.0,True,0,0,0,0,False,False,False
101078,100.0,100.0,True,0,0,0,0,False,False,False
101138,100.0,100.0,True,0,0,0,0,False,False,False
101198,100.0,100.0,True,0,0,0,0,False,False,False
101258,100.0,100.0,True,0,0,0,0,False,False,False
101318,100.0,100.0,True,0,0,0,0,False,False,False
101378,100.0,100.0,True,0,0,0,0,False,False,False
101438,100.0,100.0,True,0,0,0,0,False,False,False
101498,100.0,100.0,True,0,0,0,0,False,False,False
101558,100.0,100.0,True,0,0,0,0,False,False,False
101618,100.0,100.0,True,0,0,0,0,False,False,False
101678,100.0,100.0,True,0,0,0,0,False,False,False
101738,100.0,100.0,True,0,0,0,0,False,False,False
101798,100.0,100.0,True,0,0,0,0,False,False,False
101858,100.0,100.0,True,0,0,0,0,False,False,False
101918,100.0,100.0,True,0,0,0,0,False,False,False
101978,74.0,97.0,True,0,0,0,0,False,False,False
106598,100.0,0.0,False,0,0,0,0,False,False,False
106658,100.0,0.0,False,0,0,0,0,False,False,False
106718,100.0,0.0,False,0,0,0,0,False,False,False
106778,100.0,0.0,False,0,0,0,0,False,False,False
106838,100.0,0.0,False,0,0,0,0,False,False,False
106898,100.0,0.0,False,0,0,0,0,False,False,False
106958,100.0,0.0,False,0,0,0,0,False,False,False
107018,100.0,0.0,False,0,0,0,0,False,False,False
107078,100.0,0.0,False,0,0,0,0,False,False,False
107138,100.0,0.0,False,0,0,0,0,False,False,False
107198,100.0,0.0,False,0,0,0,0,False,False,False
107258,100.0,0.0,False,0,0,0,0,False,False,False
107318,100.0,0.0,False,0,0,0,0,False,False,False
107378,100.0,0.0,False,0,0,0,0,False,False,False
107438,100.0,0.0,False,0,0,0,0,False,False,False
107498,100.0,0.0,False,0,0,0,0,False,False,False
107558,100.0,0.0,False,0,0,0,0,False,False,False
107618,100.0,0.0,False,0,0,0,0,False,False,False
107678,100.0,0.0,False,0,0,0,0,False,False,False
107738,100.0,0.0,False,0,0,0,0,False,False,False
107798,100.0,0.0,False,0,0,0,0,False,False,False
107858,100.0,0.0,False,0,0,0,0,False,False,False
107918,100.0,0.0,False,0,0,0,0,False,False,False
107978,100.0,0.0,False,0,0,0,0,False,False,False
108038,100.0,0.0,False,0,0,0,0,False,False,False
108098,100.0,0.0,False,0,0,0,0,False,False,False
108158,100.0,0.0,False,0,0,0,0,False,False,False
108218,100.0,0.0,False,0,0,0,0,False,False,False
108278,100.0,0.0,False,0,0,0,0,False,False,False
108338,100.0,0.0,False,0,0,0,0,False,False,False
108398,100.0,0.0,False,0,0,0,0,False,False,False
108458,100.0,0.0,False,0,0,0,0,False,False,False
108518,100.0,0.0,False,0,0,0,0,False,False,False
108578,100.0,0.0,False,0,0,0,0,False,False,False
108638,100.0,0.0,False,0,0,0,0,False,False,False
108698,100.0,0.0,False,0,0,0,0,False,False,False
108758,100.0,0.0,False,0,0,0,0,False,False,False
108818,100.0,0.0,False,0,0,0,0,False,False,False
108878,100.0,0.0,False,0,0,0,0,False,False,False
108938,100.0,0.0,False,0,0,0,0,False,False,False
108998,100.0,0.0,False,0,0,0,0,False,False,False
109058,100.0,0.0,False,0,0,0,0,False,False,False
109118,100.0,0.0,False,0,0,0,0,False,False,False
109178,100.0,0.0,False,0,0,0,0,False,False,False
109238,100.0,0.0,False,0,0,0,0,False,False,False
109298,100.0,0.0,False,0,0,0,0,False,False,False
109358,100.0,0.0,False,0,0,0,0,False,False,False
109418,100.0,0.0,False,0,0,0,0,False,False,False
109478,100.0,0.0,False,0,0,0,0,False,False,False
109538,100.0,0.0,False,0,0,0,0,False,False,False
109598,100.0,0.0,False,0,0,0,0,False,False,False
109658,100.0,0.0,False,0,0,0,0,False,False,False
109718,100.0,0.0,False,0,0,0,0,False,False,False
109778,100.0,0.0,False,0,0,0,0,False,False,False
109838,100.0,0.0,False,0,0,0,0,False,False,False
109898,100.0,0.0,False,0,0,0,0,False,False,False
109958,100.0,0.0,False,0,0,0,0,False,False,False
110018,100.0,0.0,False,0,0,0,0,False,False,False
110078,100.0,0.0,False,0,0,0,0,False,False,False
110138,100.0,0.0,False,0,0,0,0,False,False,False
110198,100.0,0.0,False,0,0,0,0,False,False,False
110258,100.0,0.0,False,0,0,0,0,False,False,False
110318,100.0,0.0,False,0,0,0,0,False,False,False
110378,100.0,0.0,False,0,0,0,0,False,False,False
110438,100.0,0.0,False,0,0,0,0,False,False,False
110498,100.0,0.0,False,0,0,0,0,False,False,False
110558,100.0,0.0,False,0,0,0,0,False,False,False
110618,100.0,0.0,False,0,0,0,0,False,False,False
110678,100.0,0.0,False,0,0,0,0,False,False,False
110738,100.0,0.0,False,0,0,0,0,False,False,False
110798,100.0,0.0,False,0,0,0,0,False,False,False
110858,100.0,0.0,False,0,0,0,0,False,False,False
110918,100.0,0.0,False,0,0,0,0,False,False,False
110978,100.0,0.0,False,0,0,0,0,False,False,False
111038,100.0,0.0,False,0,0,0,0,False,False,False
111098,100.0,0.0,False,0,0,0,0,False,False,False
111158,100.0,0.0,False,0,0,0,0,False,False,False
111218,100.0,0.0,False,0,0,0,0,False,False,False
111278,100.0,0.0,False,0,0,0,0,False,False,False
111338,100.0,0.0,False,0,0,0,0,False,False,False
111398,100.0,0.0,False,0,0,0,0,False,False,False
111458,100.0,0.0,False,0,0,0,0,False,False,False
111518,100.0,0.0,False,0,0,0,0,False,False,False
111578,100.0,0.0,False,0,0,0,0,False,False,False
111638,100.0,0.0,False,0,0,0,0,False,False,False
111698,100.0,0.0,False,0,0,0,0,False,False,False
111758,100.0,0.0,False,0,0,0,0,False,False,False
111818,100.0,0.0,False,0,0,0,0,False,False,False
111878,100.0,0.0,False,0,0,0,0,False,False,False
111938,100.0,0.0,False,0,0,1,0,False,False,False
111998,100.0,0.0,False,0,0,1,0,False,False,False
112058,100.0,0.0,False,0,0,1,0,False,False,False
112118,100.0,0.0,False,0,0,1,0,False,False,False
112178,100.0,0.0,False,0,0,1,0,False,False,False
112238,100.0,0.0,False,0,0,1,0,False,False,False
112298,100.0,0.0,False,0,0,1,0,False,False,False
112358,100.0,0.0,False,0,0,1,0,False,False,False
112418,100.0,0.0,False,0,0,1,0,False,False,False
113738,100.0,100.0,True,1,0,1,1,True,False,False
113798,100.0,100.0,True,1,0,1,1,True,False,False
113858,100.0,100.0,True,1,0,1,1,True,False,False
113918,100.0,100.0,True,1,0,1,1,True,False,False
113978,100.0,100.0,True,1,0,1,1,True,False,False
114038,100.0,100.0,True,1,0,1,1,True,False,False
114098,100.0,100.0,True,1,0,1,1,True,False,False
114158,100.0,100.0,True,1,0,1,1,True,False,False
114218,100.0,100.0,True,1,0,1,1,True,False,False
114278,100.0,100.0,True,1,0,1,1,True,False,False
114338,100.0,100.0,True,1,0,1,1,True,False,False
114398,100.0,100.0,True,1,0,1,1,True,False,False
114458,100.0,100.0,True,1,0,1,1,True,False,False
114518,100.0,100.0,True,1,0,1,1,True,False,False
114578,100.0,100.0,True,1,0,1,1,True,False,False
114638,100.0,100.0,True,1,0,1,1,True,False,False
114698,100.0,100.0,True,1,0,1,1,True,False,False
114758,100.0,100.0,True,1,0,1,1,True,False,False
114818,100.0,100.0,True,1,0,1,1,True,False,False
114878,100.0,100.0,True,1,0,1,1,True,False,False
114938,100.0,100.0,True,1,0,1,1,True,False,False
114998,100.0,100.0,True,1,0,1,1,True,False,False
115058,100.0,100.0,True,1,0,1,1,True,False,False
115118,100.0,100.0,True,1,0,1,1,True,False,False
115178,100.0,100.0,True,1,0,1,1,True,False,False
115238,100.0,100.0,True,1,0,1,1,True,False,False
115298,100.0,100.0,True,1,0,1,1,True,False,False
115358,100.0,100.0,True,1,0,1,1,True,False,False
115418,100.0,100.0,True,1,0,1,1,True,False,False
115478,100.0,100.0,True,1,0,1,1,True,False,False
118958,100.0,0.0,False,0,0,0,0,False,False,False
119018,100.0,0.0,False,0,0,0,0,False,False,False
119078,100.0,0.0,False,0,0,0,0,False,False,False
119138,100.0,0.0,False,0,0,0,0,False,False,False
119198,100.0,0.0,False,0,0,0,0,False,False,False
119258,100.0,0.0,False,0,0,0,0,False,False,False
119318,100.0,0.0,False,0,0,0,0,False,False,False
119378,100.0,0.0,False,0,0,0,0,False,False,False
119438,100.0,0.0,False,0,0,0,0,False,False,False
119498,100.0,0.0,False,0,0,0,0,False,False,False
119558,100.0,0.0,False,0,0,0,0,False,False,False
119618,100.0,0.0,False,0,0,0,0,False,False,False
119678,100.0,0.0,False,0,0,0,0,False,False,False
119738,100.0,0.0,False,0,0,0,0,False,False,False
119798,100.0,0.0,False,0,0,0,0,False,False,False
119858,100.0,0.0,False,0,0,0,0,False,False,False
119918,100.0,0.0,False,0,0,0,0,False,False,False
119978,100.0,0.0,False,0,0,0,0,False,False,False
120038,100.0,0.0,False,0,0,0,0,False,False,False
120098,100.0,0.0,False,0,0,0,0,False,False,False
120158,100.0,0.0,False,0,0,0,0,False,False,False
120218,100.0,0.0,False,0,0,0,0,False,False,False
120278,100.0,0.0,False,0,0,0,0,False,False,False
120338,100.0,0.0,False,0,0,0,0,False,False,False
126518,100.0,100.0,True,1,1,0,1,True,False,False
126578,100.0,100.0,True,1,1,0,1,True,False,False
126638,100.0,100.0,True,1,1,0,1,True,False,False
126698,100.0,100.0,True,1,1,0,1,True,False,False
126758,100.0,100.0,True,1,1,0,1,True,False,False
126818,100.0,100.0,True,1,1,0,1,True,False,False
126878,100.0,100.0,True,1,1,0,1,True,False,False
126938,100.0,100.0,True,1,1,0,1,True,False,False
126998,100.0,100.0,True,1,1,0,1,True,False,False
127058,100.0,100.0,True,1,1,0,1,True,False,False
127118,100.0,100.0,True,1,0,0,1,True,False,False
127178,100.0,100.0,True,1,0,0,1,True,False,False
127238,100.0,100.0,True,1,0,0,1,True,False,False
127298,100.0,100.0,True,1,0,0,1,True,False,False
127358,100.0,100.0,True,1,0,0,1,True,False,False
127418,100.0,100.0,True,1,0,0,1,True,False,False
127478,100.0,100.0,True,1,0,0,1,True,False,False
127538,100.0,100.0,True,1,0,0,1,True,False,False
127598,100.0,100.0,True,1,0,0,1,True,False,False
127658,100.0,100.0,True,1,0,0,1,True,False,False
127718,100.0,100.0,True,1,0,0,1,True,False,False
127778,100.0,100.0,True,1,0,0,1,True,False,False
127838,100.0,100.0,True,1,0,0,1,True,False,False
127898,100.0,100.0,True,1,0,0,1,True,False,False
127958,100.0,100.0,True,1,0,0,1,True,False,False
128018,100.0,100.0,True,1,0,0,1,True,False,False
128078,100.0,100.0,True,1,0,0,1,True,False,False
128138,100.0,100.0,True,1,0,0,1,True,False,False
128198,100.0,100.0,True,1,0,0,1,True,False,False
128258,100.0,100.0,True,1,0,0,1,True,False,False
128318,100.0,100.0,True,1,0,0,1,True,False,False
128378,100.0,100.0,True,1,0,0,1,True,False,False
128438,100.0,100.0,True,1,0,0,1,True,False,False
128498,100.0,100.0,True,1,0,0,1,True,False,False
128558,100.0,100.0,True,1,0,0,1,True,False,False
128618,100.0,100.0,True,1,0,0,1,True,False,False
128678,100.0,100.0,True,1,0,0,1,True,False,False
128738,100.0,100.0,True,1,0,0,1,True,False,False
128798,100.0,100.0,True,1,0,0,1,True,False,False
128858,100.0,100.0,True,1,0,0,1,True,False,False
128918,100.0,100.0,True,1,0,0,1,True,False,False
128978,100.0,100.0,True,1,0,0,1,True,False,False
129038,100.0,100.0,True,1,0,0,1,True,False,False
129098,100.0,100.0,True,1,0,0,1,True,False,False
129158,100.0,100.0,True,1,0,0,1,True,False,False
129218,100.0,100.0,True,1,0,0,1,True,False,False
129278,100.0,100.0,True,1,0,0,1,True,False,False
129338,100.0,100.0,True,1,0,0,1,True,False,False
129398,100.0,100.0,True,1,0,0,1,True,False,False
129458,100.0,100.0,True,1,0,0,1,True,False,False
129518,100.0,100.0,True,1,0,0,1,True,False,False
129578,100.0,100.0,True,1,0,0,1,True,False,False
129638,100.0,100.0,True,1,0,0,1,True,False,False
129698,100.0,100.0,True,1,0,0,1,True,False,False
129758,100.0,100.0,True,0,0,0,1,True,False,False
129818,100.0,100.0,True,0,0,0,1,True,False,False
129878,73.0,97.0,True,0,0,0,1,True,False,False
129938,73.0,97.0,True,0,0,0,1,True,False,False
129998,73.0,97.0,True,0,0,0,1,True,False,False
130058,73.0,97.0,True,0,0,0,1,True,False,False
130118,73.0,97.0,True,0,0,0,1,True,False,False
130178,73.0,97.0,True,0,0,0,1,True,False,False
130238,73.0,97.0,True,0,0,0,1,True,False,False
130298,73.0,97.0,True,0,0,0,1,True,False,False
130358,73.0,97.0,True,0,0,0,1,True,False,False
130418,73.0,97.0,True,0,0,0,1,True,False,False
130478,73.0,97.0,True,0,0,0,1,True,False,False
130538,73.0,97.0,True,0,0,0,1,True,False,False
130598,73.0,97.0,True,0,0,0,1,True,False,False
130658,73.0,97.0,True,0,0,0,1,True,False,False
130718,73.0,97.0,True,0,0,0,1,True,False,False
130778,73.0,97.0,True,0,0,0,1,True,False,False
130838,73.0,97.0,True,0,0,0,1,True,False,False
130898,73.0,97.0,True,0,0,0,1,True,False,False
130958,73.0,97.0,True,0,0,0,1,True,False,False
131018,73.0,97.0,True,0,0,0,0,True,False,False
131078,73.0,97.0,True,0,0,0,0,True,False,False
131138,73.0,97.0,True,0,0,0,0,True,False,False
131198,73.0,97.0,True,0,0,0,0,True,False,False
131258,73.0,97.0,True,0,0,0,0,True,False,False
131318,73.0,97.0,True,0,0,0,0,True,False,False
131378,73.0,97.0,True,0,0,0,0,True,False,False
131438,73.0,97.0,True,0,0,0,0,True,False,False
131498,73.0,97.0,True,0,0,0,0,True,False,False
131558,73.0,97.0,True,0,0,0,0,True,False,False
131618,73.0,97.0,True,0,0,0,0,True,False,False
131678,73.0,97.0,True,0,0,0,0,True,False,False
131738,73.0,97.0,True,0,0,0,0,True,False,False
131798,73.0,97.0,True,0,0,0,0,True,False,False
131858,73.0,97.0,True,0,0,0,0,True,False,False
131918,73.0,97.0,True,0,0,0,0,True,False,False
131978,73.0,97.0,True,0,0,0,0,True,False,False
132038,73.0,97.0,True,0,0,0,0,True,False,False
132098,73.0,97.0,True,0,0,0,0,True,False,False
132158,73.0,97.0,True,0,0,0,0,True,False,False
132218,73.0,97.0,True,0,0,0,0,True,False,False
132278,73.0,97.0,True,0,0,0,0,True,False,False
132338,73.0,97.0,True,0,0,0,0,True,False,False
132398,73.0,97.0,True,0,0,0,0,True,False,False
132458,73.0,97.0,True,0,0,0,0,True,False,False
132518,73.0,97.0,True,0,0,0,0,True,False,False
132578,73.0,97.0,True,0,0,0,0,True,False,False
132638,73.0,97.0,True,0,0,0,0,True,False,False
132698,73.0,97.0,True,0,0,0,0,True,False,False
134018,100.0,97.0,True,1,1,0,1,True,False,False
134078,100.0,97.0,True,1,1,0,1,True,False,False
134138,100.0,97.0,True,1,1,0,1,True,False,False
134198,100.0,97.0,True,1,1,1,1,True,False,False
134258,100.0,97.0,True,1,1,1,1,True,False,False
134318,100.0,97.0,True,1,1,1,1,True,False,False
134378,100.0,97.0,True,1,1,1,1,True,False,False
134438,100.0,97.0,True,1,1,1,1,True,False,False
134498,100.0,97.0,True,1,1,1,1,True,False,False
134558,100.0,97.0,True,1,1,1,1,True,False,False
134618,100.0,97.0,True,1,1,1,1,True,False,False
134678,100.0,97.0,True,1,1,1,1,True,False,False
134738,100.0,97.0,True,1,1,1,1,True,False,False
134798,100.0,97.0,True,1,1,1,1,True,False,False
134858,100.0,97.0,True,1,1,1,1,True,False,False
134918,100.0,97.0,True,1,1,1,1,True,False,False
134978,100.0,97.0,True,1,1,1,1,True,False,False
135038,100.0,97.0,True,1,1,1,1,True,False,False
135098,100.0,97.0,True,1,1,1,1,True,False,False
135158,100.0,97.0,True,1,1,1,1,True,False,False
135218,100.0,97.0,True,1,1,1,1,True,False,False
135278,100.0,97.0,True,1,1,1,1,True,False,False
135338,100.0,97.0,True,1,1,1,1,True,False,False
135398,100.0,97.0,True,1,1,1,1,True,False,False
135458,100.0,97.0,True,1,1,1,1,True,False,False
135518,100.0,97.0,True,1,1,1,1,True,False,False
135578,100.0,97.0,True,1,1,1,1,True,False,False
135638,100.0,97.0,True,1,1,1,1,True,False,False
135698,100.0,97.0,True,1,1,1,1,True,False,False
135758,100.0,97.0,True,1,1,1,1,True,False,False
135818,100.0,97.0,True,1,1,1,1,True,False,False
135878,100.0,97.0,True,1,1,1,1,True,False,False
135938,100.0,97.0,True,1,1,1,1,True,False,False
135998,100.0,97.0,True,1,1,1,1,True,False,False
136058,100.0,97.0,True,1,1,1,1,True,False,False
136118,100.0,97.0,True,1,1,1,1,True,False,False
136178,100.0,97.0,True,1,1,0,1,True,False,False
136238,100.0,97.0,True,1,1,0,1,True,False,False
136298,100.0,97.0,True,1,1,0,1,True,False,False
136358,100.0,97.0,True,1,1,0,1,True,False,False
136418,100.0,97.0,True,1,1,0,1,True,False,False
136478,100.0,97.0,True,1,1,0,1,True,False,False
136538,100.0,97.0,True,1,1,0,1,True,False,False
136598,100.0,97.0,True,1,1,0,1,True,False,False
136658,100.0,97.0,True,1,1,0,1,True,False,False
136718,100.0,97.0,True,1,1,0,1,True,False,False
136778,100.0,97.0,True,1,1,0,1,True,False,False
140558,100.0,100.0,False,0,0,1,0,False,False,False
140618,100.0,100.0,False,0,0,1,0,False,False,False
140678,100.0,100.0,False,0,0,1,0,False,False,False
140738,100.0,100.0,False,0,0,1,0,False,False,False
140798,100.0,100.0,False,0,0,1,0,False,False,False
140858,100.0,100.0,False,0,0,1,0,False,False,False
140918,100.0,100.0,False,0,0,1,0,False,False,False
140978,100.0,100.0,False,0,0,1,0,False,False,False
141038,100.0,100.0,False,0,0,1,0,False,False,False
141098,100.0,100.0,False,0,0,0,0,False,False,False
141158,100.0,100.0,False,0,0,0,0,False,False,False
141218,100.0,100.0,False,0,0,0,0,False,False,False
141278,100.0,100.0,False,0,0,0,0,False,False,False
141338,100.0,100.0,False,0,0,0,0,False,False,False
141398,100.0,100.0,False,0,0,0,0,False,False,False
141458,100.0,100.0,True,0,0,0,0,False,False,False
141518,100.0,100.0,True,0,0,0,0,False,False,False
141578,100.0,100.0,True,0,0,0,0,False,False,False
141638,100.0,100.0,True,0,0,0,0,False,False,False
141698,100.0,100.0,True,0,0,0,0,False,False,False
141758,100.0,100.0,True,0,0,0,0,False,False,False
141818,100.0,100.0,True,0,0,0,0,False,False,False
