0,1,2,3,4,5,6,7,8,9,10
10288,100,100,False,0,0,0,0,False,False,False
10348,100,0,False,0,0,0,0,True,False,False
10408,100,0,False,1,0,0,0,True,False,False
10468,100,0,False,1,0,0,0,False,False,False
10528,100,0,False,1,0,0,0,False,False,False
10588,100,0,False,1,0,0,0,False,False,False
10648,100,0,False,1,0,0,0,False,False,False
10708,100,0,False,1,0,0,0,False,False,False
10768,100,0,False,0,0,0,0,False,False,False
10828,100,0,False,0,0,0,0,False,False,False
10888,100,0,False,0,0,0,0,False,False,False
10948,100,0,False,0,0,0,0,False,False,False
11008,100,0,False,0,0,0,0,False,False,False
11068,100,0,False,0,0,0,0,False,False,False
11128,100,0,False,0,0,0,0,False,False,False
11188,100,0,False,0,0,0,0,False,False,False
11248,100,0,False,0,0,0,0,False,False,False
11308,100,0,False,0,0,0,0,False,False,False
11368,100,0,False,0,0,0,0,False,False,False
11428,100,0,False,0,0,0,0,False,False,False
11488,100,0,False,0,0,0,0,False,False,False
11548,100,0,False,0,0,0,0,False,False,False
11608,100,0,False,0,0,0,0,False,False,False
11668,100,0,False,0,0,0,0,False,False,False
11728,100,0,False,0,0,0,0,False,False,False
11788,100,0,False,0,0,0,0,False,False,False
11848,100,0,False,0,0,0,0,False,False,False
11908,100,0,False,0,0,0,0,False,False,False
11968,100,0,False,0,0,0,0,False,False,False
12028,100,0,False,0,0,0,0,False,False,False
12088,100,0,False,0,0,0,0,False,False,False
12148,100,0,False,0,0,0,0,False,False,False
12208,100,0,False,0,0,0,0,False,False,False
12268,100,0,False,0,0,0,0,False,False,False
12328,100,0,False,0,0,0,0,False,False,False
12388,100,0,False,0,0,0,0,False,False,False
12448,100,0,False,0,0,0,0,False,False,False
12508,100,0,False,0,0,0,0,False,False,False
12568,100,0,False,0,0,0,0,False,False,False
12628,100,0,False,0,0,0,0,False,False,False
12688,100,0,False,0,0,0,0,False,False,False
14008,100,100,True,1,0,1,0,False,False,False
14068,100,100,True,1,0,1,0,False,False,False
14128,100,100,True,1,0,1,0,False,False,False
14188,100,100,True,1,0,1,0,False,False,False
14248,100,100,True,1,0,1,0,False,False,False
14308,100,100,True,1,0,1,0,False,False,False
14368,100,100,True,1,0,1,0,False,False,False
14428,100,100,True,1,0,1,0,False,False,False
14488,100,100,True,1,0,1,0,False,False,False
14548,100,100,True,1,0,1,0,False,False,False
14608,100,100,True,1,0,1,0,False,False,False
14668,100,100,True,1,0,1,0,False,False,False
14728,100,100,True,1,0,1,0,False,False,False
14788,100,100,True,1,0,1,0,False,False,False
14848,100,100,True,0,0,1,0,False,False,False
14908,100,100,True,0,0,1,0,False,False,False
14968,100,100,True,0,0,0,0,False,False,False
15028,100,100,True,0,0,0,0,False,False,False
15088,100,100,True,0,0,0,0,False,False,False
15148,100,100,True,0,0,0,0,False,False,False
15208,100,100,True,0,0,0,0,False,False,False
15268,100,100,True,0,0,0,0,False,False,False
15328,100,100,True,0,0,0,0,False,False,False
15388,100,100,True,0,0,0,0,False,False,False
15448,100,100,True,0,0,0,0,False,False,False
15508,100,100,True,0,0,0,0,False,False,False
15568,100,100,True,0,0,0,0,False,False,False
15628,100,100,True,0,0,0,0,False,False,False
15688,100,100,True,0,0,0,0,False,False,False
15748,100,100,True,0,0,0,0,False,False,False
15808,100,100,True,0,0,0,0,False,False,False
15868,100,100,True,0,0,0,0,False,False,False
15928,100,100,True,0,0,0,0,False,False,False
15988,100,100,True,0,0,0,0,False,False,False
16048,100,100,True,0,0,0,0,False,False,False
16108,100,100,True,0,0,0,0,False,False,False
16168,100,100,True,0,0,0,0,False,False,False
16228,100,100,True,0,0,0,0,False,False,False
16288,100,100,True,0,0,0,0,False,False,False
16348,100,100,True,0,0,0,0,False,False,False
16408,100,100,True,0,0,0,0,False,False,False
16468,100,100,True,0,0,0,0,False,False,False
17788,100,100,True,1,1,1,1,True,False,False
17848,100,100,True,1,1,1,1,True,False,False
17908,100,100,True,1,1,1,1,True,False,False
17968,100,100,True,1,1,1,1,True,False,False
18028,100,100,True,0,1,1,1,True,False,False
18088,100,100,True,0,1,1,1,True,False,False
18148,100,100,True,0,1,1,0,True,False,False
18208,100,100,True,0,1,1,0,True,False,False
18268,100,100,True,0,1,1,0,True,False,False
18328,100,100,True,0,1,1,0,True,False,False
18388,100,100,True,0,1,1,0,True,False,False
18448,100,100,True,0,1,1,0,True,False,False
18508,100,100,True,0,1,1,0,True,False,False
18568,100,100,True,0,1,0,0,True,False,False
18628,100,100,True,0,1,0,0,True,False,False
18688,100,100,True,0,1,0,0,True,False,False
18748,100,100,True,0,1,0,0,True,False,False
18808,100,100,True,0,1,0,0,True,False,False
18868,100,100,True,0,1,0,0,True,False,False
18928,100,100,True,0,1,0,0,True,False,False
18988,100,100,True,1,1,0,0,True,False,False
19048,100,100,True,1,1,0,0,True,False,False
19108,100,100,True,1,1,0,0,True,False,False
19168,100,100,True,1,1,0,0,True,False,False
19228,100,100,True,1,1,0,0,True,False,False
19288,100,100,True,1,1,0,0,True,False,False
19348,100,100,True,1,1,0,0,True,False,False
19408,100,100,True,1,1,0,0,True,False,False
19468,100,100,True,0,1,0,0,True,False,False
19528,100,100,True,0,1,0,0,True,False,False
19588,100,100,True,0,1,0,0,True,False,False
19648,100,100,True,0,1,0,0,True,False,False
19708,100,100,True,0,1,0,0,True,False,False
19768,100,100,True,0,1,0,0,True,False,False
19828,100,100,True,0,1,0,0,True,False,False
19888,100,100,True,0,1,0,0,True,False,False
19948,100,100,True,0,1,0,0,True,False,False
20008,100,100,True,0,1,0,0,True,False,False
20068,100,100,True,0,1,0,0,True,False,False
20128,100,100,True,0,1,0,0,True,False,False
20188,100,100,True,0,1,0,0,True,False,False
20248,100,100,True,0,1,0,0,True,False,False
20308,100,100,True,0,1,0,0,True,False,False
20368,100,100,True,0,1,0,0,True,False,False
20428,100,100,True,0,1,0,0,True,False,False
20488,100,100,True,0,1,0,0,True,False,False
20548,100,100,True,0,1,0,0,True,False,False
20608,100,100,True,0,1,0,0,True,False,False
20668,100,100,True,0,1,0,0,True,False,False
20728,100,100,True,0,1,0,0,True,False,False
20788,100,100,True,0,1,0,0,True,False,False
20848,100,100,True,0,0,0,0,True,False,False
20908,45,94,True,0,0,0,0,True,False,False
24928,100,0,False,0,0,0,0,False,False,False
24988,100,100,False,0,0,0,0,False,False,False
25048,100,100,False,0,0,0,0,False,False,False
25108,100,100,False,0,0,0,0,False,False,False
25168,100,100,False,0,0,0,0,False,False,False
25228,100,100,False,0,0,0,0,False,False,False
25288,100,100,False,0,0,0,0,False,False,False
25348,100,100,False,0,0,0,0,False,False,False
25408,100,100,False,0,0,0,0,False,False,False
25468,100,100,False,0,0,0,0,False,False,False
25528,100,100,False,0,0,0,0,False,False,False
25588,100,100,False,0,0,0,0,False,False,False
25648,100,100,False,0,0,0,0,False,False,False
25708,100,100,False,0,0,0,0,False,False,False
25768,100,100,False,0,0,0,0,False,False,False
25828,100,100,False,0,0,0,0,False,False,False
25888,100,100,False,0,0,0,0,False,False,False
25948,100,100,False,0,0,0,0,False,False,False
26008,100,100,False,0,0,0,0,False,False,False
26068,100,100,False,0,0,0,0,False,False,False
26128,100,100,False,0,0,0,0,False,False,False
26188,100,100,False,0,0,0,0,False,False,False
26248,100,100,False,0,0,0,0,False,False,False
26308,100,100,False,0,0,0,0,False,False,False
26368,100,100,False,0,0,0,0,False,False,False
26428,47,94,False,0,0,0,0,False,False,False
26488,15,90,False,0,0,0,0,False,False,False
26548,15,90,False,0,0,0,0,False,False,False
26608,15,90,False,0,0,0,0,False,False,False
26668,15,90,False,0,0,0,0,False,False,False
26728,15,90,False,0,0,0,0,False,False,False
26788,15,90,False,0,0,0,0,False,False,False
26848,15,90,False,0,0,0,0,False,False,False
26908,15,90,False,0,0,0,0,False,False,False
26968,15,90,False,0,0,0,0,False,False,False
27028,15,90,False,0,0,0,0,False,False,False
27088,15,90,False,0,0,0,0,False,False,False
27148,15,90,False,0,0,0,0,False,False,False
27208,15,90,False,0,0,0,0,False,False,False
27268,15,90,False,0,0,0,0,False,False,False
27328,15,90,False,0,0,0,0,False,False,False
27388,15,90,False,0,0,0,0,False,False,False
27448,15,90,False,0,0,0,0,False,False,False
27508,15,90,False,0,0,0,0,False,False,False
27568,15,90,False,0,0,0,0,False,False,False
27628,15,90,False,0,0,0,0,False,False,False
27688,15,90,False,0,0,0,0,False,False,False
27748,15,90,False,0,0,0,0,False,False,False
27808,15,90,False,0,0,0,0,False,False,False
27868,15,90,False,0,0,0,0,False,False,False
27928,15,90,False,0,0,0,0,False,False,False
27988,15,90,False,0,0,0,0,False,False,False
28048,15,90,False,0,0,0,0,False,False,False
28108,15,90,False,0,0,0,0,False,False,False
28168,15,90,False,0,0,0,0,False,False,False
28228,15,90,False,0,0,0,0,False,False,False
28288,15,90,False,0,0,0,0,False,False,False
28348,15,90,False,0,0,0,0,False,False,False
28408,15,90,False,0,0,0,0,False,False,False
28468,15,90,False,0,0,0,0,False,False,False
28528,15,90,False,0,0,0,0,False,False,False
28588,15,90,False,0,0,0,0,False,False,False
28648,15,90,False,0,0,0,0,False,False,False
28708,15,90,False,0,0,0,0,False,False,False
28768,15,90,False,0,0,0,0,False,False,False
28828,15,90,False,0,0,0,0,False,False,False
28888,15,90,False,0,0,0,0,False,False,False
28948,15,90,False,0,0,0,0,False,False,False
29008,15,90,False,0,0,0,0,False,False,False
29068,15,90,False,0,0,0,0,False,False,False
29128,15,90,False,0,0,0,0,False,False,False
29188,15,90,False,0,0,0,0,False,False,False
29248,15,90,False,0,0,0,0,False,False,False
29308,15,90,False,0,0,0,0,False,False,False
29368,15,90,False,0,0,0,0,False,False,False
29428,15,90,False,0,0,0,0,False,False,False
29488,15,90,False,0,0,0,0,False,False,False
29548,15,90,False,0,0,0,0,False,False,False
29608,15,90,False,0,0,0,0,False,False,False
29668,15,90,False,0,0,0,0,False,False,False
29728,15,90,False,0,0,0,0,False,False,False
29788,15,90,False,0,0,0,0,False,False,False
29848,15,90,False,0,0,0,0,False,False,False
29908,15,90,False,0,0,0,0,False,False,False
29968,15,90,False,0,0,0,0,False,False,False
30028,15,90,False,0,0,0,0,False,False,False
30088,15,90,False,0,0,0,0,False,False,False
30148,15,90,False,0,0,0,0,False,False,False
30208,15,90,False,0,0,0,0,False,False,False
30268,15,90,False,0,0,0,0,False,False,False
30328,15,90,False,0,0,0,0,False,False,False
30388,15,90,False,0,0,0,0,False,False,False
30448,15,90,False,0,0,0,0,False,False,False
30508,15,90,False,0,0,0,0,False,False,False
30568,15,90,False,0,0,0,0,False,False,False
30628,15,90,False,0,0,0,0,False,False,False
30688,15,90,False,0,0,0,0,False,False,False
30748,15,90,False,0,0,0,0,False,False,False
30808,15,90,False,0,0,0,0,False,False,False
30868,15,90,False,0,0,0,0,False,False,False
30928,15,90,False,0,0,0,0,False,False,False
30988,15,90,False,0,0,0,0,False,False,False
31048,15,90,False,0,0,0,0,False,False,False
31108,15,90,False,0,0,0,0,False,False,False
31168,15,90,False,0,0,0,0,False,False,False
31228,15,90,False,0,0,0,0,False,False,False
31288,15,90,False,0,0,0,0,False,False,False
33868,100,100,True,0,0,0,0,False,False,False
33928,100,100,True,0,0,0,0,False,False,False
33988,100,100,True,0,0,0,0,False,False,False
34048,100,100,True,0,0,0,0,False,False,False
34108,100,100,True,0,0,0,0,False,False,False
34168,100,100,True,0,0,0,0,False,False,False
34228,100,100,True,0,0,0,0,False,False,False
34288,100,100,True,0,0,0,0,False,False,False
34348,100,100,True,0,0,0,0,False,False,False
34408,100,100,True,0,0,0,0,False,False,False
34468,100,100,True,0,0,0,0,False,False,False
34528,100,100,True,0,0,0,0,False,False,False
34588,100,100,True,0,0,0,0,False,False,False
34648,33,93,True,0,0,0,0,False,False,False
37888,100,100,True,0,0,0,1,False,False,False
37948,100,100,True,0,0,0,1,False,False,False
38008,100,100,True,0,0,0,1,False,False,False
38068,100,100,True,0,0,0,1,False,False,False
38128,100,100,True,0,0,0,1,False,False,False
38188,100,100,True,0,0,0,1,False,False,False
38248,100,100,True,0,0,0,1,False,False,False
38308,100,100,True,0,0,0,1,False,False,False
38368,100,100,True,0,0,0,1,False,False,False
38428,100,100,True,0,0,0,0,False,False,False
38488,100,100,True,0,0,0,0,False,False,False
38548,100,100,True,0,0,0,0,False,False,False
38608,100,100,True,0,0,0,0,False,False,False
44428,100,100,True,0,0,0,0,False,False,False
44488,100,100,True,0,0,0,0,False,False,False
44548,100,100,True,0,0,0,0,False,False,False
44608,100,100,True,0,0,0,0,False,False,False
44668,100,100,True,0,0,0,0,False,False,False
44728,100,100,True,0,0,0,0,False,False,False
44788,100,100,True,0,0,0,0,False,False,False
44848,100,100,True,0,0,0,0,False,False,False
44908,100,100,True,0,0,0,0,False,False,False
44968,100,100,True,0,0,0,0,False,False,False
45028,100,100,True,0,0,0,0,False,False,False
45088,100,100,True,0,0,0,0,False,False,False
45148,100,100,True,0,0,0,0,False,False,False
45208,100,100,True,0,0,0,0,False,False,False
45268,100,100,True,0,0,0,0,False,False,False
45328,100,100,True,0,0,0,0,False,False,False
45388,100,100,True,0,0,0,0,False,False,False
45448,100,100,True,0,0,0,0,False,False,False
45508,100,100,True,0,0,0,0,False,False,False
45568,100,100,True,0,0,0,0,False,False,False
45628,100,100,True,0,0,0,0,False,False,False
45688,73,97,True,0,0,0,0,False,False,False
45748,73,97,True,0,0,0,0,False,False,False
45808,73,97,True,0,0,0,0,False,False,False
45868,73,97,True,0,0,0,0,False,False,False
45928,73,97,True,0,0,0,0,False,False,False
45988,73,97,True,0,0,0,0,False,False,False
46048,73,97,True,0,0,0,0,False,False,False
46108,46,94,True,0,0,0,0,False,False,False
46168,46,94,True,0,0,0,0,False,False,False
46228,46,94,True,0,0,0,0,False,False,False
46288,46,94,True,0,0,0,0,False,False,False
46348,46,94,True,0,0,0,0,False,False,False
46408,46,94,True,0,0,0,0,False,False,False
48328,100,100,True,1,0,0,1,False,False,False
48388,100,100,True,1,0,0,1,False,False,False
48448,100,100,True,1,0,0,1,False,False,False
48508,100,100,True,1,0,0,1,False,False,False
48568,100,100,True,1,0,0,1,False,False,False
48628,100,100,True,1,0,0,1,False,False,False
48688,100,100,True,1,0,0,1,False,False,False
48748,100,100,True,1,0,0,1,False,False,False
48808,100,100,True,1,0,0,1,False,False,False
48868,100,100,True,1,0,0,1,False,False,False
48928,100,100,True,1,0,0,1,False,False,False
48988,100,100,True,1,0,0,1,False,False,False
49048,100,100,True,1,0,0,1,False,False,False
49108,100,100,True,1,0,0,1,False,False,False
49168,100,100,True,1,0,0,1,False,False,False
49228,100,100,True,1,0,0,1,False,False,False
49288,100,100,True,1,0,0,1,False,False,False
49348,100,100,True,1,0,0,1,False,False,False
49408,100,100,True,1,0,0,1,False,False,False
49468,100,100,True,1,0,0,1,False,False,False
49528,100,100,True,1,0,0,1,False,False,False
49588,100,100,True,1,0,0,1,False,False,False
49648,100,100,True,1,0,0,1,False,False,False
49708,100,100,True,1,0,0,1,False,False,False
49768,100,100,True,1,0,0,1,False,False,False
49828,100,100,True,1,0,0,1,False,False,False
49888,100,100,True,1,0,0,1,False,False,False
49948,100,100,True,1,0,0,1,False,False,False
50008,100,100,True,1,0,0,1,False,False,False
50068,100,100,True,1,0,0,1,False,False,False
55348,100,100,False,0,1,0,0,False,False,False
55408,100,100,False,0,1,0,0,False,False,False
55468,100,100,False,0,1,0,0,False,False,False
55528,100,100,False,0,1,0,0,False,False,False
55588,100,100,False,0,1,0,0,False,False,False
55648,100,100,False,0,1,0,0,False,False,False
55708,100,100,False,0,1,0,0,False,False,False
55768,100,100,False,0,1,0,0,False,False,False
55828,100,100,False,0,1,0,0,False,False,False
55888,100,100,False,0,1,0,0,False,False,False
55948,40,76,False,0,1,0,0,False,False,False
56008,40,76,False,0,1,0,0,False,False,False
59908,100,100,True,1,1,1,1,True,False,False
59968,100,100,True,1,1,1,1,True,False,False
60028,100,100,True,1,1,1,1,True,False,False
60088,100,100,True,1,1,1,1,True,False,False
60148,100,100,True,1,1,1,1,True,False,False
60208,100,100,True,1,1,1,1,True,False,False
60268,100,100,True,1,1,1,1,True,False,False
60328,100,100,True,1,1,1,1,True,False,False
60388,100,100,True,1,1,1,1,True,False,False
60448,100,100,True,1,1,1,1,True,False,False
60508,100,100,True,1,1,1,1,True,False,False
60568,100,100,True,1,1,1,1,True,False,False
60628,100,100,True,1,1,1,1,True,False,False
60688,100,100,True,1,1,1,1,True,False,False
60748,100,100,True,1,1,1,1,True,False,False
60808,100,100,True,1,1,1,1,True,False,False
60868,100,100,True,1,1,1,1,True,False,False
60928,100,100,True,1,1,1,1,True,False,False
60988,100,100,True,1,1,1,1,True,False,False
61048,100,100,True,0,1,1,1,True,False,False
61108,100,100,True,0,1,1,1,True,False,False
61168,100,100,True,0,1,1,1,True,False,False
61228,100,100,True,0,1,1,1,True,False,False
61288,100,100,True,0,1,1,1,True,False,False
61348,100,100,True,0,1,1,1,True,False,False
61408,100,100,True,0,0,1,1,True,False,False
61468,100,100,True,0,0,1,1,True,False,False
61528,98,100,True,0,0,1,1,True,False,False
61588,98,100,True,0,0,1,1,True,False,False
61648,98,100,True,0,0,1,1,True,False,False
61708,98,100,True,0,0,1,1,True,False,False
61768,98,100,True,0,0,1,1,True,False,False
61828,98,100,True,0,0,1,1,True,False,False
61888,98,100,True,0,0,1,1,True,False,False
61948,98,100,True,0,0,1,1,True,False,False
62008,98,100,True,0,0,1,1,True,False,False
62068,98,100,True,0,0,1,1,True,False,False
62128,98,100,True,0,0,1,1,True,False,False
62188,98,100,True,0,0,1,1,True,False,False
62248,98,100,True,0,0,1,1,True,False,False
62308,98,100,True,0,0,1,1,True,False,False
62368,98,100,True,0,0,1,1,True,False,False
62428,98,100,True,0,0,1,1,True,False,False
62488,98,100,True,0,0,1,1,True,False,False
62548,98,100,True,0,0,1,1,True,False,False
66868,100,100,True,0,1,0,0,False,False,False
66928,100,100,True,0,1,0,0,False,False,False
66988,100,100,True,0,1,0,0,False,False,False
67048,100,100,True,0,1,0,0,False,False,False
67108,100,100,True,0,1,0,0,False,False,False
67168,100,100,True,0,1,0,0,False,False,False
67228,100,100,True,0,1,0,0,False,False,False
67288,100,100,True,0,1,0,0,False,False,False
67348,100,100,True,0,1,0,0,False,False,False
67408,100,100,True,0,1,0,0,False,False,False
67468,100,100,True,0,1,0,0,False,False,False
67528,100,100,True,0,1,0,0,False,False,False
67588,100,100,True,0,1,0,0,False,False,False
67648,100,100,True,0,1,0,0,False,False,False
67708,100,100,True,0,1,0,0,False,False,False
67768,100,100,True,0,1,0,0,False,False,False
67828,100,100,True,0,1,0,0,False,False,False
67888,100,100,True,0,1,0,0,False,False,False
67948,100,100,True,0,1,0,0,False,False,False
68008,100,100,True,0,1,0,0,False,False,False
68068,100,100,True,0,1,0,0,False,False,False
68128,100,100,True,0,1,0,0,False,False,False
68188,100,100,True,0,1,0,0,False,False,False
68248,100,100,True,0,1,0,0,False,False,False
68308,100,100,True,0,1,0,0,False,False,False
68368,100,100,True,0,1,0,0,False,False,False
68428,100,100,True,0,1,0,0,False,False,False
68488,100,100,True,0,1,0,0,False,False,False
68548,73,97,True,0,1,0,0,False,False,False
68608,73,97,True,0,1,0,0,False,False,False
76228,100,100,False,0,0,0,0,False,False,False
76288,100,100,False,0,0,0,0,False,False,False
76348,100,100,False,0,0,0,0,False,False,False
76408,100,100,False,0,0,0,0,False,False,False
76468,100,100,False,0,0,0,0,False,False,False
76528,100,100,False,0,0,0,0,False,False,False
76588,100,100,False,0,0,0,0,False,False,False
76648,100,100,False,0,0,0,0,False,False,False
76708,100,100,False,0,0,0,0,False,False,False
76768,100,100,False,0,0,0,0,False,False,False
76828,100,100,False,0,0,0,0,False,False,False
76888,100,100,False,0,0,0,0,False,False,False
76948,100,100,False,0,0,0,0,False,False,False
77008,100,100,False,0,0,0,0,False,False,False
77068,100,100,False,0,0,0,0,False,False,False
77128,100,100,False,0,0,0,0,False,False,False
77188,100,100,False,0,0,0,0,False,False,False
77248,100,100,False,0,0,0,0,False,False,False
77308,100,100,False,0,0,0,0,False,False,False
77368,100,100,False,0,0,0,0,False,False,False
77428,100,100,False,0,0,0,0,False,False,False
77488,100,100,False,0,0,0,0,False,False,False
77548,100,100,False,0,0,0,0,False,False,False
77608,100,100,False,0,0,0,0,False,False,False
77668,100,100,False,0,0,0,0,False,False,False
77728,100,100,False,0,0,0,0,False,False,False
77788,100,100,False,0,0,0,0,False,False,False
77848,100,100,False,0,0,0,0,False,False,False
77908,100,100,False,0,0,0,0,False,False,False
77968,100,100,False,0,0,0,0,False,False,False
78028,100,100,False,0,0,0,0,False,False,False
78088,100,100,False,0,0,0,0,False,False,False
78148,100,100,False,0,0,0,0,False,False,False
78208,100,100,False,0,0,0,0,False,False,False
81928,100,100,False,0,0,0,0,False,False,False
81988,100,100,False,0,0,0,0,False,False,False
82048,100,100,False,0,0,0,0,False,False,False
82108,100,100,False,0,0,0,0,False,False,False
82168,100,100,False,0,0,0,0,False,False,False
82228,100,100,False,0,0,0,0,False,False,False
82288,100,100,False,0,0,0,0,False,False,False
82348,100,100,False,0,0,0,0,False,False,False
82408,100,100,False,0,0,0,0,False,False,False
82468,100,100,False,0,0,0,0,False,False,False
82528,100,100,False,0,0,0,0,False,False,False
82588,100,100,False,0,0,0,0,False,False,False
82648,100,100,False,0,0,0,0,False,False,False
82708,100,100,False,0,0,0,0,False,False,False
82768,100,100,False,0,0,0,0,False,False,False
82828,100,100,False,0,0,0,0,False,False,False
82888,100,100,False,0,0,0,0,False,False,False
82948,100,100,False,0,0,0,0,False,False,False
83008,100,100,False,0,0,0,0,False,False,False
83068,100,100,False,0,0,0,0,False,False,False
83128,100,100,False,0,0,0,0,False,False,False
83188,100,100,False,0,0,0,0,False,False,False
83248,100,100,False,0,0,0,0,False,False,False
83308,100,100,False,0,0,0,0,False,False,False
83368,100,100,False,0,0,0,0,False,False,False
87268,100,100,True,1,1,0,0,False,False,False
87328,100,100,True,1,1,0,0,False,False,False
87388,100,100,True,1,1,0,0,False,False,False
87448,100,100,True,1,1,0,0,False,False,False
87508,100,100,True,1,1,0,0,False,False,False
87568,100,100,True,1,1,0,0,False,False,False
87628,100,100,True,1,0,0,0,False,False,False
87688,100,100,True,1,0,0,0,False,False,False
87748,100,100,True,0,0,0,0,False,False,False
87808,99,100,True,0,0,0,0,False,False,False
87868,93,100,True,0,0,0,0,False,False,False
87928,93,100,True,0,0,0,0,False,False,False
87988,93,100,True,0,0,0,0,False,False,False
88048,93,100,True,0,0,0,0,False,False,False
88108,93,100,True,0,0,0,0,False,False,False
88168,93,100,True,0,0,0,0,False,False,False
88228,93,100,True,0,0,0,0,False,False,False
88288,93,100,True,0,0,0,0,False,False,False
88348,93,100,True,0,0,0,0,False,False,False
88408,93,100,True,0,0,0,0,False,False,False
88468,93,100,True,0,0,0,0,False,False,False
88528,93,100,True,0,0,0,0,False,False,False
88588,93,100,True,0,0,0,0,False,False,False
88648,93,100,True,0,0,0,0,False,False,False
88708,93,100,True,0,0,0,0,False,False,False
88768,93,100,True,0,0,0,0,False,False,False
88828,93,100,True,0,0,0,0,False,False,False
88888,93,100,True,0,0,0,0,False,False,False
88948,93,100,True,0,0,0,0,False,False,False
89008,93,100,True,0,0,0,0,False,False,False
89068,93,100,True,0,0,0,0,False,False,False
89128,93,100,True,0,0,0,0,False,False,False
89188,93,100,True,0,0,0,0,False,False,False
89248,93,100,True,0,0,0,0,False,False,False
89308,93,100,True,0,0,0,0,False,False,False
89368,93,100,True,0,0,0,0,False,False,False
89428,93,100,True,0,0,0,0,False,False,False
89488,93,100,True,0,0,0,0,False,False,False
89548,93,100,True,0,0,0,0,False,False,False
89608,93,100,True,0,0,0,0,False,False,False
89668,93,100,True,0,0,0,0,False,False,False
89728,93,100,True,0,0,0,0,False,False,False
89788,93,100,True,0,0,0,0,False,False,False
89848,93,100,True,0,0,0,0,False,False,False
89908,93,100,True,0,0,0,0,False,False,False
89968,93,100,True,0,0,0,0,False,False,False
90028,93,100,True,0,0,0,0,False,False,False
90088,93,100,True,0,0,0,0,False,False,False
90148,68,95,True,0,0,0,0,False,False,False
92128,100,100,True,1,1,0,0,False,False,False
92188,100,100,True,1,1,0,0,False,False,False
92248,100,100,True,1,1,0,0,False,False,False
92308,100,100,True,1,1,0,0,False,False,False
92368,100,100,True,1,1,0,0,False,False,False
92428,100,100,True,1,1,0,0,False,False,False
92488,100,100,True,1,1,0,0,False,False,False
92548,100,100,True,1,1,0,0,False,False,False
92608,100,100,True,1,1,0,0,False,False,False
92668,100,100,True,1,1,0,0,False,False,False
92728,100,100,True,1,1,0,0,False,False,False
92788,100,100,True,1,1,0,0,False,False,False
92848,100,100,True,1,1,0,0,False,False,False
92908,100,100,True,1,1,0,0,False,False,False
92968,100,100,True,1,1,0,0,False,False,False
93028,100,100,True,1,1,0,0,False,False,False
93088,100,100,True,1,1,0,0,False,False,False
93148,100,100,True,1,1,0,0,False,False,False
93208,100,100,True,1,1,0,0,False,False,False
93268,100,100,True,1,1,0,0,False,False,False
93328,100,100,True,1,1,0,0,False,False,False
93388,100,100,True,1,1,0,0,False,False,False
93448,100,100,True,1,1,0,0,False,False,False
93508,100,100,True,1,1,0,0,False,False,False
93568,100,100,True,1,1,0,0,False,False,True
93628,100,100,True,1,1,0,0,False,False,True
93688,100,100,True,1,1,0,0,False,False,True
93748,100,100,True,1,1,0,0,False,False,True
93808,100,100,True,1,1,0,0,False,False,True
93868,100,100,True,1,1,0,0,False,False,True
93928,100,100,True,1,1,0,0,False,False,True
93988,100,100,True,1,1,0,0,False,False,True
94048,100,100,True,1,1,0,0,False,False,True
94108,100,100,True,1,1,0,0,False,False,True
94168,100,100,True,1,1,0,0,False,False,True
94228,100,100,True,1,1,0,0,False,False,True
95608,100,100,True,1,1,1,1,False,False,False
95668,100,100,True,1,1,1,1,False,False,False
95728,100,100,True,1,1,1,1,False,False,False
95788,100,100,True,1,1,1,1,False,False,False
95848,100,100,True,1,1,1,1,False,False,False
95908,100,100,True,1,1,1,1,False,False,False
95968,100,100,True,1,1,1,1,False,False,False
96028,100,100,True,1,1,1,1,False,False,False
96088,100,100,True,1,1,1,1,False,False,False
96148,100,100,True,1,1,1,1,False,False,False
96208,100,100,True,1,1,1,1,False,False,False
96268,100,100,True,1,1,1,1,False,False,False
96328,100,100,True,1,1,1,1,False,False,False
96388,100,100,True,1,1,1,1,False,False,False
96448,100,100,True,1,1,1,1,False,False,False
96508,100,100,True,1,1,1,1,False,False,False
96568,100,100,True,1,1,1,1,False,False,False
96628,100,100,True,1,1,1,1,False,False,False
96688,100,100,True,1,1,1,1,False,False,False
96748,100,100,True,1,1,1,1,False,False,False
96808,100,100,True,1,1,1,1,False,False,False
96868,100,100,True,1,1,1,1,False,False,False
96928,100,100,True,1,1,1,1,False,False,False
96988,100,100,True,1,1,1,1,False,False,False
97048,100,100,True,1,1,1,1,False,False,False
97108,100,100,True,1,1,1,1,False,False,False
97168,100,100,True,1,1,1,0,False,False,False
97228,100,100,True,1,1,1,0,False,False,False
97288,100,100,True,1,1,1,0,False,False,False
97348,65,99,True,1,1,1,0,False,False,False
97408,65,99,True,1,1,1,0,False,False,False
97468,65,99,True,1,1,1,0,False,False,False
97528,65,99,True,1,1,1,0,False,False,False
97588,65,99,True,1,1,1,0,False,False,False
97648,65,99,True,1,1,1,0,False,False,False
97708,65,99,True,1,1,1,0,False,False,False
97768,65,99,True,1,1,1,0,False,False,False
97828,65,99,True,1,1,1,0,False,False,False
97888,65,99,True,1,1,1,0,False,False,False
97948,65,99,True,1,1,1,0,False,False,False
98008,65,99,True,1,1,1,0,False,False,False
98068,65,99,True,1,1,1,0,False,False,True
98128,65,99,True,1,1,1,0,False,False,True
98188,65,99,True,1,1,1,0,False,False,True
98248,65,99,True,1,1,1,0,False,False,True
98308,65,99,True,1,1,1,0,False,False,True
98368,65,99,True,1,1,1,0,False,False,True
99688,100,99,True,1,1,1,1,False,False,False
99748,100,99,True,1,1,1,1,False,False,False
99808,100,99,True,1,1,1,1,False,False,False
99868,100,99,True,1,1,1,1,False,False,False
99928,100,99,True,1,1,1,1,False,False,False
99988,100,99,True,1,1,1,1,False,False,False
100048,100,99,True,1,1,1,1,False,False,False
100108,100,99,True,1,1,1,1,False,False,False
100168,100,99,True,1,1,1,1,False,False,False
100228,99,99,True,1,1,1,1,False,False,False
100288,17,47,True,1,1,1,1,False,False,False
100348,17,47,True,1,1,1,1,False,False,False
100408,17,47,True,1,1,1,1,False,False,False
100468,17,47,True,1,1,1,1,False,False,False
100528,17,47,True,1,1,1,1,False,False,False
100588,17,47,True,1,1,1,1,False,False,False
100648,17,47,True,1,1,1,1,False,False,False
100708,17,47,True,1,1,1,1,False,False,False
100768,17,47,True,1,1,1,1,False,False,False
100828,17,47,True,1,1,1,1,False,False,False
100888,17,47,True,1,1,1,1,False,False,False
100948,17,47,True,1,1,1,1,False,False,False
101008,17,47,True,1,1,1,1,False,True,False
101068,17,47,True,1,1,1,1,False,True,False
101128,17,47,True,1,1,1,1,False,True,False
101188,17,47,True,1,1,1,1,False,True,False
101248,17,47,True,1,1,1,1,False,True,False
101308,17,47,True,1,1,1,1,False,True,False
101368,17,47,True,1,1,1,1,False,True,False
101428,17,47,True,1,1,1,1,False,True,False
101488,17,47,True,1,1,1,1,False,True,False
101548,17,47,True,1,1,1,1,False,True,False
101608,17,47,True,1,1,1,1,False,True,False
101668,17,47,True,1,1,1,1,False,True,False
101728,17,47,True,0,1,1,1,False,True,False
101788,17,47,True,0,1,1,1,False,True,False
101848,17,47,True,0,1,1,1,False,True,False
101908,17,47,True,0,1,1,1,False,True,False
101968,17,47,True,0,1,1,1,False,True,False
102028,17,47,True,0,1,1,1,False,True,False
102088,17,47,True,0,1,1,1,False,True,False
102148,17,47,True,0,1,1,1,False,True,False
102208,17,47,True,0,1,1,1,False,True,False
102268,17,47,True,0,1,0,1,False,True,False
102328,17,47,True,0,1,0,1,False,True,False
102388,17,47,True,0,1,0,1,False,True,False
102448,17,47,True,0,1,0,1,False,True,False
102508,17,47,True,0,1,0,1,False,True,False
102568,17,47,True,0,1,0,1,False,True,False
102628,17,47,True,0,1,0,1,False,True,False
106408,100,100,True,1,1,1,1,False,False,False
106468,100,100,True,1,1,1,1,False,False,False
106528,100,100,True,1,1,1,1,False,False,False
106588,100,100,True,1,1,1,1,False,False,False
106648,100,100,True,1,1,1,1,False,False,False
106708,100,100,True,1,1,1,1,False,False,False
106768,100,100,True,1,1,1,1,False,False,False
106828,100,100,True,1,1,1,1,False,False,False
106888,100,100,True,1,1,1,1,False,False,False
106948,100,100,True,1,1,1,1,False,False,False
107008,100,100,True,1,1,1,1,False,False,False
107068,100,100,True,1,1,1,1,False,False,False
107128,100,100,True,1,1,1,1,False,False,False
107188,100,100,True,1,1,1,1,False,False,False
107248,100,100,True,1,1,1,1,False,False,False
107308,100,100,True,1,1,1,1,False,False,False
107368,90,94,True,1,1,1,1,False,False,False
112288,100,100,False,0,1,0,0,False,False,False
112348,100,100,False,0,1,0,0,False,False,False
112408,100,100,False,0,1,0,0,False,False,False
112468,100,100,False,0,1,0,0,False,False,False
112528,100,100,False,0,1,0,0,False,False,False
112588,100,100,False,0,1,0,0,False,False,False
112648,100,100,False,0,1,0,0,False,False,False
112708,100,100,False,0,1,0,0,False,False,False
112768,100,100,False,0,1,0,0,False,False,False
112828,100,100,False,0,1,0,0,False,False,False
112888,100,100,False,0,1,0,0,False,False,False
112948,100,100,False,0,1,0,0,False,False,False
113008,100,100,False,0,1,0,0,False,False,False
113068,100,100,False,0,1,0,0,False,False,False
113128,100,100,False,0,1,0,0,False,False,False
113188,100,100,False,0,1,0,0,False,False,False
113248,100,100,False,0,1,0,0,False,False,False
113308,100,100,False,0,1,0,0,False,False,False
113368,100,100,False,0,1,0,0,False,False,False
113428,81,97,False,0,1,0,0,False,False,False
113488,81,97,False,0,1,0,0,False,False,False
113548,81,97,False,0,1,0,0,False,False,False
113608,81,97,False,0,1,0,0,False,False,False
113668,81,97,False,0,1,0,0,False,False,False
113728,81,97,False,0,1,0,0,False,False,False
113788,81,97,False,0,1,0,0,False,False,False
113848,81,97,False,0,0,0,0,False,False,False
113908,81,97,False,0,0,0,0,False,False,False
113968,81,97,False,0,0,0,0,False,False,False
114028,81,97,False,0,0,0,0,False,False,False
114088,81,97,False,0,0,0,0,False,False,False
114148,81,97,False,0,0,0,0,False,False,False
114208,81,97,False,0,0,0,0,False,False,False
119128,100,100,True,1,0,0,1,False,False,False
119188,100,100,True,1,0,0,1,False,False,False
119248,100,100,True,1,0,0,1,False,False,False
119308,100,100,True,1,0,0,1,False,False,False
119368,100,100,True,1,0,0,1,False,False,False
119428,100,100,True,1,0,0,1,False,False,False
119488,100,100,True,0,0,0,1,False,False,False
119548,100,100,True,0,0,0,1,False,False,False
119608,100,100,True,0,0,0,0,False,False,False
119668,100,100,True,0,0,0,0,False,False,False
119728,100,100,True,0,0,0,0,False,False,False
119788,100,100,True,0,0,0,0,False,False,False
119848,100,100,True,0,0,0,0,False,False,False
119908,100,100,True,0,0,0,0,False,False,False
119968,100,100,True,0,0,0,0,False,False,False
120028,100,100,True,0,0,0,0,False,False,False
120088,100,100,True,0,0,0,0,False,False,False
120148,100,100,True,0,0,0,0,False,False,False
120208,100,100,True,0,0,0,0,False,False,False
120268,100,100,True,0,0,0,0,False,False,False
120328,100,100,True,0,0,0,0,False,False,False
120388,100,100,True,0,0,0,0,False,False,False
120448,100,100,True,0,0,0,0,False,False,False
120508,100,100,True,0,0,0,0,False,False,False
120568,100,100,True,0,0,0,0,False,False,False
120628,100,100,True,0,0,0,0,False,False,False
120688,100,100,True,0,0,0,0,False,False,False
120748,100,100,True,0,0,0,0,False,False,False
120808,100,100,True,0,0,0,0,False,False,False
120868,100,100,True,0,0,0,0,False,False,False
120928,100,100,True,0,0,0,0,False,False,False
120988,100,100,True,0,0,0,0,False,False,False
121048,100,100,True,0,0,0,0,False,False,False
121108,100,100,True,0,0,0,0,False,False,False
121168,100,100,True,0,0,0,0,False,False,False
121228,100,100,True,0,0,0,0,False,False,False
121288,100,100,True,0,0,0,0,False,False,False
121348,100,100,True,0,0,0,0,False,False,False
121408,100,100,True,0,0,0,0,False,False,False
121468,100,100,True,0,0,0,0,False,False,False
121528,100,100,True,0,0,0,0,False,False,False
121588,100,100,True,0,0,0,0,False,False,False
121648,100,100,True,0,0,0,0,False,False,False
121708,100,100,True,0,0,0,0,False,False,False
121768,100,100,True,0,0,0,0,False,False,False
121828,100,100,True,0,0,0,0,False,False,False
121888,100,100,True,0,0,0,0,False,False,True
121948,100,100,True,0,0,0,0,False,False,True
122008,100,100,True,0,0,0,0,False,False,True
122068,100,100,True,0,0,0,0,False,False,True
122128,100,100,True,0,0,0,0,False,False,True
123448,100,100,True,1,1,1,1,False,False,False
123508,100,100,True,1,1,1,1,False,False,False
123568,100,100,True,1,1,1,1,False,False,False
123628,100,100,True,1,1,1,1,False,False,False
123688,100,100,True,1,1,1,1,False,False,False
123748,100,100,True,1,1,1,1,False,False,False
123808,100,100,True,1,1,1,1,False,False,False
123868,100,100,True,1,0,1,1,False,False,False
123928,100,100,True,1,0,1,1,False,False,False
123988,100,100,True,1,0,1,1,False,False,False
124048,100,100,True,1,0,1,1,False,False,False
124108,100,100,True,1,0,1,1,False,False,False
124168,100,100,True,1,0,1,1,False,False,False
124228,100,100,True,1,0,1,1,False,False,False
124288,100,100,True,1,0,1,1,False,False,False
124348,100,100,True,1,0,1,1,False,False,False
124408,100,100,True,1,0,1,1,False,False,False
124468,100,100,True,1,0,1,1,False,False,False
124528,100,100,True,1,0,1,1,False,False,False
124588,100,100,True,1,0,1,1,False,False,False
124648,100,100,True,1,0,1,0,False,False,False
124708,100,100,True,1,0,1,0,False,False,False
124768,100,100,True,1,0,0,0,False,False,False
124828,100,100,True,0,0,0,0,False,False,False
124888,100,100,True,0,0,0,0,False,False,False
124948,100,100,True,0,0,0,0,False,False,False
125008,100,100,True,0,0,0,0,False,False,False
125068,100,100,True,0,0,0,0,False,False,False
125128,100,100,True,0,0,0,0,False,False,False
125188,100,100,True,0,0,0,0,False,False,False
125248,100,100,True,0,0,0,0,False,False,False
125308,100,100,True,0,0,0,0,False,False,False
125368,100,100,True,0,0,0,0,False,False,False
125428,100,100,True,0,0,0,0,False,False,False
125488,100,100,True,0,0,0,0,False,False,False
125548,100,100,True,0,0,0,0,False,False,False
125608,100,100,True,0,0,0,0,False,False,False
125668,100,100,True,0,0,0,0,False,False,False
125728,100,100,True,0,0,0,0,False,False,False
125788,100,100,True,0,0,0,0,False,False,False
125848,100,100,True,0,0,0,0,False,False,True
125908,100,100,True,0,0,0,0,False,False,True
125968,100,100,True,0,0,0,0,False,False,True
126028,100,100,True,0,0,0,0,False,False,True
126088,100,100,True,0,0,0,0,False,False,True
126148,100,100,True,0,0,0,0,False,False,True
126208,100,100,True,0,0,0,0,False,False,True
126268,100,100,True,0,0,0,0,False,False,True
126328,100,100,True,0,0,0,0,False,False,True
126388,100,100,True,0,0,0,0,False,False,True
127708,100,100,True,1,1,0,1,False,False,False
127768,100,100,True,1,1,0,1,False,False,False
127828,100,100,True,1,1,0,1,False,False,False
127888,100,100,True,1,1,0,1,False,False,False
127948,100,100,True,1,1,0,1,False,False,False
128008,100,100,True,1,1,0,1,False,False,False
128068,100,100,True,1,1,0,1,False,False,False
128128,100,100,True,1,1,0,1,False,False,False
128188,100,100,True,1,1,0,1,False,False,False
128248,100,100,True,1,1,0,1,False,False,False
128308,100,100,True,1,1,0,1,False,False,False
128368,100,100,True,1,1,0,1,False,False,False
128428,100,100,True,1,1,0,1,False,False,False
128488,100,100,True,0,1,0,1,False,False,False
128548,100,100,True,0,1,0,1,False,False,False
128608,100,100,True,0,1,0,1,False,False,False
128668,100,100,True,0,1,0,1,False,False,False
128728,100,100,True,0,1,0,1,False,False,False
128788,100,100,True,0,1,0,1,False,False,False
128848,100,100,True,0,1,0,1,False,False,False
128908,100,100,True,0,1,0,1,False,False,False
128968,100,100,True,0,1,0,1,False,False,False
129028,100,100,True,0,1,0,1,False,False,False
129088,100,100,True,0,1,0,1,False,False,False
129148,69,94,True,0,1,0,1,False,False,False
132268,100,100,True,1,1,0,1,False,True,False
132328,100,100,True,1,1,0,1,False,True,False
132388,100,100,True,1,1,0,1,False,True,False
132448,100,100,True,1,1,0,1,False,True,False
132508,100,100,True,1,1,0,1,False,True,False
132568,100,100,True,1,1,0,1,False,True,False
132628,100,100,True,1,1,0,1,False,True,False
132688,100,100,True,1,1,0,1,False,True,False
132748,100,100,True,1,1,0,1,False,True,False
132808,100,100,True,1,1,0,1,False,True,False
132868,100,100,True,1,1,0,1,False,True,False
132928,100,100,True,1,1,0,1,False,True,False
132988,100,100,True,1,1,0,0,False,True,False
133048,100,100,True,1,1,0,0,False,True,False
133108,100,100,True,0,1,0,0,False,True,False
133168,100,100,True,0,1,0,0,False,True,False
133228,100,100,True,0,0,0,0,False,True,False
133288,100,100,True,0,0,0,0,False,False,False
133348,100,100,True,0,0,0,0,False,False,False
133408,100,100,True,0,0,0,0,False,False,False
133468,100,100,True,0,0,0,0,False,False,False
133528,100,100,True,0,0,0,0,False,False,False
133588,100,100,True,0,0,0,0,False,False,False
136468,100,100,True,1,1,1,1,False,False,False
136528,100,100,True,1,1,1,1,False,False,False
136588,100,100,True,1,1,1,1,False,True,False
136648,100,100,True,1,1,1,1,False,True,False
136708,100,100,True,1,1,1,1,False,True,False
136768,100,100,True,1,1,1,1,False,True,False
136828,100,100,True,1,1,1,1,False,True,False
136888,100,100,True,1,1,1,1,False,True,False
136948,100,100,True,1,1,1,1,False,True,False
137008,100,100,True,1,1,1,1,False,True,False
137068,100,100,True,1,1,1,1,False,True,False
137128,100,100,True,1,1,1,1,False,True,False
137188,100,100,True,1,1,1,1,False,True,False
137248,100,100,True,1,1,1,1,False,True,False
137308,100,100,True,1,1,1,1,False,True,False
137368,100,100,True,1,1,0,1,False,True,False
137428,100,100,True,1,1,0,1,False,True,False
137488,100,100,True,1,1,0,1,False,True,False
137548,100,100,True,1,1,0,1,False,True,False
137608,100,100,True,1,1,0,1,False,True,False
137668,100,100,True,1,1,0,1,False,True,False
137728,100,100,True,1,1,0,1,False,True,False
137788,100,100,True,1,1,0,1,False,True,False
137848,100,100,True,1,1,0,1,False,True,False
137908,100,100,True,1,1,0,1,False,True,False
137968,100,100,True,1,1,0,1,False,True,False
138028,100,100,True,1,1,0,1,False,True,False
138088,100,100,True,1,1,0,1,False,True,False
138148,100,100,True,1,1,0,1,False,True,False
138208,100,100,True,1,1,0,1,False,True,False
138268,100,100,True,1,1,0,1,False,True,False
138328,100,100,True,1,1,0,1,False,True,False
138388,100,100,True,1,1,0,1,False,True,False
138448,100,100,True,1,1,0,1,False,True,False
138508,100,100,True,1,1,0,1,False,True,False
138568,100,100,True,1,0,0,1,False,True,False
138628,100,100,True,1,0,0,1,False,True,False
138688,100,100,True,1,0,0,1,False,True,False
138748,100,100,True,1,0,0,1,False,True,False
138808,100,100,True,1,0,0,1,False,True,False
138868,100,100,True,1,0,0,1,False,True,False
138928,100,100,True,1,0,0,1,False,True,False
138988,100,100,True,1,0,0,1,False,True,False
139048,100,100,True,1,0,0,1,False,True,False
139108,100,100,True,1,0,0,1,False,True,False
139168,100,100,True,1,0,0,1,False,True,False
139228,100,100,True,1,0,0,1,False,True,False
139288,100,100,True,1,0,0,1,False,True,False
139348,100,100,True,1,0,0,1,False,True,False
139408,100,100,True,1,0,0,1,False,True,False
139468,100,100,True,1,0,0,1,False,True,False
139528,100,100,True,1,0,0,1,False,True,False
139588,100,100,True,1,0,0,1,False,True,False
139648,100,100,True,1,0,0,1,False,True,False
139708,100,100,True,1,0,0,1,False,True,False
139768,100,100,True,1,0,0,1,False,True,False
139828,100,100,True,1,0,0,1,False,True,False
139888,100,100,True,1,0,0,1,False,True,False
139948,100,100,True,1,0,0,1,False,True,False
140008,100,100,True,1,0,0,1,False,True,False
140068,100,100,True,1,0,0,1,False,True,False
140128,100,100,True,1,0,0,1,False,True,False
140188,100,100,True,0,0,0,1,False,True,False
140248,100,100,True,0,0,0,1,False,True,False
140308,100,100,True,0,0,0,0,False,True,False
140368,100,100,True,0,0,0,0,False,True,False
140428,100,100,True,0,0,0,0,False,True,False
140488,100,100,True,0,0,0,0,False,True,False
140548,100,100,True,1,0,0,0,False,True,False
140608,100,100,True,1,0,0,0,False,True,False
140668,100,100,True,1,0,0,0,False,True,False
140728,100,100,True,1,0,0,0,False,True,False
140788,100,100,True,1,0,0,0,False,False,True
140848,100,100,True,0,0,0,0,False,False,True
140908,100,100,True,0,0,0,0,False,False,True
140968,100,100,True,0,0,0,0,False,False,True
141028,100,100,True,0,0,0,0,False,False,True
141088,100,100,True,0,0,0,0,False,False,True
141148,100,100,True,0,0,0,0,False,False,True
141208,100,100,True,0,0,0,0,False,False,True
141268,100,100,True,0,0,0,0,False,False,True
141328,100,100,True,0,0,0,0,False,False,True
141388,100,100,True,0,0,0,0,False,False,True
141448,100,100,True,0,0,0,0,False,False,True
141508,100,100,True,0,0,0,0,False,False,True
141568,100,100,True,0,0,0,0,False,False,True
141628,100,100,True,0,0,0,0,False,False,True
141688,100,100,True,0,0,0,0,False,False,True
141748,100,100,True,0,0,0,0,False,False,True
