0,1,2,3,4,5,6,7,8,9,10
5871,100,100,False,0,0,0,0,False,False,False
5931,100,100,False,0,0,0,0,False,False,False
5991,100,100,False,0,0,0,0,False,False,False
6051,100,100,False,0,0,0,0,False,False,False
6111,100,100,False,0,0,0,0,False,False,False
6171,100,100,False,0,0,0,0,False,False,False
6231,100,100,False,0,0,0,0,False,False,False
6291,100,100,False,0,0,0,0,False,False,False
6351,100,100,False,0,0,0,0,False,False,False
6411,100,100,False,0,0,0,0,False,False,False
6471,100,100,False,0,0,0,0,False,False,False
6531,100,100,False,0,0,0,0,False,False,False
6591,100,100,False,0,0,0,0,False,False,False
6651,100,100,False,0,0,0,0,False,False,False
6711,100,100,False,0,0,0,0,False,False,False
6771,100,100,False,0,0,0,0,False,False,False
6831,100,100,False,0,0,0,0,False,False,False
6891,100,100,False,0,0,0,0,False,False,False
6951,100,100,False,0,0,0,0,False,False,False
7011,100,100,False,0,0,0,0,False,False,False
7071,100,100,False,0,0,0,0,False,False,False
7131,100,100,False,0,0,0,0,False,False,False
7191,100,100,False,0,0,0,0,False,False,False
7251,100,100,False,0,0,0,0,False,False,False
7311,100,100,False,0,0,0,0,False,False,False
7371,100,100,False,0,0,0,0,False,False,False
7431,100,100,False,0,0,0,0,False,False,False
7491,100,100,False,0,0,0,0,False,False,False
7551,100,100,False,0,0,0,0,False,False,False
7611,100,100,False,0,0,0,0,False,False,False
7671,100,100,False,0,0,0,0,False,False,False
7731,100,100,False,0,0,0,0,False,False,False
7791,100,100,False,0,0,0,0,False,False,False
7851,100,100,False,0,0,0,0,False,False,False
7911,100,100,False,0,0,0,0,False,False,False
7971,100,100,False,0,0,0,0,False,False,False
8031,100,100,False,0,0,0,0,False,False,False
8091,100,100,False,0,0,0,0,False,False,False
8151,100,100,False,0,0,0,0,False,False,False
8211,100,100,False,0,0,0,0,False,False,False
8271,100,100,False,0,0,0,0,False,False,False
8331,100,100,False,0,0,0,0,False,False,False
8391,100,100,False,0,0,0,0,False,False,False
8451,100,100,False,0,0,0,0,False,False,False
8511,100,100,False,0,0,0,0,False,False,False
8571,100,100,False,0,0,0,0,False,False,False
8631,100,100,False,0,0,0,0,False,False,False
8691,100,100,False,0,0,0,0,False,False,False
8751,100,100,False,0,0,0,0,False,False,False
8811,100,100,False,0,0,0,0,False,False,False
8871,100,100,False,0,0,0,0,False,False,False
8931,100,100,False,0,0,0,0,False,False,False
8991,100,100,False,0,0,0,0,False,False,False
9051,100,100,False,0,0,0,0,False,False,False
9111,100,100,False,0,0,0,0,False,False,False
9171,100,100,False,0,0,0,0,False,False,False
9231,100,100,False,0,0,0,0,False,False,False
9291,100,100,False,0,0,0,0,False,False,False
9351,100,100,False,0,0,0,0,False,False,False
9411,100,100,False,0,0,0,0,False,False,False
9471,100,100,False,0,0,0,0,False,False,False
9531,100,100,False,0,0,0,0,False,False,False
9591,100,100,False,0,0,0,0,False,False,False
9651,100,100,False,0,0,0,0,False,False,False
9711,11,100,False,0,0,0,0,False,False,False
14571,100,100,True,0,0,0,0,False,False,False
14631,100,100,True,0,0,0,0,False,False,False
14691,100,100,True,0,0,0,0,False,False,False
14751,100,100,True,0,0,0,0,False,False,False
14811,100,100,True,0,0,0,0,False,False,False
14871,100,100,True,0,0,0,0,False,False,False
14931,100,100,True,0,0,0,0,False,False,False
14991,100,100,True,0,0,0,0,False,False,False
15051,100,100,True,0,0,0,0,False,False,False
15111,100,100,True,0,0,0,0,False,False,False
15171,100,100,True,0,0,0,0,False,False,False
15231,100,100,True,0,0,0,0,False,False,False
15291,100,100,True,0,0,0,0,False,False,False
15351,100,100,True,0,0,0,0,False,False,False
15411,100,100,True,0,0,0,0,False,False,False
15471,100,100,True,0,0,0,0,False,False,False
15531,100,100,True,0,0,0,0,False,False,False
15591,100,100,True,0,0,0,0,False,False,False
15651,100,100,True,0,0,0,0,False,False,False
15711,100,100,True,0,0,0,0,False,False,False
15771,55,94,True,0,0,0,0,False,False,False
15831,54,94,True,0,0,0,0,False,False,False
15891,54,94,True,0,0,0,0,False,False,False
15951,54,94,True,0,0,0,0,False,False,False
16011,54,94,True,0,0,0,0,False,False,False
16071,54,94,True,0,0,0,0,False,False,False
16131,54,94,True,0,0,0,0,False,False,False
16191,54,94,True,0,0,0,0,False,False,False
16251,54,94,True,0,0,0,0,False,False,False
16311,54,94,True,0,0,0,0,False,False,False
16371,54,94,True,0,0,0,0,False,False,False
16431,54,94,True,0,0,0,0,False,False,False
16491,54,94,True,0,0,0,0,False,False,False
16551,54,94,True,0,0,0,0,False,False,False
16611,54,94,True,0,0,0,0,False,False,False
16671,54,94,True,0,0,0,0,False,False,False
16731,54,94,True,0,0,0,0,False,False,False
16791,54,94,True,0,0,0,0,False,False,False
16851,54,94,True,0,0,0,0,False,False,False
16911,54,94,True,0,0,0,0,False,False,False
16971,54,94,True,0,0,0,0,False,False,False
17031,54,94,True,0,0,0,0,False,False,False
17091,54,94,True,0,0,0,0,False,False,False
17151,54,94,True,0,0,0,0,False,False,False
17211,54,94,True,0,0,0,0,False,False,False
17271,54,94,True,0,0,0,0,False,False,False
17331,54,94,True,0,0,0,0,False,False,False
17391,54,94,True,0,0,0,0,False,False,False
17451,54,94,True,0,0,0,0,False,False,False
17511,54,94,True,0,0,0,0,False,False,False
17571,54,94,True,0,0,0,0,False,False,False
17631,54,94,True,0,0,0,0,False,False,False
17691,54,94,True,0,0,0,0,False,False,False
17751,54,94,True,0,0,0,0,False,False,False
17811,54,94,True,0,0,0,0,False,False,False
17871,54,94,True,0,0,0,0,False,False,False
17931,54,94,True,0,0,0,0,False,False,False
17991,54,94,True,0,0,0,0,False,False,False
18051,54,94,True,0,0,0,0,False,False,False
18111,54,94,True,0,0,0,0,False,False,False
18171,54,94,True,0,0,0,0,False,False,False
18231,54,94,True,0,0,0,0,False,False,False
18291,54,94,True,0,0,0,0,False,False,False
18351,54,94,True,0,0,0,0,False,False,False
18411,54,94,True,0,0,0,0,False,False,False
18471,54,94,True,0,0,0,0,False,False,False
18531,54,94,True,0,0,0,0,False,False,False
18591,54,94,True,0,0,0,0,False,False,False
18651,54,94,True,0,0,0,0,False,False,False
18711,54,94,True,0,0,0,0,False,False,False
18771,54,94,True,0,0,0,0,False,False,False
18831,54,94,True,0,0,0,0,False,False,False
18891,54,94,True,0,0,0,0,False,False,False
18951,54,94,True,0,0,0,0,False,False,False
19011,54,94,True,0,0,0,0,False,False,False
19071,54,94,True,0,0,0,0,False,False,False
19131,54,94,True,0,0,0,0,False,False,False
19191,54,94,True,0,0,0,0,False,False,False
19251,54,94,True,0,0,0,0,False,False,False
19311,54,94,True,0,0,0,0,False,False,False
20811,100,100,True,0,0,1,0,False,False,False
20871,100,100,True,0,0,1,0,False,False,False
20931,100,100,True,0,0,0,0,False,False,False
20991,100,100,True,0,0,0,0,False,False,False
21051,100,100,True,0,0,0,0,False,False,False
21111,100,100,True,0,0,0,0,False,False,False
21171,100,100,True,0,0,0,0,False,False,False
21231,100,100,True,0,0,0,0,False,False,False
21291,100,100,True,0,0,0,0,False,False,False
21351,100,100,True,0,0,0,0,False,False,False
21411,100,100,True,0,0,0,0,False,False,False
21471,100,100,True,0,0,0,0,False,False,False
21531,100,100,True,0,0,0,0,False,False,False
21591,100,100,True,0,0,0,0,False,False,False
21651,100,100,True,0,0,0,0,False,False,False
21711,100,100,True,0,0,0,0,False,False,False
21771,100,100,True,0,0,0,0,False,False,False
21831,77,88,True,0,0,0,0,False,False,False
21891,77,88,True,0,0,0,0,False,False,False
21951,77,88,True,0,0,0,0,False,False,False
24591,100,100,True,1,1,1,1,True,False,False
24651,100,100,True,1,1,1,1,True,False,False
24711,100,100,True,1,1,1,1,True,False,False
24771,100,100,True,1,1,0,1,True,False,False
24831,100,100,True,1,1,0,1,True,False,False
24891,97,98,True,1,1,0,1,True,False,False
24951,97,98,True,1,1,0,1,True,False,False
25011,97,98,True,1,1,0,1,True,False,False
25071,97,98,True,1,1,0,1,True,False,False
25131,97,98,True,1,1,0,1,True,False,False
25191,97,98,True,1,1,0,1,True,False,False
25251,97,98,True,1,1,0,1,True,False,False
25311,97,98,True,1,1,0,1,True,False,False
25371,97,98,True,1,1,0,1,True,False,False
25431,97,98,True,1,1,0,1,True,False,False
25491,97,98,True,1,1,0,1,True,False,False
25551,97,98,True,1,1,0,1,True,False,False
25611,97,98,True,1,1,0,1,True,False,False
25671,97,98,True,1,1,0,1,True,False,False
25731,97,98,True,1,1,0,1,True,False,False
25791,97,98,True,1,1,0,0,True,False,False
25851,97,98,True,1,1,0,0,True,False,False
25911,97,98,True,1,1,0,0,True,False,False
25971,97,98,True,1,1,0,0,True,False,False
26031,97,98,True,1,1,0,0,True,False,False
26091,97,98,True,1,1,0,0,True,False,False
26151,97,98,True,1,1,0,0,True,False,False
26211,97,98,True,1,1,0,0,True,False,False
26271,97,98,True,1,1,0,0,True,False,False
26331,97,98,True,1,1,0,0,True,False,False
26391,97,98,True,1,1,0,0,True,False,False
26451,97,98,True,1,1,0,0,True,False,False
26511,97,98,True,1,1,0,0,True,False,False
26571,97,98,True,1,1,0,0,True,False,False
26631,97,98,True,1,1,0,0,True,False,False
26691,97,98,True,1,1,0,0,True,False,False
26751,97,98,True,1,1,0,0,True,False,False
26811,97,98,True,1,1,0,0,True,False,False
26871,97,98,True,1,1,0,0,True,False,False
26931,97,98,True,1,1,0,0,True,False,False
26991,97,98,True,0,1,0,0,True,False,False
27051,97,98,True,0,1,0,0,True,False,False
27111,97,98,True,0,1,0,0,True,False,False
27171,97,98,True,0,1,0,0,True,False,False
27231,97,98,True,0,1,0,0,True,False,False
27291,97,98,True,0,1,0,0,True,False,False
27351,97,98,True,0,1,0,0,True,False,False
27411,97,98,True,0,1,0,0,True,False,False
27471,97,98,True,0,1,0,0,True,False,False
27531,97,98,True,0,1,0,0,True,False,False
27591,97,98,True,0,1,0,0,True,False,False
27651,97,98,True,0,1,0,0,True,False,False
27711,97,98,True,0,1,0,0,True,False,False
27771,97,98,True,0,1,0,0,True,False,False
27831,97,98,True,0,1,0,0,True,False,False
27891,70,95,True,0,1,0,0,True,False,False
27951,43,92,True,0,1,0,0,True,False,False
30591,100,100,True,1,1,1,1,True,False,False
30651,100,100,True,1,1,1,1,True,False,False
30711,100,100,True,1,1,1,1,True,False,False
30771,100,100,True,1,1,0,1,True,False,False
30831,100,100,True,1,1,0,1,True,False,False
30891,97,99,True,1,1,0,1,True,False,False
30951,97,99,True,1,1,0,1,True,False,False
31011,97,99,True,1,1,0,1,True,False,False
31071,97,99,True,1,1,0,1,True,False,False
31131,97,99,True,1,1,0,1,True,False,False
31191,97,99,True,1,1,0,1,True,False,False
31251,97,99,True,1,1,0,1,True,False,False
31311,97,99,True,1,1,0,1,True,False,False
31371,97,99,True,1,1,0,1,True,False,False
31431,97,99,True,1,1,0,1,True,False,False
31491,97,99,True,1,1,0,1,True,False,False
31551,97,99,True,1,1,0,1,True,False,False
31611,97,99,True,1,1,0,1,True,False,False
31671,97,99,True,1,1,0,1,True,False,False
31731,97,99,True,1,1,0,1,True,False,False
31791,97,99,True,1,1,0,1,True,False,False
31851,97,99,True,1,1,0,1,True,False,False
31911,97,99,True,1,1,0,1,True,False,False
31971,97,99,True,1,1,0,1,True,False,False
32031,97,99,True,1,1,0,1,True,False,False
32091,97,99,True,1,1,0,1,True,False,False
32151,97,99,True,1,1,0,1,True,False,False
32211,97,99,True,1,1,0,1,True,False,False
32271,97,99,True,1,1,0,1,True,False,False
32331,97,99,True,1,1,0,1,True,False,False
32391,97,99,True,1,1,0,1,True,False,False
32451,97,99,True,1,1,0,1,True,False,False
32511,97,99,True,1,1,0,1,True,False,False
32571,97,99,True,1,1,0,1,True,False,False
32631,97,99,True,1,1,0,1,True,False,False
32691,97,99,True,1,1,0,1,True,False,False
32751,97,99,True,1,1,0,1,True,False,False
32811,97,99,True,1,1,0,1,True,False,False
32871,16,97,True,1,1,0,1,True,False,False
32931,16,97,True,1,1,0,1,True,False,False
32991,16,97,True,1,1,0,1,True,False,False
33051,16,97,True,1,1,0,1,True,False,False
33111,16,97,True,1,1,0,1,True,False,False
33171,16,97,True,1,1,0,1,True,False,False
33231,16,97,True,1,1,0,1,True,False,False
33291,16,97,True,1,1,0,1,True,False,False
34731,100,0,False,0,0,0,0,False,False,False
34791,100,100,True,0,0,0,0,False,False,False
34851,100,100,True,0,0,0,0,False,False,False
34911,100,100,True,0,0,0,0,False,False,False
34971,100,100,True,0,0,0,0,False,False,False
35031,100,100,True,0,0,0,0,False,False,False
35091,100,100,True,0,0,0,0,False,False,False
35151,100,100,True,0,0,0,0,False,False,False
35211,100,100,True,0,0,0,0,False,False,False
35271,100,100,True,0,0,0,0,False,False,False
35331,100,100,True,0,0,0,0,False,False,False
35391,100,100,True,0,0,0,0,False,False,False
35451,100,100,True,0,0,0,0,False,False,False
35511,100,100,True,0,0,0,0,False,False,False
35571,100,100,True,0,0,0,0,False,False,False
35631,100,100,True,0,0,0,0,False,False,False
35691,100,100,True,0,0,0,0,False,False,False
35751,100,100,True,0,0,0,0,False,False,False
35811,100,100,True,0,0,0,0,False,False,False
35871,100,100,True,0,0,0,0,False,False,False
35931,100,100,True,0,0,0,0,False,False,False
35991,100,100,True,0,0,0,0,False,False,False
36051,100,100,True,0,0,0,0,False,False,False
36111,100,100,True,0,0,0,0,False,False,False
36171,100,100,True,0,0,0,0,False,False,False
36231,100,100,True,0,0,0,0,False,False,False
36291,100,100,True,0,0,0,0,False,False,False
36351,100,100,True,0,0,0,0,False,False,False
36411,100,100,True,0,0,0,0,False,False,False
36471,100,100,True,0,0,0,0,False,False,False
36531,100,100,True,0,0,0,0,False,False,False
36591,100,100,True,0,0,0,0,False,False,False
36651,100,100,True,0,0,0,0,False,False,False
36711,100,100,True,0,0,0,0,False,False,False
36771,100,100,True,0,0,0,0,False,False,False
36831,100,100,True,0,0,0,0,False,False,False
36891,100,100,True,0,0,0,0,False,False,False
36951,100,100,True,0,0,0,0,False,False,False
37011,100,100,True,0,0,0,0,False,False,False
37071,100,100,True,0,0,0,0,False,False,False
37131,100,100,True,0,0,0,0,False,False,False
37191,100,100,True,0,0,0,0,False,False,False
37251,100,100,True,0,0,0,0,False,False,False
37311,100,100,True,0,0,0,0,False,False,False
37371,100,100,True,0,0,0,0,False,False,False
37431,100,100,True,0,0,0,0,False,False,False
37491,100,100,True,0,0,0,0,False,False,False
37551,100,100,True,0,0,0,0,False,False,False
37611,100,100,True,0,0,0,0,False,False,False
37671,100,100,True,0,0,0,0,False,False,False
37731,100,100,True,0,0,0,0,False,False,False
37791,100,100,True,0,0,0,0,False,False,False
37851,100,100,True,0,0,0,0,False,False,False
37911,100,100,True,0,0,0,0,False,False,False
37971,100,100,True,0,0,0,0,False,False,False
38031,100,100,True,0,0,0,0,False,False,False
38091,100,100,True,0,0,0,0,False,False,False
38151,100,100,True,0,0,0,0,False,False,False
38211,100,100,True,0,0,0,0,False,False,False
38271,93,100,True,0,0,0,0,False,False,False
38331,89,100,True,0,0,0,0,False,False,False
38391,49,94,True,0,0,0,0,False,False,False
41031,100,100,True,1,1,1,1,True,False,False
41091,100,100,True,1,1,1,1,True,False,False
41151,100,100,True,1,1,1,1,True,False,False
41211,100,100,True,1,1,1,1,True,False,False
41271,100,100,True,1,1,1,1,True,False,False
41331,100,100,True,1,1,1,1,True,False,False
41391,100,100,True,1,1,1,1,True,False,False
41451,100,100,True,1,1,1,1,True,False,False
41511,100,100,True,1,1,1,1,True,False,False
41571,100,100,True,1,1,1,1,True,False,False
41631,100,100,True,1,1,1,1,True,False,False
41691,100,100,True,1,1,0,1,True,False,False
41751,100,100,True,1,1,0,1,True,False,False
41811,100,100,True,1,1,0,1,True,False,False
41871,100,100,True,1,1,0,1,True,False,False
41931,100,100,True,1,1,0,1,True,False,False
41991,100,100,True,1,1,0,1,True,False,False
42051,100,100,True,1,1,0,1,True,False,False
42111,100,100,True,1,1,0,1,True,False,False
42171,100,100,True,1,1,0,1,True,False,False
42231,100,100,True,1,1,0,1,True,False,False
42291,100,100,True,1,1,0,1,True,False,False
42351,100,100,True,1,1,0,1,True,False,False
42411,100,100,True,1,1,0,1,True,False,False
42471,100,100,True,1,1,0,1,True,False,False
42531,100,100,True,1,1,0,1,True,False,False
42591,100,100,True,1,1,0,1,True,False,False
42651,100,100,True,1,1,0,1,True,False,False
42711,100,100,True,1,1,0,1,True,False,False
42771,100,100,True,1,1,0,1,True,False,False
42831,100,100,True,1,1,0,1,True,False,False
42891,100,100,True,1,1,0,1,True,False,False
42951,100,100,True,1,1,0,1,True,False,False
43011,100,100,True,1,1,0,1,True,False,False
43071,100,100,True,1,1,0,1,True,False,False
43131,100,100,True,1,1,0,1,True,False,False
43191,100,100,True,1,1,0,1,True,False,False
43251,100,100,True,1,1,0,1,True,False,False
43311,100,100,True,1,1,0,1,True,False,False
43371,100,100,True,1,1,0,1,True,False,False
43431,100,100,True,1,1,0,1,True,False,False
43491,100,100,True,1,1,0,1,True,False,False
45591,100,100,True,0,0,0,0,False,False,False
45651,100,100,True,1,0,1,0,False,False,False
45711,100,100,True,1,0,1,0,False,False,False
45771,100,100,True,1,0,1,0,False,False,False
45831,100,100,True,1,0,1,0,False,False,False
45891,100,100,True,1,0,1,0,False,False,False
45951,100,100,True,1,0,1,0,False,False,False
46011,100,100,True,1,0,1,0,False,False,False
46071,100,100,True,1,0,1,0,False,False,False
46131,100,100,True,1,0,0,0,False,False,False
46191,100,100,True,1,0,0,0,False,False,False
46251,100,100,True,1,0,0,0,False,False,False
46311,100,100,True,1,0,0,0,False,False,False
46371,100,100,True,1,0,0,0,False,False,False
46431,100,100,True,1,0,0,0,False,False,False
46491,100,100,True,1,0,0,0,False,False,False
46551,100,100,True,1,0,0,0,False,False,False
46611,100,100,True,1,0,0,0,False,False,False
46671,100,100,True,1,0,0,0,False,False,False
46731,100,100,True,1,0,0,0,False,False,False
46791,100,100,True,1,0,0,0,False,False,False
46851,100,100,True,1,0,0,0,False,False,False
46911,100,100,True,1,0,0,0,False,False,False
46971,100,100,True,1,0,0,0,False,False,False
47031,100,100,True,1,0,0,0,False,False,False
47091,100,100,True,1,0,0,0,False,False,False
47151,100,100,True,1,0,0,0,False,False,False
47211,100,100,True,1,0,0,0,False,False,False
47271,100,100,True,1,0,0,0,False,False,False
47331,100,100,True,1,0,0,0,False,False,True
47391,100,100,True,1,0,0,0,False,False,True
47451,100,100,True,1,0,0,0,False,False,True
47511,100,100,True,1,0,0,0,False,False,True
47571,100,100,True,1,0,0,0,False,False,True
47631,100,100,True,1,0,0,0,False,False,True
47691,100,100,True,0,0,0,0,False,False,True
47751,100,100,True,0,0,0,0,False,False,True
47811,94,100,True,0,0,0,0,False,False,True
47871,94,100,True,0,0,0,0,False,False,True
47931,94,100,True,0,0,0,0,False,False,True
47991,94,100,True,0,0,0,0,False,False,True
48051,94,100,True,0,0,0,0,False,False,True
48111,94,100,True,0,0,0,0,False,False,True
48171,94,100,True,0,0,0,0,False,False,True
48231,94,100,True,0,0,0,0,False,False,True
48291,94,100,True,0,0,0,0,False,False,True
48351,94,100,True,0,0,0,0,False,False,True
48411,94,100,True,0,0,0,0,False,False,True
48471,94,100,True,0,0,0,0,False,False,True
48531,94,100,True,0,0,0,0,False,False,True
48591,94,100,True,0,0,0,0,False,False,True
48651,94,100,True,0,0,0,0,False,False,True
48711,94,100,True,0,0,0,0,False,False,True
48771,94,100,True,0,0,0,0,False,False,True
48831,94,100,True,0,0,0,0,False,False,True
48891,94,100,True,0,0,0,0,False,False,True
48951,94,100,True,0,0,0,0,False,False,True
49011,94,100,True,0,0,0,0,False,False,True
51351,100,0,False,0,0,0,0,False,False,False
51411,100,0,False,0,0,0,0,False,False,False
51471,100,0,False,0,0,0,0,False,False,False
51531,100,0,False,0,0,0,0,False,False,False
51591,100,0,False,0,0,0,0,False,False,False
51651,100,0,False,0,0,0,0,False,False,False
51711,100,0,False,0,0,0,0,False,False,False
51771,100,0,False,0,0,0,0,False,False,False
51831,100,0,False,0,0,0,0,False,False,False
51891,100,0,False,0,0,0,0,False,False,False
51951,100,0,False,0,0,0,0,False,False,False
52011,100,0,False,0,0,0,0,False,False,False
52071,100,0,False,0,0,0,0,False,False,False
52131,100,0,False,0,0,0,0,False,False,False
52191,100,0,False,0,0,0,0,False,False,False
52251,100,0,False,0,0,0,0,False,False,False
52311,100,0,False,0,0,0,0,False,False,False
52371,100,0,False,0,0,0,0,False,False,False
52431,100,0,False,0,0,0,0,False,False,False
52491,100,0,False,0,0,0,0,False,False,False
52551,100,0,False,0,0,0,0,False,False,False
52611,100,0,False,0,0,0,0,False,False,False
52671,100,0,False,0,0,0,0,False,False,False
52731,100,0,False,0,0,0,0,False,False,False
52791,100,0,False,0,0,0,0,False,False,False
52851,100,0,False,0,0,0,0,False,False,False
52911,100,0,False,0,0,0,0,False,False,False
52971,100,0,False,0,0,0,0,False,False,False
53031,100,0,False,0,0,0,0,False,False,False
53091,100,0,False,0,0,0,0,False,False,False
53151,100,0,False,0,0,0,0,False,False,False
53211,100,0,False,0,0,0,0,False,False,False
53271,100,0,False,0,0,0,0,False,False,False
53331,100,0,False,0,0,0,0,False,False,False
53391,100,0,False,0,0,0,0,False,False,False
53451,100,0,False,0,0,0,0,False,False,False
53511,100,0,False,0,0,0,0,False,False,False
53571,100,0,False,0,0,0,0,False,False,False
53631,100,0,False,0,0,0,0,False,False,False
53691,100,0,False,0,0,0,0,False,False,False
53751,100,0,False,0,0,0,0,False,False,False
53811,100,0,False,0,0,0,0,False,False,False
53871,100,0,False,0,0,0,0,False,False,False
53931,100,0,False,0,0,0,0,False,False,False
53991,100,0,False,0,0,0,0,False,False,False
54051,100,0,False,0,0,0,0,False,False,False
54111,100,0,False,0,0,0,0,False,False,False
54171,100,0,False,0,0,0,0,False,False,False
54231,64,0,False,0,0,0,0,False,False,False
60711,100,100,True,1,1,0,0,False,False,False
60771,100,100,True,1,1,0,0,False,False,False
60831,100,100,True,1,1,0,0,False,False,False
60891,100,100,True,1,1,0,0,False,False,False
60951,100,100,True,1,1,0,0,False,False,False
61011,100,100,True,1,1,0,0,False,False,False
61071,100,100,True,1,1,0,0,False,False,False
61131,100,100,True,1,1,0,0,False,False,False
61191,100,100,True,1,1,0,0,False,False,False
61251,100,100,True,1,1,0,0,False,False,False
61311,100,100,True,1,1,0,0,False,False,False
61371,100,100,True,1,1,0,0,False,False,False
61431,100,100,True,1,1,0,0,False,False,False
61491,100,100,True,0,1,0,0,False,False,False
61551,100,100,True,0,1,0,0,False,False,False
61611,100,100,True,0,1,0,0,False,False,False
61671,100,100,True,0,1,0,0,False,False,False
61731,100,100,True,0,1,0,0,False,False,False
61791,100,100,True,0,1,0,0,False,False,False
61851,100,100,True,0,1,0,0,False,False,False
61911,100,100,True,0,1,0,0,False,False,False
61971,100,100,True,0,1,0,0,False,False,False
62031,100,100,True,0,1,0,0,False,False,False
62091,100,100,True,0,1,0,0,False,False,False
62151,100,100,True,0,1,0,0,False,False,False
62211,100,100,True,0,1,0,0,False,False,False
62271,100,100,True,0,1,0,0,False,False,False
62331,100,100,True,0,1,0,0,False,False,False
62391,100,100,True,0,1,0,0,False,False,False
62451,100,100,True,0,1,0,0,False,False,False
62511,100,100,True,0,1,0,0,False,False,False
62571,100,100,True,0,1,0,0,False,False,False
62631,100,100,True,0,1,0,0,False,False,False
62691,100,100,True,0,1,0,0,False,False,False
62751,100,100,True,0,1,0,0,False,False,False
62811,100,100,True,0,1,0,0,False,False,False
62871,100,100,True,0,1,0,0,False,False,False
62931,100,100,True,0,1,0,0,False,False,False
62991,100,100,True,0,0,0,0,False,False,True
63051,100,100,True,0,0,0,0,False,False,True
63111,100,100,True,0,0,0,0,False,False,True
63171,100,100,True,0,0,0,0,False,False,True
63231,100,100,True,0,0,0,0,False,False,True
63291,100,100,True,0,0,0,0,False,False,True
63351,100,100,True,0,0,0,0,False,False,True
63411,100,100,True,0,0,0,0,False,False,True
63471,100,100,True,0,0,0,0,False,False,True
63531,100,100,True,0,0,0,0,False,False,True
63591,100,100,True,0,0,0,0,False,False,True
63651,100,100,True,0,0,0,0,False,False,True
63711,100,100,True,0,0,0,0,False,False,True
63771,100,100,True,0,0,0,0,False,False,True
63831,100,100,True,0,0,0,0,False,False,True
63891,100,100,True,0,0,0,0,False,False,True
63951,100,100,True,0,0,0,0,False,False,True
64011,100,100,True,0,0,0,0,False,False,True
64071,100,100,True,0,0,0,0,False,False,True
64131,100,100,True,0,0,0,0,False,False,True
64191,100,100,True,0,0,0,0,False,False,True
64251,100,100,True,0,0,0,0,False,False,True
64311,100,100,True,0,0,0,0,False,False,True
64371,100,100,True,0,0,0,0,False,False,True
64431,100,100,True,0,0,0,0,False,False,True
64491,100,100,True,0,0,0,0,False,False,True
64551,100,100,True,0,0,0,0,False,False,False
64611,100,100,True,0,0,0,0,False,False,False
64671,100,100,True,0,0,0,0,False,False,False
64731,100,100,True,0,0,0,0,False,False,False
64791,100,100,True,0,0,0,0,False,False,False
64851,100,100,True,0,0,0,0,False,False,False
64911,100,100,True,0,0,0,0,False,False,False
65931,100,100,True,1,1,1,1,True,False,False
65991,100,100,True,1,1,1,1,True,False,False
66051,100,100,True,1,1,1,1,True,False,False
66111,100,100,True,1,1,1,1,True,False,False
66171,100,100,True,1,0,1,1,True,False,False
66231,100,100,True,1,0,1,1,True,False,False
66291,100,100,True,1,0,1,1,True,False,False
66351,100,100,True,1,0,1,1,True,False,False
66411,100,100,True,1,0,1,1,True,False,False
66471,100,100,True,1,0,1,0,True,False,False
66531,100,100,True,1,0,1,0,True,False,False
66591,100,100,True,0,0,1,0,True,False,False
66651,100,100,True,0,0,1,0,True,False,False
66711,100,100,True,0,0,1,0,True,False,False
66771,100,100,True,0,0,1,0,True,False,False
66831,100,100,True,0,0,1,0,True,False,False
66891,100,100,True,0,0,1,0,True,False,False
66951,100,100,True,0,0,1,0,True,False,False
67011,100,100,True,0,0,1,0,True,False,False
67071,100,100,True,0,0,1,0,True,False,False
67131,100,100,True,0,0,1,0,True,False,False
67191,100,100,True,0,1,1,0,True,False,False
67251,100,100,True,0,1,1,0,True,False,False
67311,100,100,True,0,1,1,0,True,False,False
67371,100,100,True,0,1,1,0,True,False,False
67431,100,100,True,0,1,1,0,True,False,False
67491,100,100,True,0,1,1,0,True,False,False
67551,100,100,True,0,1,1,0,True,False,False
67611,100,100,True,0,1,1,0,True,False,False
67671,100,100,True,0,1,1,0,True,False,False
67731,100,100,True,0,1,1,0,True,False,False
67791,100,100,True,0,1,1,0,True,False,False
67851,100,100,True,0,1,1,0,True,False,False
67911,100,100,True,0,1,1,0,True,False,False
67971,100,100,True,0,1,1,0,True,False,False
68031,100,100,True,0,1,1,0,True,False,False
68091,100,100,True,0,1,1,0,True,False,False
68151,100,100,True,0,1,1,0,True,False,False
68211,100,100,True,0,1,1,0,True,False,False
68271,100,100,True,0,1,1,0,True,False,False
68331,100,100,True,0,1,1,0,True,False,False
68391,100,100,True,0,1,1,0,True,False,False
68451,100,100,True,0,1,1,0,True,False,False
68511,100,100,True,0,1,1,0,True,False,False
68571,100,100,True,0,1,1,0,True,False,False
68631,100,100,True,0,1,1,0,True,False,False
68691,100,100,True,0,1,1,0,True,False,False
68751,100,100,True,0,1,1,0,True,False,False
68811,100,100,True,0,1,1,0,True,False,False
68871,100,100,True,0,1,1,0,True,False,False
68931,100,100,True,0,1,1,0,True,False,False
73371,100,100,True,0,1,0,0,False,False,False
73431,100,100,True,0,1,0,0,False,False,False
73491,100,100,True,0,1,0,0,False,False,False
73551,100,100,True,0,1,0,0,False,False,False
73611,100,100,True,0,1,0,0,False,False,False
73671,100,100,True,0,1,0,0,False,False,False
73731,100,100,True,0,1,0,0,False,False,False
73791,100,100,True,0,1,0,0,False,False,False
73851,100,100,True,0,1,0,0,False,False,False
73911,100,100,True,0,1,0,0,False,False,False
73971,100,100,True,0,1,0,0,False,False,False
74031,100,100,True,0,1,0,0,False,False,False
74091,100,100,True,0,1,0,0,False,False,False
74151,100,100,True,0,1,0,0,False,False,False
74211,100,100,True,0,1,0,0,False,False,False
74271,100,100,True,0,1,0,0,False,False,False
74331,100,100,True,0,1,0,0,False,False,False
74391,100,100,True,0,1,0,0,False,False,False
74451,100,100,True,0,1,0,0,False,False,False
74511,100,100,True,0,1,0,0,False,False,False
74571,100,100,True,0,1,0,0,False,False,False
74631,100,100,True,0,1,0,0,False,False,False
74691,100,100,True,0,1,0,0,False,False,False
74751,100,100,True,0,0,0,0,False,False,False
74811,100,100,True,0,0,0,0,False,False,False
74871,100,100,True,0,0,0,0,False,False,False
74931,100,100,True,0,0,0,0,False,False,False
74991,100,100,True,0,0,0,0,False,False,False
75051,100,100,True,0,0,0,0,False,False,False
75111,100,100,True,0,0,0,0,False,False,False
75171,100,100,True,0,0,0,0,False,False,False
75231,100,100,True,0,0,0,0,False,False,False
75291,100,100,True,0,0,0,0,False,False,False
75351,97,99,True,0,0,0,0,False,False,False
75411,97,99,True,0,0,0,0,False,False,False
75471,97,99,True,0,0,0,0,False,False,False
75531,97,99,True,0,0,0,0,False,False,False
75591,97,99,True,0,0,0,0,False,False,False
75651,97,99,True,0,0,0,0,False,False,False
75711,89,99,True,1,0,0,0,False,False,False
75771,89,99,True,1,0,0,0,False,False,False
75831,89,99,True,1,0,0,0,False,False,False
75891,89,99,True,1,0,0,0,False,False,False
75951,89,99,True,1,0,0,0,False,False,False
76011,89,99,True,1,0,0,0,False,False,False
76071,89,99,True,1,0,0,0,False,False,False
76131,89,99,True,1,0,0,0,False,False,True
76191,89,99,True,1,0,0,0,False,False,True
76251,89,99,True,1,0,0,0,False,False,True
76311,89,99,True,1,0,0,0,False,False,True
76371,89,99,True,1,0,0,0,False,False,True
76431,89,99,True,1,0,0,0,False,False,True
76491,89,99,True,1,0,0,0,False,False,True
76551,89,99,True,1,0,0,0,False,False,True
76611,89,99,True,1,0,0,0,False,False,True
76671,89,99,True,1,0,0,0,False,False,True
76731,89,99,True,1,0,0,0,False,False,True
76791,88,99,True,1,0,0,0,False,False,True
76851,88,99,True,1,0,0,0,False,False,True
76911,88,99,True,1,0,0,0,False,False,True
76971,88,99,True,1,0,0,0,False,False,True
77031,88,99,True,1,0,0,0,False,False,True
77091,88,99,True,1,0,0,0,False,False,True
77151,88,99,True,1,0,0,0,False,False,True
77211,88,99,True,1,0,0,0,False,False,True
77271,88,99,True,1,0,0,0,False,False,True
77331,88,99,True,1,0,0,0,False,False,True
77391,88,99,True,1,0,0,0,False,False,True
77451,88,99,True,1,0,0,0,False,False,True
77511,88,99,True,1,0,0,0,False,False,True
77571,88,99,True,1,0,0,0,False,False,True
77631,88,99,True,1,0,0,0,False,False,True
77691,88,99,True,1,0,0,0,False,False,True
77751,88,99,True,1,0,0,0,False,False,True
77811,88,99,True,1,0,0,0,False,False,True
79791,100,100,False,0,0,0,0,False,False,False
79851,100,100,False,0,0,0,0,False,False,False
79911,100,100,False,0,0,0,0,False,False,False
79971,100,100,False,0,0,0,0,False,False,False
80031,100,100,False,0,0,0,0,False,False,False
80091,100,100,False,0,0,0,0,False,False,False
80151,100,100,False,0,0,0,0,False,False,False
80211,100,100,False,0,0,0,0,False,False,False
80271,100,100,False,0,0,0,0,False,False,False
80331,100,100,False,0,0,0,0,False,False,False
80391,100,100,False,0,0,0,0,False,False,False
80451,100,100,False,0,0,0,0,False,False,False
80511,100,100,False,0,0,0,0,False,False,False
80571,100,100,False,0,0,0,0,False,False,False
80631,100,100,False,0,0,0,0,False,False,False
80691,100,100,False,0,0,0,0,False,False,False
80751,100,100,False,0,0,0,0,False,False,False
80811,100,100,False,0,0,0,0,False,False,False
80871,100,100,False,0,0,0,0,False,False,False
80931,100,100,False,0,0,0,0,False,False,False
80991,100,100,False,0,0,0,0,False,False,False
81051,100,100,False,0,0,0,0,False,False,False
81111,100,100,False,0,0,0,0,False,False,False
81171,100,100,False,0,0,0,0,False,False,False
81231,100,100,False,0,0,0,0,False,False,False
81291,100,100,False,0,0,0,0,False,False,False
81351,100,100,False,0,0,0,0,False,False,False
81411,100,100,False,0,0,0,0,False,False,False
81471,100,100,False,0,0,0,0,False,False,False
81531,100,100,False,0,0,0,0,False,False,False
81591,100,100,False,0,0,0,0,False,False,False
81651,100,100,False,0,0,0,0,False,False,False
81711,100,100,False,0,0,0,0,False,False,False
81771,100,100,False,0,0,0,0,False,False,False
81831,100,100,False,0,0,0,0,False,False,False
81891,100,100,False,0,0,0,0,False,False,False
81951,100,100,False,0,0,0,0,False,False,False
82011,100,100,False,0,0,0,0,False,False,False
82071,100,100,False,0,0,0,0,False,False,False
82131,100,100,False,0,0,0,0,False,False,False
82191,100,100,False,0,0,0,0,False,False,False
82251,100,100,False,0,0,0,0,False,False,False
82311,100,100,False,0,0,0,0,False,False,False
82371,100,100,False,0,0,0,0,False,False,False
82431,100,100,False,0,0,0,0,False,False,False
82491,100,100,False,0,0,0,0,False,True,False
82551,100,100,False,0,0,0,0,False,True,False
82611,100,100,False,0,0,0,0,False,True,False
82671,100,100,False,0,0,0,0,False,True,False
82731,85,93,False,0,0,0,0,False,True,False
82791,71,86,False,0,0,0,0,False,True,False
84291,100,100,False,0,0,0,0,False,False,False
84351,100,100,False,0,0,0,0,False,False,False
84411,100,100,False,0,0,0,0,False,False,False
84471,100,100,False,0,0,0,0,False,False,False
84531,100,100,False,0,0,0,0,False,False,False
84591,100,100,False,0,0,0,0,False,False,False
84651,100,100,False,0,0,0,0,False,False,False
84711,100,100,False,0,0,0,0,False,False,False
84771,100,100,False,0,0,0,0,False,False,False
84831,100,100,False,0,0,0,0,False,False,False
84891,100,100,False,0,0,0,0,False,False,False
84951,100,100,False,0,0,0,0,False,False,False
85011,100,100,False,0,0,0,0,False,False,False
85071,100,100,False,0,0,0,0,False,False,False
85131,100,100,False,0,0,0,0,False,False,False
85191,100,100,False,0,0,0,0,False,False,False
85251,100,100,False,0,0,0,0,False,False,False
85311,100,100,False,0,0,0,0,False,False,False
85371,100,100,False,0,0,0,0,False,False,False
85431,100,100,False,0,0,0,0,False,False,False
85491,100,100,False,0,0,0,0,False,False,False
85551,100,100,False,0,0,0,0,False,False,False
85611,100,100,False,0,0,0,0,False,False,False
85671,100,100,False,0,0,0,0,False,False,False
85731,100,100,False,0,0,0,0,False,False,False
85791,100,100,False,0,0,0,0,False,False,False
85851,100,100,False,0,0,0,0,False,False,False
85911,100,100,False,0,0,0,0,False,False,False
85971,100,100,False,0,0,0,0,False,False,False
86031,100,100,False,0,0,0,0,False,False,False
86091,100,100,False,0,0,0,0,False,False,False
86151,100,100,False,0,0,0,0,False,False,False
86211,100,100,False,0,0,0,0,False,False,False
86271,100,100,False,0,0,0,0,False,False,False
86331,100,100,False,0,0,0,0,False,False,False
86391,100,100,False,0,0,0,0,False,False,False
86451,100,100,False,0,0,0,0,False,False,False
86511,100,100,False,0,0,0,0,False,False,False
86571,100,100,False,0,0,0,0,False,False,False
86631,100,100,False,0,0,0,0,False,False,False
86691,100,100,False,0,0,0,0,False,False,False
86751,100,100,False,0,0,0,0,False,False,False
86811,100,100,False,0,0,0,0,False,False,False
86871,100,100,False,0,0,0,0,False,False,False
86931,100,100,False,0,0,0,0,False,False,False
86991,100,100,False,0,0,0,0,False,False,False
87051,100,100,False,0,0,0,0,False,False,False
87111,100,100,False,0,0,0,0,False,False,False
87171,100,100,False,0,0,0,0,False,False,False
87231,100,100,False,0,0,0,0,False,False,False
87291,100,100,False,0,0,0,0,False,False,False
87351,100,100,False,0,0,0,0,False,False,False
87411,100,100,False,0,0,0,0,False,False,False
87471,100,100,False,0,0,0,0,False,False,False
87531,100,100,False,0,0,0,0,False,False,False
87591,100,100,False,0,0,0,0,False,False,False
87651,100,100,False,0,0,0,0,False,False,False
87711,100,100,False,0,0,0,0,False,False,False
87771,100,100,False,0,0,0,0,False,False,False
87831,100,100,False,0,0,0,0,False,False,True
87891,100,100,False,0,0,0,0,False,False,True
87951,100,100,False,0,0,0,0,False,False,True
88011,100,100,False,0,0,0,0,False,False,True
88071,100,100,False,0,0,0,0,False,False,True
88131,100,100,False,0,0,0,0,False,False,True
88191,100,100,False,0,0,0,0,False,False,True
88251,100,100,False,0,0,0,0,False,False,True
88311,100,100,False,0,0,0,0,False,False,True
88371,100,100,False,0,0,0,0,False,False,True
88431,100,100,False,0,0,0,0,False,False,True
88491,100,100,False,0,0,0,0,False,False,True
88551,100,100,False,0,0,0,0,False,False,True
88611,100,100,False,0,0,0,0,False,False,True
88671,75,95,False,0,0,0,0,False,False,True
88731,75,95,False,0,0,0,0,False,False,True
88791,75,95,False,0,0,0,0,False,False,True
88851,75,95,False,0,0,0,0,False,False,True
88911,75,95,False,0,0,0,0,False,False,True
88971,75,95,False,0,0,0,0,False,False,True
89031,75,95,False,0,0,0,0,False,False,True
89091,75,95,False,0,0,0,0,False,False,True
89151,75,95,False,0,0,0,0,False,False,True
89211,75,95,False,0,0,0,0,False,False,True
89271,75,95,False,0,0,0,0,False,False,True
89331,75,95,False,0,0,0,0,False,False,True
89391,75,95,False,0,0,0,0,False,False,True
89451,75,95,False,0,0,0,0,False,False,True
89511,75,95,False,0,0,0,0,False,False,True
89571,75,95,False,0,0,0,0,False,False,True
89631,75,95,False,0,0,0,0,False,False,True
89691,75,95,False,0,0,0,0,False,False,True
90711,100,100,True,1,1,0,1,False,False,False
90771,100,100,True,1,1,0,1,False,False,False
90831,100,100,True,1,1,0,1,False,False,False
90891,100,100,True,1,1,0,1,False,False,False
90951,100,100,True,1,1,0,1,False,False,False
91011,100,100,True,1,1,0,1,False,False,False
91071,100,100,True,1,1,0,1,False,False,False
91131,100,100,True,1,1,0,1,False,False,False
91191,100,100,True,1,1,0,1,False,False,False
91251,100,100,True,1,1,0,1,False,False,False
91311,99,99,True,1,1,0,1,False,False,False
91371,99,99,True,1,1,0,1,False,False,False
91431,99,99,True,1,1,0,1,False,False,False
91491,99,99,True,1,1,0,1,False,False,False
91551,99,99,True,1,1,0,1,False,False,False
91611,99,99,True,1,1,0,1,False,False,False
91671,99,99,True,1,1,0,1,False,False,False
91731,99,99,True,1,1,0,0,False,False,False
91791,99,99,True,1,1,0,0,False,False,False
91851,99,99,True,1,1,0,0,False,False,False
91911,99,99,True,1,1,0,0,False,False,False
91971,99,99,True,1,1,0,0,False,False,False
92031,99,99,True,1,1,0,0,False,False,False
92091,99,99,True,1,1,0,0,False,False,False
92151,99,99,True,1,1,0,0,False,False,False
92211,99,99,True,1,1,0,0,False,False,False
92271,99,99,True,1,1,0,0,False,False,False
92331,99,99,True,1,1,0,0,False,False,False
92391,99,99,True,1,1,0,0,False,False,False
92451,99,99,True,1,1,0,0,False,False,False
92511,99,99,True,1,1,0,0,False,False,False
92571,99,99,True,1,1,0,0,False,False,False
92631,99,99,True,1,1,0,0,False,False,False
92691,99,99,True,1,1,0,0,False,False,False
92751,99,99,True,1,1,0,0,False,False,False
92811,99,99,True,1,1,0,0,False,False,False
92871,99,99,True,1,1,0,0,False,False,False
92931,99,99,True,1,1,0,0,False,False,False
92991,99,99,True,1,1,0,0,False,False,False
93051,99,99,True,1,1,0,0,False,False,False
93111,99,99,True,0,1,0,0,False,False,False
93171,99,99,True,0,1,0,0,False,False,False
93231,99,99,True,0,1,0,0,False,False,False
93291,99,99,True,0,1,0,0,False,False,False
93351,99,99,True,0,1,0,0,False,False,False
93411,99,99,True,0,1,0,0,False,False,False
95811,100,100,True,1,1,1,1,False,False,False
95871,100,100,True,1,1,1,1,False,False,False
95931,100,100,True,1,1,1,1,False,False,False
95991,100,100,True,1,1,1,1,False,False,False
96051,100,100,True,1,1,1,1,False,False,False
96111,100,100,True,1,1,1,1,False,False,False
96171,100,100,True,1,1,1,1,False,False,False
96231,100,100,True,1,1,1,1,False,False,False
96291,100,100,True,1,1,1,1,False,False,False
96351,100,100,True,1,1,1,1,False,False,False
96411,100,100,True,1,1,1,1,False,False,False
96471,100,100,True,1,1,1,1,False,False,False
96531,100,100,True,1,1,1,1,False,False,False
96591,100,100,True,1,1,1,1,False,False,False
96651,100,100,True,1,1,1,1,False,False,False
96711,100,100,True,1,1,1,1,False,False,False
96771,100,100,True,1,1,1,1,False,False,False
96831,100,100,True,1,1,1,1,False,False,False
96891,100,100,True,1,1,1,1,False,False,False
96951,100,100,True,1,1,1,1,False,False,False
97011,100,100,True,1,1,1,1,False,False,False
97071,100,100,True,1,1,1,1,False,False,False
97131,100,100,True,1,1,1,1,False,False,False
97191,100,100,True,1,1,1,1,False,False,False
97251,100,100,True,1,1,1,1,False,False,False
97311,100,100,True,1,1,1,0,False,False,False
97371,100,100,True,1,1,1,0,False,False,False
97431,100,100,True,1,1,1,0,False,False,False
97491,100,100,True,1,1,1,0,False,False,False
97551,100,100,True,1,1,1,0,False,False,False
97611,100,100,True,1,1,1,0,False,False,False
97671,100,100,True,1,1,1,0,False,False,False
97731,100,100,True,1,1,1,0,False,False,False
97791,100,100,True,1,1,1,0,False,False,False
97851,100,100,True,1,1,1,0,False,False,False
97911,100,100,True,0,1,1,0,False,False,False
97971,100,100,True,0,1,1,0,False,False,False
98031,100,100,True,0,1,1,0,False,False,False
98091,100,100,True,0,1,1,0,False,False,False
98151,100,100,True,1,1,1,0,False,False,False
98211,100,100,True,1,1,1,0,False,False,False
98271,100,100,True,0,1,1,0,False,False,False
98331,100,100,True,0,1,1,0,False,False,False
98391,100,100,True,0,0,1,0,False,False,False
98451,100,100,True,0,0,1,0,False,False,False
98511,100,100,True,0,0,1,0,False,False,False
98571,100,100,True,0,0,1,0,False,False,False
98631,100,100,True,0,0,1,0,False,False,False
98691,100,100,True,0,0,1,0,False,False,False
98751,100,100,True,0,0,1,0,False,False,False
98811,100,100,True,0,0,1,0,False,False,False
98871,100,100,True,0,0,1,0,False,False,False
98931,100,100,True,0,0,1,0,False,False,False
98991,100,100,True,0,0,1,0,False,False,False
99051,100,100,True,0,0,1,0,False,False,False
99111,99,100,True,0,0,1,0,False,False,False
99171,99,100,True,0,0,1,0,False,False,False
99231,99,100,True,0,0,1,0,False,False,False
99291,99,100,True,0,0,1,0,False,False,True
99351,99,100,True,0,0,1,0,False,False,True
99411,99,100,True,0,0,1,0,False,False,True
99471,99,100,True,0,0,1,0,False,False,True
99531,99,100,True,0,0,1,0,False,False,True
99591,99,100,True,0,0,1,0,False,False,True
99651,99,100,True,0,0,1,0,False,False,True
99711,99,100,True,0,0,1,0,False,False,True
99771,99,100,True,0,0,1,0,False,False,True
99831,99,100,True,0,0,1,0,False,False,True
99891,99,100,True,0,0,1,0,False,False,True
99951,99,100,True,0,0,1,0,False,False,True
100011,99,100,True,0,0,0,0,False,False,True
100071,99,100,True,0,0,0,0,False,False,True
100131,99,100,True,0,0,0,0,False,False,True
100191,99,100,True,0,0,0,0,False,False,True
100251,99,100,True,0,0,0,0,False,False,True
100311,99,100,True,0,0,0,0,False,False,True
100371,99,100,True,0,0,0,0,False,False,True
100431,99,100,True,0,0,0,0,False,False,True
100491,99,100,True,0,0,0,0,False,False,True
100551,99,100,True,0,0,0,0,False,False,True
100611,99,100,True,0,0,0,0,False,False,True
100671,99,100,True,0,0,0,0,False,False,True
100731,99,100,True,0,0,0,0,False,False,True
100791,99,100,True,0,0,0,0,False,False,True
100851,99,100,True,0,0,0,0,False,False,True
100911,99,100,True,0,0,0,0,False,False,True
103311,100,100,True,1,1,0,1,False,False,False
103371,100,100,True,1,1,0,1,False,False,False
103431,100,100,True,1,1,0,1,False,False,False
103491,100,100,True,1,1,0,1,False,False,False
103551,100,100,True,1,1,0,1,False,False,False
103611,100,100,True,1,1,0,1,False,False,False
103671,100,100,True,1,1,0,1,False,False,False
103731,100,100,True,1,1,0,1,False,False,False
103791,100,100,True,1,1,0,1,False,False,False
103851,100,100,True,1,1,0,1,False,False,False
103911,100,100,True,1,1,0,1,False,False,False
103971,100,100,True,1,1,0,1,False,False,False
104031,100,100,True,1,1,0,1,False,False,False
104091,100,100,True,1,1,0,1,False,False,False
104151,100,100,True,1,1,0,1,False,False,False
104211,100,100,True,1,1,0,1,False,False,False
104271,100,100,True,1,1,0,1,False,False,False
104331,100,100,True,1,1,0,1,False,False,False
104391,100,100,True,1,1,0,1,False,False,False
104451,100,100,True,1,1,0,1,False,False,False
104511,100,100,True,1,1,0,1,False,False,False
104571,100,100,True,1,1,0,1,False,False,False
104631,100,100,True,1,1,0,1,False,False,False
104691,100,100,True,1,1,0,0,False,False,False
104751,100,100,True,1,1,0,0,False,False,False
104811,100,100,True,1,1,0,0,False,False,False
104871,100,100,True,1,1,0,0,False,False,False
104931,98,99,True,1,1,0,0,False,False,False
104991,98,99,True,1,1,0,0,False,False,False
105051,98,99,True,1,1,0,0,False,False,False
105111,98,99,True,1,1,0,0,False,False,False
105171,98,99,True,1,1,0,0,False,False,False
105231,98,99,True,1,1,0,0,False,False,False
105291,98,99,True,1,1,0,0,False,False,False
105351,98,99,True,1,1,0,0,False,False,False
105411,98,99,True,1,1,0,0,False,False,False
105471,98,99,True,1,1,0,0,False,False,False
105531,98,99,True,1,1,0,0,False,False,False
105591,98,99,True,1,1,0,0,False,False,False
105651,98,99,True,1,1,0,0,False,False,False
105711,98,99,True,0,1,0,0,False,False,False
105771,98,99,True,0,1,0,0,False,False,False
105831,98,99,True,0,1,0,0,False,False,False
105891,98,99,True,0,1,0,0,False,False,False
105951,98,99,True,0,1,0,0,False,False,False
106011,98,99,True,0,1,0,0,False,False,False
106071,98,99,True,0,1,0,0,False,False,False
106131,98,99,True,0,1,0,0,False,False,False
106191,98,99,True,0,0,0,0,False,False,False
106251,98,99,True,0,0,0,0,False,False,False
106311,98,99,True,0,0,0,0,False,False,False
106371,98,99,True,0,0,0,0,False,False,False
106431,74,94,True,0,0,0,0,False,False,False
106491,24,84,True,1,0,0,0,False,False,False
106551,24,84,True,1,0,0,0,False,False,False
106611,24,84,True,1,0,0,0,False,False,False
106671,24,84,True,1,0,0,0,False,False,False
106731,24,84,True,1,0,0,0,False,False,False
106791,24,84,True,1,0,0,0,False,False,False
106851,24,84,True,1,0,0,0,False,False,False
106911,24,84,True,1,0,0,0,False,False,False
109071,100,100,True,1,0,0,0,False,False,False
109131,100,100,True,1,0,0,0,False,False,False
109191,100,100,True,1,0,0,0,False,False,False
109251,100,100,True,1,0,0,0,False,False,False
109311,100,100,True,1,0,0,0,False,False,False
109371,100,100,True,1,0,0,0,False,False,False
109431,100,100,True,1,0,0,0,False,False,False
109491,100,100,True,1,0,0,0,False,False,False
109551,100,100,True,1,0,0,0,False,False,False
109611,100,100,True,1,0,0,0,False,False,False
109671,100,100,True,1,0,0,0,False,False,False
109731,100,100,True,1,0,0,0,False,False,False
109791,100,100,True,1,0,0,0,False,False,False
109851,100,100,True,1,0,0,0,False,False,False
109911,100,100,True,1,0,0,0,False,False,False
109971,100,100,True,1,0,0,0,False,False,False
110031,100,100,True,1,0,0,0,False,False,False
110091,100,100,True,1,0,0,0,False,False,False
110151,100,100,True,1,0,0,0,False,False,False
110211,100,100,True,1,0,0,0,False,False,False
110271,100,100,True,1,0,0,0,False,False,False
110331,100,100,True,1,0,0,0,False,False,False
110391,100,100,True,1,0,0,0,False,False,False
110451,100,100,True,1,0,0,0,False,False,False
110511,100,100,True,1,0,0,0,False,False,False
110571,53,90,True,1,0,0,0,False,False,False
110631,53,90,True,1,0,0,0,False,False,False
110691,53,90,True,1,0,0,0,False,False,False
110751,53,90,True,1,0,0,0,False,False,False
110811,53,90,True,1,0,0,0,False,False,False
110871,53,90,True,1,0,0,0,False,False,False
110931,53,90,True,1,0,0,0,False,False,False
110991,53,90,True,1,0,0,0,False,False,False
111051,53,90,True,1,0,0,0,False,False,False
111111,53,90,True,1,0,0,0,False,False,False
111171,53,90,True,1,0,0,0,False,False,False
111231,53,90,True,1,0,0,0,False,False,False
111291,53,90,True,1,0,0,0,False,False,False
111351,53,90,True,1,0,0,0,False,False,False
111411,27,85,True,1,0,0,0,False,False,False
111471,27,85,True,1,0,0,0,False,False,False
111531,27,85,True,1,0,0,0,False,False,False
111591,27,85,True,1,0,0,0,False,False,False
111651,27,85,True,1,0,0,0,False,False,False
111711,27,85,True,1,0,0,0,False,False,False
111771,27,85,True,1,0,0,0,False,False,False
111831,27,85,True,1,0,0,0,False,False,False
111891,27,85,True,1,0,0,0,False,False,False
111951,27,85,True,1,0,0,0,False,False,False
112011,27,85,True,1,0,0,0,False,False,False
112071,27,85,True,1,0,0,0,False,False,False
112131,27,85,True,1,0,0,0,False,False,False
112191,27,85,True,1,0,0,0,False,False,False
112251,27,85,True,1,0,0,0,False,False,False
112311,27,85,True,1,0,0,0,False,False,False
112371,27,85,True,1,0,0,0,False,False,False
112431,27,85,True,1,0,0,0,False,False,False
112491,27,85,True,1,0,0,0,False,False,False
112551,27,85,True,1,0,0,0,False,False,False
112611,27,85,True,1,0,0,0,False,False,False
112671,27,85,True,1,0,0,0,False,False,False
112731,27,85,True,1,0,0,0,False,False,False
112791,27,85,True,1,0,0,0,False,False,False
112851,27,85,True,1,0,0,0,False,False,False
115191,100,100,True,1,1,1,1,False,False,False
115251,100,100,True,1,1,1,1,False,False,False
115311,100,100,True,1,1,1,1,False,False,False
115371,100,100,True,1,1,1,1,False,False,False
115431,100,100,True,1,1,1,1,False,False,False
115491,100,100,True,1,1,1,1,False,False,False
115551,100,100,True,1,1,1,1,False,False,False
115611,100,100,True,1,1,1,1,False,False,False
115671,100,100,True,1,1,1,1,False,False,False
115731,100,100,True,1,1,1,1,False,False,False
115791,100,100,True,1,1,1,1,False,False,False
115851,100,100,True,1,1,1,1,False,False,False
115911,100,100,True,1,1,1,1,False,False,False
115971,100,100,True,1,0,1,1,False,False,False
116031,100,100,True,1,0,1,1,False,False,False
116091,100,100,True,1,0,1,1,False,False,False
116151,100,100,True,1,0,1,1,False,False,False
116211,100,100,True,1,0,1,1,False,False,False
116271,100,100,True,1,0,1,1,False,False,False
116331,100,100,True,1,0,1,1,False,False,False
116391,100,100,True,1,0,1,1,False,False,False
116451,100,100,True,1,0,1,1,False,False,False
116511,100,100,True,1,0,1,1,False,False,False
116571,100,100,True,1,0,1,1,False,False,False
116631,100,100,True,1,0,1,1,False,False,False
116691,100,100,True,1,0,1,1,False,False,False
116751,100,100,True,1,0,1,1,False,False,False
116811,100,100,True,1,0,1,0,False,False,False
116871,100,100,True,1,0,1,0,False,False,False
116931,100,100,True,1,0,1,0,False,False,False
116991,100,100,True,1,0,1,0,False,False,False
117051,100,100,True,1,0,1,0,False,False,True
117111,100,100,True,1,0,1,0,False,False,True
117171,100,100,True,1,0,1,0,False,False,True
117231,100,100,True,1,0,1,0,False,False,True
117291,100,100,True,1,0,1,0,False,False,True
117351,100,100,True,1,0,1,0,False,False,True
117411,100,100,True,1,0,1,0,False,False,True
117471,100,100,True,1,0,1,0,False,False,True
117531,100,100,True,1,0,1,0,False,False,True
117591,100,100,True,1,0,1,0,False,False,True
117651,100,100,True,0,0,1,0,False,False,True
117711,100,100,True,0,0,1,0,False,False,True
117771,100,100,True,0,0,1,0,False,False,True
117831,100,100,True,0,0,1,0,False,False,True
117891,100,100,True,0,0,1,0,False,False,True
117951,100,100,True,0,0,1,0,False,False,True
118011,100,100,True,0,0,1,0,False,False,True
118071,100,100,True,0,0,1,0,False,False,True
118131,100,100,True,0,0,1,0,False,False,True
118191,100,100,True,0,0,1,0,False,False,True
118251,100,100,True,0,0,1,0,False,False,True
118311,100,100,True,0,0,1,0,False,False,True
118371,100,100,True,0,0,1,0,False,False,True
118431,100,100,True,0,0,1,0,False,False,True
118491,100,100,True,0,0,1,0,False,False,True
118551,100,100,True,0,0,1,0,False,False,True
118611,100,100,True,0,0,1,0,False,False,True
118671,100,100,True,0,0,1,0,False,False,True
118731,100,100,True,0,0,1,0,False,False,True
118791,100,100,True,0,0,1,0,False,False,True
118851,100,100,True,0,0,1,0,False,False,True
118911,100,100,True,0,0,1,0,False,False,True
118971,100,100,True,0,0,1,0,False,False,True
119031,100,100,True,0,0,1,0,False,False,True
119091,100,100,True,0,0,1,0,False,False,True
119151,100,100,True,0,0,1,0,False,False,True
119211,100,100,True,0,0,1,0,False,False,True
119271,100,100,True,0,0,1,0,False,False,True
119331,100,100,True,0,0,1,0,False,False,True
119391,100,100,True,0,0,1,0,False,False,True
119451,100,100,True,0,0,1,0,False,False,True
119511,100,100,True,0,0,1,0,False,False,True
119571,100,100,True,0,0,1,0,False,False,True
119631,100,100,True,0,0,1,0,False,False,True
119691,84,84,True,0,0,1,0,False,False,False
119751,84,84,True,0,0,1,0,False,False,False
120771,100,84,True,1,1,0,1,False,True,False
120831,100,84,True,1,1,0,1,False,True,False
120891,100,84,True,1,1,0,1,False,True,False
120951,100,84,True,1,1,0,1,False,True,False
121011,100,84,True,1,1,0,1,False,True,False
121071,100,84,True,1,1,0,1,False,True,False
121131,100,84,True,1,1,0,1,False,True,False
121191,100,84,True,1,1,0,1,False,True,False
121251,100,84,True,1,1,0,1,False,False,False
121311,100,84,True,1,1,0,1,False,False,False
121371,100,84,True,1,1,0,1,False,False,False
121431,100,84,True,1,1,0,1,False,False,False
121491,100,84,True,1,1,0,1,False,False,False
121551,100,84,True,1,1,0,1,False,True,False
121611,100,84,True,1,0,0,1,False,True,False
121671,100,84,True,1,0,0,1,False,True,False
121731,100,84,True,1,0,0,1,False,True,False
121791,100,84,True,1,0,0,1,False,True,False
121851,100,84,True,1,0,0,1,False,True,False
121911,100,84,True,1,0,0,1,False,True,False
121971,100,84,True,1,0,0,1,False,True,False
122031,100,84,True,1,0,0,1,False,True,False
122091,100,84,True,1,0,0,1,False,True,False
122151,100,84,True,1,0,0,1,False,True,False
122211,100,84,True,1,0,0,1,False,True,False
122271,100,84,True,1,0,0,1,False,True,False
122331,100,84,True,1,0,0,1,False,True,False
122391,100,84,True,1,0,0,1,False,True,False
122451,100,84,True,1,0,0,1,False,True,False
122511,100,84,True,1,0,0,1,False,True,False
122571,100,84,True,1,0,0,1,False,True,False
122631,100,84,True,1,0,0,1,False,True,False
122691,100,84,True,1,0,0,0,False,True,False
122751,100,84,True,1,0,0,0,False,True,False
122811,100,84,True,1,0,0,0,False,True,False
122871,100,84,True,1,0,0,0,False,True,False
122931,100,84,True,1,0,0,0,False,True,False
122991,100,84,True,1,0,0,0,False,True,False
123051,49,78,True,1,0,0,0,False,True,False
123111,49,78,True,1,0,0,0,False,True,False
123171,49,78,True,1,0,0,0,False,True,False
123231,49,78,True,1,0,0,0,False,True,False
123291,49,78,True,1,0,0,0,False,True,False
123351,49,78,True,1,0,0,0,False,True,False
123411,49,78,True,1,0,0,0,False,True,False
123471,49,78,True,1,0,0,0,False,True,False
123531,49,78,True,1,0,0,0,False,True,False
124551,100,78,True,1,1,1,1,False,False,False
124611,100,78,True,1,1,1,1,False,False,False
124671,100,78,True,1,1,1,1,False,False,False
124731,100,78,True,1,1,1,1,False,False,False
124791,100,78,True,1,1,1,1,False,False,False
124851,100,78,True,1,1,1,1,False,False,False
124911,100,78,True,1,1,1,1,False,False,False
124971,100,78,True,1,1,1,1,False,False,False
125031,100,78,True,1,1,1,1,False,False,False
125091,100,78,True,1,1,1,1,False,False,False
125151,100,78,True,1,1,1,1,False,False,False
125211,100,78,True,1,1,1,1,False,False,False
125271,100,78,True,1,1,1,1,False,False,False
125331,100,78,True,1,1,1,1,False,False,False
125391,100,78,True,1,1,1,1,False,False,False
125451,100,78,True,1,1,1,1,False,False,False
125511,100,78,True,1,1,1,1,False,False,False
125571,100,78,True,1,1,1,1,False,False,False
125631,100,78,True,1,1,1,1,False,False,False
125691,100,78,True,1,1,1,1,False,False,False
125751,100,78,True,1,1,1,1,False,False,False
125811,100,78,True,1,1,1,1,False,False,False
125871,100,78,True,1,1,1,1,False,False,False
125931,100,78,True,1,1,1,1,False,False,False
125991,100,78,True,1,1,1,1,False,False,False
126051,100,78,True,1,1,1,1,False,False,False
126111,100,78,True,1,1,1,1,False,False,False
126171,100,78,True,1,1,1,1,False,False,False
126231,100,78,True,1,1,1,1,False,False,False
126291,100,78,True,1,1,1,1,False,False,False
126351,100,78,True,1,1,1,1,False,False,False
126411,100,78,True,0,1,1,1,False,False,False
126471,100,78,True,0,1,1,1,False,False,False
126531,100,78,True,0,1,1,0,False,False,False
126591,100,78,True,0,1,1,0,False,False,False
126651,100,78,True,0,1,0,0,False,False,False
126711,100,78,True,0,1,0,0,False,False,False
126771,100,78,True,0,1,0,0,False,False,False
126831,100,78,True,0,1,0,0,False,False,False
126891,100,78,True,0,1,0,0,False,False,False
126951,100,78,True,0,1,0,0,False,False,False
127011,100,78,True,0,1,0,0,False,False,False
127071,100,78,True,0,1,0,0,False,False,False
127131,100,78,True,0,1,0,0,False,False,False
127191,100,78,True,0,1,0,0,False,False,False
