0,1,2,3,4,5,6,7,8,9,10
7314,100.0,100.0,False,0,0,0,0,False,False,False
7374,100.0,100.0,False,0,0,0,0,False,False,False
7434,100.0,0.0,False,1,0,0,0,True,False,False
7494,100.0,0.0,False,0,0,0,0,True,False,False
7554,100.0,0.0,False,0,0,0,0,False,False,False
7614,100.0,0.0,False,0,0,0,0,False,False,False
7674,100.0,0.0,False,0,0,0,0,False,False,False
7734,100.0,0.0,False,0,0,0,0,False,False,False
7794,100.0,0.0,False,0,0,0,0,False,False,False
7854,100.0,0.0,False,0,0,0,0,False,False,False
7914,100.0,0.0,False,0,0,0,0,False,False,False
7974,100.0,0.0,False,0,0,0,0,False,False,False
8034,100.0,0.0,False,0,0,0,0,False,False,False
8094,100.0,0.0,False,0,0,0,0,False,False,False
8154,100.0,0.0,False,0,0,0,0,False,False,False
8214,100.0,0.0,False,0,0,0,0,False,False,False
8274,100.0,0.0,False,0,0,0,0,False,False,False
8334,100.0,0.0,False,0,0,0,0,False,False,False
8394,100.0,0.0,False,0,0,0,0,False,False,False
8454,100.0,0.0,False,0,0,0,0,False,False,False
8514,100.0,0.0,False,0,0,0,0,False,False,False
8574,100.0,0.0,False,0,0,0,0,False,False,False
8634,100.0,0.0,False,0,0,0,0,False,False,False
8694,100.0,0.0,False,0,0,0,0,False,False,False
8754,100.0,0.0,False,0,0,0,0,False,False,False
8814,100.0,0.0,False,0,0,0,0,False,False,False
8874,100.0,0.0,False,0,0,0,0,False,False,False
8934,100.0,0.0,False,0,0,0,0,False,False,False
8994,100.0,0.0,False,0,0,0,0,False,False,False
9054,100.0,0.0,False,0,0,0,0,False,False,False
9114,100.0,0.0,False,0,0,0,0,False,False,False
9174,100.0,0.0,False,0,0,0,0,False,False,False
9234,100.0,0.0,False,0,0,0,0,False,False,False
9294,100.0,0.0,False,0,0,0,0,False,False,False
9354,100.0,0.0,False,0,0,0,0,False,False,False
9414,100.0,0.0,False,0,0,0,0,False,False,False
9474,100.0,0.0,False,0,0,0,0,False,False,False
9534,100.0,0.0,False,0,0,0,0,False,False,False
14574,100.0,100.0,True,1,1,0,0,False,False,False
14634,100.0,100.0,True,1,1,0,0,False,False,False
14694,100.0,100.0,True,1,1,0,0,False,False,False
14754,100.0,100.0,True,1,1,0,0,False,False,False
14814,100.0,100.0,True,1,1,0,0,False,False,False
14874,100.0,100.0,True,1,1,0,0,False,False,False
14934,100.0,100.0,True,1,1,0,0,False,False,False
14994,100.0,100.0,True,1,1,0,0,False,False,False
15054,100.0,100.0,True,1,1,0,0,False,False,False
15114,100.0,100.0,True,1,1,0,0,False,False,False
15174,100.0,100.0,True,1,1,0,0,False,False,False
15234,100.0,100.0,True,1,1,0,0,False,False,False
15294,100.0,100.0,True,1,1,0,0,False,False,False
15354,100.0,100.0,True,1,1,0,0,False,False,False
15414,100.0,100.0,True,1,1,0,0,False,False,False
15474,100.0,100.0,True,1,1,0,0,False,False,False
15534,35.0,91.0,True,1,1,0,0,False,False,False
15594,35.0,91.0,True,1,1,0,0,False,False,False
15654,35.0,91.0,True,1,1,0,0,False,False,False
15714,35.0,91.0,True,1,1,0,0,False,False,False
15774,35.0,91.0,True,1,1,0,0,False,False,False
15834,35.0,91.0,True,1,1,0,0,False,False,False
15894,35.0,91.0,True,1,1,0,0,False,False,False
15954,35.0,91.0,True,1,1,0,0,False,False,False
16014,35.0,91.0,True,1,1,0,0,False,False,False
16074,35.0,91.0,True,1,1,0,0,False,False,False
16134,35.0,91.0,True,1,1,0,0,False,False,False
16194,35.0,91.0,True,1,1,0,0,False,False,False
16254,35.0,91.0,True,1,1,0,0,False,False,False
16314,35.0,91.0,True,1,1,0,0,False,False,False
16374,35.0,91.0,True,1,1,0,0,False,False,False
16434,35.0,91.0,True,1,1,0,0,False,False,False
16494,35.0,91.0,True,1,0,0,0,False,False,False
16554,35.0,91.0,True,1,0,0,0,False,False,False
16614,35.0,91.0,True,1,0,0,0,False,False,False
16674,35.0,91.0,True,1,0,0,0,False,False,False
16734,35.0,91.0,True,1,0,0,0,False,False,False
16794,35.0,91.0,True,1,0,0,0,False,False,False
16854,35.0,91.0,True,1,0,0,0,False,False,False
16914,35.0,91.0,True,1,0,0,0,False,False,False
16974,35.0,91.0,True,1,0,0,0,False,False,False
17034,35.0,91.0,True,1,0,0,0,False,False,False
17094,35.0,91.0,True,1,0,0,0,False,False,False
17154,35.0,91.0,True,1,0,0,0,False,False,False
17214,35.0,91.0,True,1,0,0,0,False,False,False
17274,35.0,91.0,True,1,0,0,0,False,False,False
17334,35.0,91.0,True,1,0,0,0,False,False,False
17394,35.0,91.0,True,1,0,0,0,False,False,False
17454,35.0,91.0,True,1,0,0,0,False,False,False
17514,35.0,91.0,True,1,0,0,0,False,False,False
17574,35.0,91.0,True,1,0,0,0,False,False,False
17634,35.0,91.0,True,1,0,0,0,False,False,False
17694,35.0,91.0,True,1,0,0,0,False,False,False
17754,35.0,91.0,True,1,0,0,0,False,False,False
19134,100.0,91.0,True,0,1,1,0,True,False,False
19194,100.0,91.0,True,0,1,1,0,True,False,False
19254,100.0,91.0,True,0,1,1,0,True,False,False
19314,100.0,91.0,True,0,1,1,0,True,False,False
19374,100.0,91.0,True,0,1,1,0,True,False,False
19434,100.0,91.0,True,0,1,1,0,True,False,False
19494,100.0,91.0,True,0,1,1,0,True,False,False
19554,100.0,91.0,True,0,1,1,0,True,False,False
19614,100.0,91.0,True,0,1,1,0,True,False,False
19674,100.0,91.0,True,0,1,1,0,True,False,False
19734,100.0,91.0,True,0,1,1,0,True,False,False
19794,100.0,91.0,True,0,1,1,0,True,False,False
19854,100.0,91.0,True,0,1,1,0,True,False,False
19914,100.0,91.0,True,0,1,1,0,True,False,False
19974,100.0,91.0,True,0,1,1,0,True,False,False
25254,100.0,100.0,True,0,0,0,0,False,False,False
25314,100.0,100.0,True,0,0,0,0,False,False,False
25374,100.0,100.0,True,0,0,0,0,False,False,False
25434,100.0,100.0,True,0,0,0,0,False,False,False
25494,100.0,100.0,True,0,0,0,0,False,False,False
25554,100.0,100.0,True,0,0,0,0,False,False,False
25614,100.0,100.0,True,0,0,0,0,False,False,False
25674,100.0,100.0,True,0,0,0,0,False,False,False
25734,100.0,100.0,True,0,0,0,0,False,False,False
25794,100.0,100.0,True,0,0,0,0,False,False,False
25854,100.0,100.0,True,0,0,0,0,False,False,False
25914,100.0,100.0,True,0,0,0,0,False,False,False
25974,100.0,100.0,True,0,0,0,0,False,False,False
26034,100.0,100.0,True,0,0,0,0,False,False,False
26094,100.0,100.0,True,0,0,0,0,False,False,False
26154,100.0,100.0,True,0,0,0,0,False,False,False
26214,100.0,100.0,True,0,0,0,0,False,False,False
26274,100.0,100.0,True,0,0,0,0,False,False,False
26334,100.0,100.0,True,0,0,0,0,False,False,False
26394,100.0,100.0,True,0,0,0,0,False,False,False
26454,100.0,100.0,True,0,0,0,0,False,False,False
26514,100.0,100.0,True,0,0,0,0,False,False,False
26574,100.0,100.0,True,0,0,0,0,False,False,False
26634,100.0,100.0,True,0,0,0,0,False,False,False
26694,100.0,100.0,True,0,0,0,0,False,False,False
26754,100.0,100.0,True,0,0,0,0,False,False,False
26814,100.0,100.0,True,0,0,0,0,False,False,False
26874,100.0,100.0,True,0,0,0,0,False,False,False
26934,100.0,100.0,True,0,0,0,0,False,False,False
26994,100.0,100.0,True,0,0,0,0,False,False,False
27054,100.0,100.0,True,0,0,0,0,False,False,False
27114,100.0,100.0,True,0,0,0,0,False,False,False
27174,100.0,100.0,True,0,0,0,0,False,False,False
27234,100.0,100.0,True,0,0,0,0,False,False,False
27294,100.0,100.0,True,0,0,0,0,False,False,False
27354,100.0,100.0,True,0,0,0,0,False,False,False
27414,100.0,100.0,True,0,0,0,0,False,False,False
27474,100.0,100.0,True,0,0,0,0,False,False,False
27534,100.0,100.0,True,0,0,0,0,False,False,False
27594,100.0,100.0,True,0,0,0,0,False,False,False
27654,100.0,100.0,True,0,0,0,0,False,False,False
27714,100.0,100.0,True,0,0,0,0,False,False,False
27774,100.0,100.0,True,0,0,0,0,False,False,False
27834,100.0,100.0,True,0,0,0,0,False,False,False
27894,100.0,100.0,True,0,0,0,0,False,False,False
27954,100.0,100.0,True,0,0,0,0,False,False,False
30414,100.0,100.0,True,1,1,1,1,True,False,False
30474,100.0,100.0,True,1,1,1,1,True,False,False
30534,100.0,100.0,True,1,1,1,1,True,False,False
30594,100.0,100.0,True,1,1,1,1,True,False,False
30654,100.0,100.0,True,1,1,1,1,True,False,False
30714,100.0,100.0,True,1,1,1,1,True,False,False
30774,100.0,100.0,True,1,1,1,1,True,False,False
30834,100.0,100.0,True,1,1,1,1,True,False,False
30894,100.0,100.0,True,1,1,1,1,True,False,False
30954,100.0,100.0,True,1,1,1,1,True,False,False
31014,100.0,100.0,True,1,1,1,1,True,False,False
31074,100.0,100.0,True,1,1,1,1,True,False,False
31134,99.0,100.0,True,1,1,1,1,True,False,False
31194,99.0,100.0,True,1,1,1,1,True,False,False
31254,99.0,100.0,True,1,1,1,1,True,False,False
31314,99.0,100.0,True,1,1,1,1,True,False,False
31374,99.0,100.0,True,1,1,1,1,True,False,False
31434,99.0,100.0,True,1,1,1,1,True,False,False
31494,99.0,100.0,True,1,1,1,1,True,False,False
31554,99.0,100.0,True,1,1,1,1,True,False,False
31614,99.0,100.0,True,1,1,1,1,True,False,False
31674,99.0,100.0,True,1,1,1,1,True,False,False
31734,72.0,97.0,True,1,1,1,1,True,False,False
31794,72.0,97.0,True,1,1,1,1,True,False,False
31854,72.0,97.0,True,1,1,1,1,True,False,False
31914,72.0,97.0,True,1,1,1,1,True,False,False
31974,72.0,97.0,True,1,1,1,1,True,False,False
32034,72.0,97.0,True,1,1,1,1,True,False,False
32094,72.0,97.0,True,1,1,1,1,True,False,False
32154,72.0,97.0,True,1,1,1,1,True,False,False
32214,72.0,97.0,True,1,1,1,1,True,False,False
32274,72.0,97.0,True,1,1,1,1,True,False,False
32334,72.0,97.0,True,1,1,1,1,True,False,False
32394,72.0,97.0,True,1,1,1,1,True,False,False
32454,72.0,97.0,True,1,1,1,1,True,False,False
32514,72.0,97.0,True,1,1,1,1,True,False,False
32574,72.0,97.0,True,1,1,1,1,True,False,False
32634,72.0,97.0,True,1,1,1,1,True,False,False
32694,72.0,97.0,True,1,1,1,1,True,False,False
34014,100.0,97.0,True,1,1,1,1,True,False,False
34074,100.0,97.0,True,1,1,1,1,True,False,False
34134,100.0,97.0,True,1,1,1,1,True,False,False
34194,100.0,97.0,True,1,1,1,1,True,False,False
34254,100.0,97.0,True,1,1,1,1,True,False,False
34314,100.0,97.0,True,1,1,1,1,True,False,False
34374,100.0,97.0,True,1,1,1,1,True,False,False
34434,100.0,97.0,True,1,1,1,1,True,False,False
34494,100.0,97.0,True,1,1,1,1,True,False,False
34554,100.0,97.0,True,1,1,1,1,True,False,False
34614,100.0,97.0,True,1,1,1,1,True,False,False
34674,100.0,97.0,True,1,1,1,1,True,False,False
34734,100.0,97.0,True,1,1,1,1,True,False,False
34794,100.0,97.0,True,1,1,1,1,True,False,False
34854,100.0,97.0,True,1,1,1,1,True,False,False
34914,100.0,97.0,True,1,1,1,1,True,False,False
34974,100.0,97.0,True,1,1,1,1,True,False,False
35034,100.0,97.0,True,1,1,1,1,True,False,False
35094,100.0,97.0,True,1,1,1,1,True,False,False
35154,100.0,97.0,True,1,1,1,1,True,False,False
35214,100.0,97.0,True,1,1,1,1,True,False,False
35274,73.0,96.0,True,1,1,1,1,True,False,False
35334,73.0,96.0,True,1,1,1,1,True,False,False
35394,73.0,96.0,True,1,1,1,1,True,False,False
35454,73.0,96.0,True,1,1,1,1,True,False,False
35514,73.0,96.0,True,1,1,1,1,True,False,False
35574,73.0,96.0,True,1,0,1,1,True,False,False
35634,73.0,96.0,True,1,0,1,1,True,False,False
35694,73.0,96.0,True,1,0,1,1,True,False,False
35754,73.0,96.0,True,1,0,1,1,True,False,False
35814,73.0,96.0,True,1,0,1,1,True,False,False
35874,73.0,96.0,True,1,0,1,1,True,False,False
35934,73.0,96.0,True,1,0,1,1,True,False,False
35994,73.0,96.0,True,1,0,1,1,True,False,False
36054,73.0,96.0,True,1,0,1,1,True,False,False
36114,73.0,96.0,True,1,0,1,1,True,False,False
36174,73.0,96.0,True,1,0,1,1,True,False,False
36234,73.0,96.0,True,1,0,1,1,True,False,False
36294,73.0,96.0,True,1,0,1,1,True,False,False
36354,73.0,96.0,True,1,0,1,1,True,False,False
36414,73.0,96.0,True,1,0,1,1,True,False,False
36474,73.0,96.0,True,1,0,1,1,True,False,False
36534,73.0,96.0,True,1,0,1,1,True,False,False
36594,73.0,96.0,True,1,0,1,1,True,False,False
36654,73.0,96.0,True,1,0,1,1,True,False,False
36714,73.0,96.0,True,1,0,1,1,True,False,False
36774,73.0,96.0,True,1,0,1,1,True,False,False
36834,73.0,96.0,True,1,0,1,1,True,False,False
36894,73.0,96.0,True,1,0,1,1,True,False,False
36954,73.0,96.0,True,1,0,1,1,True,False,False
37014,73.0,96.0,True,1,0,1,1,True,False,False
37074,73.0,96.0,True,1,0,1,1,True,False,False
37134,73.0,96.0,True,1,0,1,1,True,False,False
37194,73.0,96.0,True,1,0,1,1,True,False,False
37254,73.0,96.0,True,1,0,1,1,True,False,False
38634,100.0,96.0,True,1,1,1,1,True,False,False
38694,100.0,96.0,True,1,1,1,1,True,False,False
38754,100.0,96.0,True,1,1,1,1,True,False,False
38814,100.0,96.0,True,1,1,1,1,True,False,False
38874,100.0,96.0,True,1,1,1,1,True,False,False
38934,100.0,96.0,True,1,1,1,1,True,False,False
38994,100.0,96.0,True,1,1,1,1,True,False,False
39054,100.0,96.0,True,1,1,1,1,True,False,False
39114,100.0,96.0,True,1,1,1,1,True,False,False
39174,100.0,96.0,True,1,1,1,1,True,False,False
39234,100.0,96.0,True,1,1,1,1,True,False,False
39294,100.0,96.0,True,1,1,1,1,True,False,False
39354,100.0,96.0,True,1,1,1,1,True,False,False
39414,100.0,96.0,True,1,1,1,1,True,False,False
39474,100.0,96.0,True,1,1,1,1,True,False,False
39534,100.0,96.0,True,1,1,1,1,True,False,False
39594,100.0,96.0,True,1,1,1,1,True,False,False
39654,100.0,96.0,True,1,1,1,1,True,False,False
39714,100.0,96.0,True,1,1,1,1,True,False,False
39774,41.0,89.0,True,1,1,1,1,True,False,False
44934,100.0,100.0,True,1,1,1,1,True,False,False
44994,100.0,100.0,True,1,1,1,1,True,False,False
45054,100.0,100.0,True,1,1,1,1,True,False,False
45114,100.0,100.0,True,1,1,1,1,True,False,False
45174,100.0,100.0,True,1,1,1,1,True,False,False
45234,100.0,100.0,True,1,1,1,1,True,False,False
45294,100.0,100.0,True,1,1,1,1,True,False,False
45354,100.0,100.0,True,1,1,1,0,True,False,False
45414,100.0,100.0,True,1,1,1,0,True,False,False
45474,100.0,100.0,True,1,1,0,0,True,False,False
45534,100.0,100.0,True,1,1,0,0,True,False,False
45594,100.0,100.0,True,1,1,0,0,True,False,False
45654,100.0,100.0,True,1,1,0,0,True,False,False
45714,100.0,100.0,True,0,1,0,0,True,False,False
45774,100.0,100.0,True,0,1,0,0,True,False,False
45834,100.0,100.0,True,0,1,0,0,True,False,False
45894,100.0,100.0,True,0,1,0,0,True,False,False
45954,100.0,100.0,True,0,1,0,0,True,False,False
46014,100.0,100.0,True,0,1,0,0,True,False,False
46074,100.0,100.0,True,0,1,0,0,True,False,False
46134,100.0,100.0,True,0,1,0,0,True,False,False
46194,100.0,100.0,True,0,1,0,0,True,False,False
46254,100.0,100.0,True,0,1,0,0,True,False,False
46314,100.0,100.0,True,0,1,0,0,True,False,False
46374,100.0,100.0,True,0,1,0,0,True,False,False
46434,100.0,100.0,True,0,1,0,0,True,False,False
46494,100.0,100.0,True,0,1,0,0,True,False,False
46554,100.0,100.0,True,0,1,0,0,True,False,False
46614,100.0,100.0,True,0,1,0,0,True,False,False
46674,100.0,100.0,True,0,1,0,0,True,False,False
46734,100.0,100.0,True,0,1,0,0,True,False,False
46794,100.0,100.0,True,0,1,0,0,True,False,False
46854,100.0,100.0,True,0,1,0,0,True,False,False
46914,100.0,100.0,True,0,1,0,0,True,False,False
46974,100.0,100.0,True,0,1,0,0,True,False,False
47034,100.0,100.0,True,0,1,0,0,True,False,False
47094,100.0,100.0,True,0,1,0,0,True,False,False
47154,100.0,100.0,True,0,1,0,0,True,False,False
47214,100.0,100.0,True,0,1,0,0,True,False,False
47274,100.0,100.0,True,0,1,0,0,True,False,False
47334,100.0,100.0,True,0,1,0,0,True,False,False
47394,100.0,100.0,True,0,1,0,0,True,False,False
47454,100.0,100.0,True,0,1,0,0,True,False,False
47514,100.0,100.0,True,0,1,0,0,True,False,False
47574,100.0,100.0,True,0,1,0,0,True,False,False
47634,100.0,100.0,True,0,1,0,0,True,False,False
47694,100.0,100.0,True,0,1,0,0,True,False,False
47754,100.0,100.0,True,0,1,0,0,True,False,False
47814,100.0,100.0,True,0,1,0,0,True,False,False
47874,100.0,100.0,True,0,1,0,0,True,False,False
47934,100.0,100.0,True,0,1,0,0,True,False,False
47994,100.0,100.0,True,0,1,0,0,True,False,False
48054,100.0,100.0,True,0,1,0,0,True,False,False
48114,100.0,100.0,True,0,1,0,0,True,False,False
48174,100.0,100.0,True,0,1,0,0,True,False,False
48234,100.0,100.0,True,0,1,0,0,True,False,False
48294,100.0,100.0,True,0,1,0,0,True,False,False
48354,100.0,100.0,True,0,1,0,0,True,False,False
48414,100.0,100.0,True,0,1,0,0,True,False,False
48474,100.0,100.0,True,0,1,0,0,True,False,False
48534,100.0,100.0,True,0,1,0,0,True,False,False
48594,100.0,100.0,True,0,1,0,0,True,False,False
48654,100.0,100.0,True,0,1,0,0,True,False,False
48714,100.0,100.0,True,0,1,0,0,True,False,False
48774,100.0,100.0,True,0,1,0,0,True,False,False
48834,100.0,100.0,True,0,1,0,0,True,False,False
48894,100.0,100.0,True,0,1,0,0,True,False,False
48954,100.0,100.0,True,0,1,0,0,True,False,False
49014,100.0,100.0,True,0,1,0,0,True,False,False
49074,100.0,100.0,True,0,1,0,0,True,False,False
49134,100.0,100.0,True,0,1,0,0,True,False,False
49194,100.0,100.0,True,0,1,0,0,True,False,False
49254,100.0,100.0,True,0,1,0,0,True,False,False
49314,100.0,100.0,True,0,1,0,0,True,False,False
49374,100.0,100.0,True,0,1,0,0,True,False,False
49434,100.0,100.0,True,0,1,0,0,True,False,False
49494,100.0,100.0,True,0,1,0,0,True,False,False
49554,100.0,100.0,True,0,1,0,0,True,False,False
49614,100.0,100.0,True,0,1,0,0,True,False,False
49674,100.0,100.0,True,0,1,0,0,True,False,False
49734,100.0,100.0,True,0,1,0,0,True,False,False
49794,100.0,100.0,True,0,1,0,0,True,False,False
49854,100.0,100.0,True,0,1,0,0,True,False,False
49914,100.0,100.0,True,0,1,0,0,True,False,False
49974,100.0,100.0,True,0,1,0,0,True,False,False
50034,100.0,100.0,True,0,1,0,0,True,False,False
50094,100.0,100.0,True,0,1,0,0,True,False,False
50154,100.0,100.0,True,0,1,0,0,True,False,False
50214,100.0,100.0,True,0,1,0,0,True,False,False
50274,100.0,100.0,True,0,1,0,0,True,False,False
50334,100.0,100.0,True,0,1,0,0,True,False,False
50394,28.0,90.0,True,0,1,0,0,True,False,False
54594,100.0,100.0,True,1,1,1,1,True,False,False
54654,100.0,100.0,True,1,1,1,1,True,False,False
54714,100.0,100.0,True,1,1,1,1,True,False,False
54774,100.0,100.0,True,1,1,1,1,True,False,False
54834,100.0,100.0,True,1,0,1,1,True,False,False
54894,100.0,100.0,True,1,0,1,1,True,False,False
54954,100.0,100.0,True,1,0,1,1,True,False,False
55014,100.0,100.0,True,1,0,1,1,True,False,False
55074,100.0,100.0,True,1,0,0,1,True,False,False
55134,100.0,100.0,True,1,0,0,1,True,False,False
55194,100.0,100.0,True,1,0,0,1,True,False,False
55254,100.0,100.0,True,1,0,0,1,True,False,False
55314,100.0,100.0,True,1,0,0,1,True,False,False
55374,100.0,100.0,True,1,0,0,1,True,False,False
55434,100.0,100.0,True,1,0,0,1,True,False,False
55494,100.0,100.0,True,1,0,0,1,True,False,False
55554,100.0,100.0,True,1,0,0,1,True,False,False
55614,100.0,100.0,True,1,0,0,1,True,False,False
55674,100.0,100.0,True,1,0,0,1,True,False,False
55734,100.0,100.0,True,1,0,0,1,True,False,False
55794,100.0,100.0,True,1,0,0,1,True,False,False
55854,100.0,100.0,True,1,0,0,1,True,False,False
55914,100.0,100.0,True,1,0,0,1,True,False,False
55974,100.0,100.0,True,1,0,0,1,True,False,False
56034,100.0,100.0,True,1,0,0,1,True,False,False
56094,100.0,100.0,True,1,0,0,1,True,False,False
56154,100.0,100.0,True,1,0,0,1,True,False,False
56214,100.0,100.0,True,1,0,0,1,True,False,False
56274,100.0,100.0,True,1,0,0,1,True,False,False
56334,100.0,100.0,True,1,0,0,1,True,False,False
56394,100.0,100.0,True,1,0,0,1,True,False,False
56454,100.0,100.0,True,1,0,0,1,True,False,False
56514,100.0,100.0,True,1,0,0,1,True,False,False
56574,100.0,100.0,True,1,0,0,1,True,False,False
56634,100.0,100.0,True,1,0,0,1,True,False,False
56694,100.0,100.0,True,1,0,0,1,True,False,False
56754,100.0,100.0,True,1,0,0,1,True,False,False
56814,100.0,100.0,True,1,0,0,1,True,False,False
56874,100.0,100.0,True,1,0,0,1,True,False,False
56934,100.0,100.0,True,1,0,0,1,True,False,False
56994,100.0,100.0,True,1,0,0,1,True,False,False
57054,100.0,100.0,True,1,0,0,1,True,False,False
57114,100.0,100.0,True,1,0,0,1,True,False,False
57174,100.0,100.0,True,1,0,0,1,True,False,False
57234,100.0,100.0,True,1,0,0,1,True,False,False
57294,100.0,100.0,True,1,0,0,1,True,False,False
57354,100.0,100.0,True,1,0,0,1,True,False,False
57414,100.0,100.0,True,1,0,0,1,True,False,False
57474,100.0,100.0,True,1,0,0,1,True,False,False
57534,100.0,100.0,True,1,0,0,1,True,False,False
57594,100.0,100.0,True,1,0,0,1,True,False,False
57654,100.0,100.0,True,1,0,0,1,True,False,False
57714,100.0,100.0,True,1,0,0,1,True,False,False
57774,100.0,100.0,True,1,0,0,1,True,False,False
57834,100.0,100.0,True,1,0,0,1,True,False,False
57894,74.0,97.0,True,1,0,0,1,True,False,False
57954,16.0,90.0,True,1,0,0,1,True,False,False
58014,16.0,90.0,True,1,0,0,1,True,False,False
58074,16.0,90.0,True,1,0,0,1,True,False,False
62874,100.0,100.0,True,1,0,0,1,False,False,False
62934,100.0,100.0,True,1,0,0,1,False,False,False
62994,100.0,100.0,True,1,0,0,1,False,False,False
63054,100.0,100.0,True,1,0,0,1,False,False,False
63114,100.0,100.0,True,1,0,0,1,False,False,False
63174,100.0,100.0,True,1,0,0,1,False,False,False
63234,100.0,100.0,True,1,0,0,1,False,False,False
63294,100.0,100.0,True,1,0,0,1,False,False,False
63354,100.0,100.0,True,1,0,0,1,False,False,False
63414,100.0,100.0,True,1,0,0,1,False,False,False
63474,100.0,100.0,True,1,0,0,1,False,False,False
63534,100.0,100.0,True,1,0,0,1,False,False,False
63594,100.0,100.0,True,1,0,0,1,False,False,False
63654,100.0,100.0,True,1,0,0,1,False,False,False
63714,100.0,100.0,True,1,0,0,1,False,False,False
63774,100.0,100.0,True,1,0,0,1,False,False,False
63834,100.0,100.0,True,1,0,0,1,False,False,False
63894,100.0,100.0,True,1,0,0,1,False,False,False
63954,100.0,100.0,True,1,0,0,1,False,False,False
64014,100.0,100.0,True,1,0,0,1,False,False,False
64074,100.0,100.0,True,1,0,0,1,False,False,False
64134,100.0,100.0,True,1,0,0,1,False,False,False
64194,100.0,100.0,True,1,0,0,1,False,False,False
64254,100.0,100.0,True,1,0,0,1,False,False,False
64314,100.0,100.0,True,1,0,0,1,False,False,False
64374,100.0,100.0,True,1,0,0,1,False,False,False
64434,100.0,100.0,True,1,0,0,1,False,False,False
64494,100.0,100.0,True,1,0,0,1,False,False,False
64554,100.0,100.0,True,1,0,0,1,False,False,False
64614,100.0,100.0,True,1,0,0,1,False,False,False
64674,100.0,100.0,True,1,0,0,1,False,False,False
64734,100.0,100.0,True,1,0,0,1,False,False,False
64794,100.0,100.0,True,1,0,0,1,False,False,False
64854,100.0,100.0,True,1,0,0,1,False,False,False
64914,100.0,100.0,True,1,0,0,0,False,False,False
64974,100.0,100.0,True,1,0,0,0,False,False,False
65034,100.0,100.0,True,1,0,0,0,False,False,False
65094,100.0,100.0,True,1,0,0,0,False,False,False
65154,100.0,100.0,True,1,0,0,0,False,False,False
65214,100.0,100.0,True,1,0,0,0,False,False,False
65274,100.0,100.0,True,1,0,0,0,False,False,False
65334,100.0,100.0,True,1,0,0,0,False,False,False
65394,100.0,100.0,True,1,0,0,0,False,False,False
65454,100.0,100.0,True,1,0,0,0,False,False,False
65514,100.0,100.0,True,1,0,0,0,False,False,False
66894,100.0,100.0,True,1,1,1,1,True,False,False
66954,100.0,100.0,True,1,1,1,1,True,False,False
67014,100.0,100.0,True,1,1,1,1,True,False,False
67074,100.0,100.0,True,1,1,1,1,True,False,False
67134,100.0,100.0,True,1,1,1,1,True,False,False
67194,100.0,100.0,True,1,1,1,1,True,False,False
67254,100.0,100.0,True,1,1,1,1,True,False,False
67314,100.0,100.0,True,1,1,1,1,True,False,False
67374,100.0,100.0,True,1,1,1,1,True,False,False
67434,100.0,100.0,True,1,1,1,1,True,False,False
67494,100.0,100.0,True,1,1,1,1,True,False,False
67554,100.0,100.0,True,1,1,1,1,True,False,False
67614,100.0,100.0,True,1,1,1,1,True,False,False
67674,100.0,100.0,True,1,1,1,1,True,False,False
67734,100.0,100.0,True,1,1,1,1,True,False,False
67794,100.0,100.0,True,1,1,1,1,True,False,False
67854,100.0,100.0,True,1,1,1,1,True,False,False
67914,100.0,100.0,True,1,1,1,1,True,False,False
67974,100.0,100.0,True,1,1,1,1,True,False,False
68034,100.0,100.0,True,1,1,1,1,True,False,False
68094,100.0,100.0,True,1,1,1,1,True,False,False
68154,100.0,100.0,True,1,1,1,1,True,False,False
68214,100.0,100.0,True,1,1,1,1,True,False,False
68274,100.0,100.0,True,1,1,1,1,True,False,False
68334,100.0,100.0,True,1,1,1,1,True,False,False
68394,100.0,100.0,True,1,1,1,1,True,False,False
68454,100.0,100.0,True,1,1,1,1,True,False,False
68514,100.0,100.0,True,1,1,1,1,True,False,False
68574,100.0,100.0,True,1,1,1,1,True,False,False
68634,100.0,100.0,True,1,1,1,1,True,False,False
68694,100.0,100.0,True,1,1,1,1,True,False,False
68754,100.0,100.0,True,1,1,1,1,True,False,False
68814,100.0,100.0,True,1,1,1,1,True,False,True
68874,100.0,100.0,True,1,1,1,1,True,False,True
68934,100.0,100.0,True,1,1,1,1,True,False,True
68994,100.0,100.0,True,1,1,1,1,True,False,True
69054,100.0,100.0,True,1,1,1,1,True,False,True
69114,100.0,100.0,True,1,1,1,1,True,False,True
69174,100.0,100.0,True,1,1,1,1,True,False,True
69234,100.0,100.0,True,1,1,1,1,True,False,True
69294,100.0,100.0,True,1,1,1,1,True,False,True
69354,100.0,100.0,True,1,1,1,1,True,False,True
69414,100.0,100.0,True,1,1,1,1,True,False,True
69474,100.0,100.0,True,1,1,1,1,True,False,True
69534,100.0,100.0,True,1,1,1,1,True,False,True
69594,100.0,100.0,True,1,1,1,0,True,False,True
69654,100.0,100.0,True,1,1,1,0,True,False,True
69714,100.0,100.0,True,1,1,1,0,True,False,True
69774,100.0,100.0,True,1,1,1,0,True,False,True
69834,100.0,100.0,True,1,1,1,0,True,False,True
69894,100.0,100.0,True,1,1,1,0,True,False,True
69954,100.0,100.0,True,1,1,1,0,True,False,True
70014,100.0,100.0,True,1,1,1,0,True,False,True
70074,100.0,100.0,True,1,1,1,0,True,False,True
70134,100.0,100.0,True,1,1,1,0,True,False,True
70194,100.0,100.0,True,1,1,1,0,True,False,True
70254,80.0,99.0,True,1,1,1,0,True,False,True
70314,80.0,99.0,True,1,1,1,0,True,False,True
70374,80.0,99.0,True,1,1,1,0,True,False,True
70434,80.0,99.0,True,1,1,1,0,True,False,True
70494,80.0,99.0,True,1,1,1,0,True,False,True
70554,80.0,99.0,True,1,1,1,0,True,False,True
70614,80.0,99.0,True,1,1,1,0,True,False,True
70674,80.0,99.0,True,1,1,1,0,True,False,True
70734,80.0,99.0,True,1,1,1,0,True,False,False
70794,80.0,99.0,True,1,1,1,0,True,False,False
70854,80.0,99.0,True,1,1,1,0,True,False,False
70914,80.0,99.0,True,1,1,1,0,True,False,False
70974,80.0,99.0,True,1,1,1,0,True,False,False
71034,80.0,99.0,True,1,1,1,0,True,False,False
71094,80.0,99.0,True,1,1,1,0,True,False,False
72474,100.0,99.0,True,1,1,1,1,True,False,False
72534,100.0,99.0,True,1,1,1,1,True,False,False
72594,100.0,99.0,True,1,1,1,1,True,False,False
72654,100.0,99.0,True,1,1,1,1,True,False,False
72714,100.0,99.0,True,1,1,1,1,True,False,False
72774,100.0,99.0,True,1,1,1,1,True,False,False
72834,100.0,99.0,True,1,1,1,1,True,False,False
72894,100.0,99.0,True,1,1,1,1,True,False,False
72954,100.0,99.0,True,1,1,1,1,True,False,False
73014,100.0,99.0,True,1,1,1,1,True,False,False
73074,100.0,99.0,True,1,1,1,1,True,False,False
73134,100.0,99.0,True,1,1,1,1,True,False,False
73194,100.0,99.0,True,1,1,1,1,True,False,False
73254,100.0,99.0,True,1,1,1,1,True,False,False
73314,100.0,99.0,True,1,1,1,1,True,False,False
73374,100.0,99.0,True,1,1,1,1,True,False,False
73434,100.0,99.0,True,1,1,1,1,True,False,False
73494,100.0,99.0,True,1,1,1,1,True,False,False
73554,100.0,99.0,True,1,1,1,1,True,False,False
73614,100.0,99.0,True,1,1,1,1,True,False,False
73674,100.0,99.0,True,1,1,1,1,True,False,False
73734,100.0,99.0,True,1,1,1,1,True,False,False
73794,100.0,99.0,True,1,1,1,1,True,False,False
73854,100.0,99.0,True,1,1,1,1,True,False,False
73914,100.0,99.0,True,1,1,1,1,True,False,False
73974,39.0,92.0,True,1,1,1,1,True,False,False
78354,100.0,100.0,False,0,0,0,0,False,False,False
78414,100.0,100.0,False,0,0,0,0,False,False,False
78474,100.0,100.0,False,0,0,0,0,False,False,False
78534,100.0,100.0,False,0,0,0,0,False,False,False
78594,100.0,100.0,False,0,0,0,0,False,False,False
78654,100.0,100.0,False,0,0,0,0,False,False,False
78714,100.0,100.0,False,0,0,0,0,False,False,False
78774,100.0,100.0,False,0,0,0,0,False,False,False
78834,100.0,100.0,False,0,0,0,0,False,False,False
78894,100.0,100.0,False,0,0,0,0,False,False,False
78954,100.0,100.0,False,0,0,0,0,False,False,False
79014,100.0,100.0,False,0,0,0,0,False,False,False
79074,100.0,100.0,False,0,0,0,0,False,False,False
79134,100.0,100.0,False,0,0,0,0,False,False,False
79194,100.0,100.0,False,0,0,0,0,False,False,False
79254,100.0,100.0,False,0,0,0,0,False,False,False
79314,100.0,100.0,False,0,0,0,0,False,False,False
79374,100.0,100.0,False,0,0,0,0,False,False,False
79434,100.0,100.0,False,0,0,0,0,False,False,False
79494,100.0,100.0,False,0,0,0,0,False,False,False
79554,100.0,100.0,False,0,0,0,0,False,False,False
79614,100.0,100.0,False,0,0,0,0,False,False,False
79674,100.0,100.0,False,0,0,0,0,False,False,False
79734,100.0,100.0,False,0,0,0,0,False,False,False
79794,100.0,100.0,False,0,0,0,0,False,False,False
79854,100.0,100.0,False,0,0,0,0,False,False,False
79914,100.0,100.0,False,0,0,0,0,False,False,False
79974,100.0,100.0,False,0,0,0,0,False,False,False
80034,100.0,100.0,False,0,0,0,0,False,False,False
80094,100.0,100.0,False,0,0,0,0,False,False,False
80154,100.0,100.0,False,0,0,0,0,False,False,False
80214,100.0,100.0,False,0,0,0,0,False,False,False
80274,100.0,100.0,False,0,0,0,0,False,False,False
80334,100.0,100.0,False,0,0,0,0,False,False,False
80394,100.0,100.0,False,0,0,0,0,False,False,False
80454,100.0,100.0,False,0,0,0,0,False,False,False
80514,100.0,100.0,False,0,0,0,0,False,False,False
80574,100.0,100.0,False,0,0,0,0,False,False,False
80634,100.0,100.0,False,0,0,0,0,False,False,False
80694,100.0,100.0,False,0,0,0,0,False,False,False
80754,100.0,100.0,False,0,0,0,0,False,False,True
80814,100.0,100.0,False,0,0,0,0,False,False,True
80874,100.0,100.0,False,0,0,0,0,False,False,True
80934,100.0,100.0,False,0,0,0,0,False,False,True
80994,100.0,100.0,False,0,0,0,0,False,False,True
81054,8.0,100.0,False,0,0,0,0,False,False,True
81114,8.0,100.0,False,0,0,0,0,False,False,True
81174,8.0,100.0,False,0,0,0,0,False,False,True
81234,8.0,100.0,False,0,0,0,0,False,False,True
81294,8.0,100.0,False,0,0,0,0,False,False,True
81354,8.0,100.0,False,0,0,0,0,False,False,True
81414,8.0,100.0,False,0,0,0,0,False,False,True
81474,8.0,100.0,False,0,0,0,0,False,False,True
81534,8.0,100.0,False,0,0,0,0,False,False,True
81594,8.0,100.0,False,0,0,0,0,False,False,True
81654,8.0,100.0,False,0,0,0,0,False,False,True
81714,8.0,100.0,False,0,0,0,0,False,False,True
81774,8.0,100.0,False,0,0,0,0,False,False,True
84294,100.0,100.0,False,0,1,0,0,False,True,False
84354,100.0,100.0,False,0,1,0,0,False,True,False
84414,100.0,100.0,False,0,1,0,0,False,False,False
84474,100.0,100.0,False,0,1,0,0,False,False,False
84534,100.0,100.0,False,0,1,0,0,False,False,False
84594,100.0,100.0,False,0,1,0,0,False,False,False
84654,100.0,100.0,False,0,1,0,0,False,False,False
84714,100.0,100.0,False,0,1,0,0,False,False,False
84774,100.0,100.0,False,0,1,0,0,False,False,False
84834,100.0,100.0,False,0,1,0,0,False,False,False
84894,100.0,100.0,False,0,1,0,0,False,False,False
84954,100.0,100.0,False,0,1,0,0,False,False,False
85014,100.0,100.0,False,0,1,0,0,False,False,False
85074,100.0,100.0,False,0,1,0,0,False,False,False
85134,100.0,100.0,False,0,1,0,0,False,False,False
85194,100.0,100.0,False,0,1,0,0,False,False,False
85254,100.0,100.0,False,0,1,0,0,False,False,False
85314,100.0,100.0,False,0,1,0,0,False,False,False
85374,100.0,100.0,False,0,1,0,0,False,False,False
85434,100.0,100.0,False,0,1,0,0,False,False,False
85494,100.0,100.0,False,0,1,0,0,False,False,False
85554,100.0,100.0,False,0,1,0,0,False,False,False
85614,100.0,100.0,False,0,1,0,0,False,False,False
85674,100.0,100.0,False,0,1,0,0,False,False,False
85734,100.0,100.0,False,0,1,0,0,False,False,False
85794,100.0,100.0,False,0,1,0,0,False,False,False
85854,100.0,100.0,False,0,1,0,0,False,False,False
85914,100.0,100.0,False,0,1,0,0,False,False,False
85974,100.0,100.0,False,0,1,0,0,False,False,False
86034,100.0,100.0,False,0,1,0,0,False,False,False
86094,100.0,100.0,False,0,1,0,0,False,False,False
86154,100.0,100.0,False,0,1,0,0,False,False,False
86214,100.0,100.0,False,0,1,0,0,False,False,False
86274,100.0,100.0,False,0,1,0,0,False,False,False
86334,100.0,100.0,False,0,1,0,0,False,False,False
86394,100.0,100.0,False,0,1,0,0,False,False,False
86454,100.0,100.0,False,0,1,0,0,False,False,False
91074,100.0,100.0,True,0,1,0,0,False,False,False
91134,100.0,100.0,True,0,1,0,0,False,False,False
91194,100.0,100.0,True,0,1,0,0,False,False,False
91254,100.0,100.0,True,0,1,0,0,False,False,False
91314,100.0,100.0,True,0,1,0,0,False,False,False
91374,100.0,100.0,True,0,1,0,0,False,False,False
91434,100.0,100.0,True,0,1,0,0,False,False,False
91494,100.0,100.0,True,0,1,0,0,False,False,False
91554,100.0,100.0,True,0,0,0,0,False,False,False
91614,100.0,100.0,True,0,0,0,0,False,False,False
91674,100.0,100.0,True,0,0,0,0,False,False,False
91734,100.0,100.0,True,0,0,0,0,False,False,False
91794,100.0,100.0,True,0,0,0,0,False,False,False
91854,100.0,100.0,True,0,0,0,0,False,False,False
91914,100.0,100.0,True,0,0,0,0,False,False,False
91974,100.0,100.0,True,0,0,0,0,False,False,False
92034,100.0,100.0,True,0,0,0,0,False,False,False
92094,100.0,100.0,True,0,0,0,0,False,False,False
92154,97.0,100.0,True,0,0,0,0,False,False,False
92214,97.0,100.0,True,0,0,0,0,False,False,False
92274,97.0,100.0,True,0,0,0,0,False,False,False
92334,97.0,100.0,True,0,0,0,0,False,False,False
92394,97.0,100.0,True,0,0,0,0,False,False,False
92454,97.0,100.0,True,0,0,0,0,False,False,False
92514,97.0,100.0,True,0,0,0,0,False,False,False
92574,97.0,100.0,True,0,0,0,0,False,False,False
92634,97.0,100.0,True,0,0,0,0,False,False,False
92694,97.0,100.0,True,0,0,0,0,False,False,False
92754,97.0,100.0,True,0,0,0,0,False,False,False
92814,97.0,100.0,True,0,0,0,0,False,False,False
92874,97.0,100.0,True,0,0,0,0,False,False,False
92934,97.0,100.0,True,0,0,0,0,False,False,False
92994,97.0,100.0,True,0,0,0,0,False,False,False
93054,97.0,100.0,True,0,0,0,0,False,False,False
93114,97.0,100.0,True,0,0,0,0,False,False,False
93174,97.0,100.0,True,0,0,0,0,False,False,False
93234,97.0,100.0,True,0,0,0,0,False,False,False
93294,97.0,100.0,True,0,0,0,0,False,False,False
93354,97.0,100.0,True,0,0,0,0,False,False,False
93414,97.0,100.0,True,0,0,0,0,False,False,False
93474,97.0,100.0,True,0,0,0,0,False,False,False
93534,97.0,100.0,True,0,0,0,0,False,False,False
93594,97.0,100.0,True,0,0,0,0,False,False,False
93654,97.0,100.0,True,1,0,0,0,False,False,False
93714,97.0,100.0,True,1,0,0,0,False,False,False
93774,97.0,100.0,True,1,0,0,0,False,False,False
93834,97.0,100.0,True,1,0,0,0,False,False,False
93894,97.0,100.0,True,1,0,0,0,False,False,False
93954,97.0,100.0,True,1,0,0,0,False,False,False
94014,97.0,100.0,True,1,0,0,0,False,False,False
94074,97.0,100.0,True,1,0,0,0,False,False,False
94134,97.0,100.0,True,1,0,0,0,False,False,False
94194,97.0,100.0,True,0,0,0,0,False,False,False
94254,97.0,100.0,True,0,0,0,0,False,False,False
94314,97.0,100.0,True,0,0,0,0,False,False,False
94374,97.0,100.0,True,0,0,0,0,False,False,False
94434,97.0,100.0,True,0,0,0,0,False,False,False
94494,97.0,100.0,True,0,0,0,0,False,False,False
94554,97.0,100.0,True,0,0,0,0,False,False,False
94614,97.0,100.0,True,0,0,0,0,False,False,False
94674,97.0,100.0,True,0,0,0,0,False,False,False
94734,97.0,100.0,True,0,0,0,0,False,False,False
94794,97.0,100.0,True,0,0,0,0,False,False,False
94854,68.0,94.0,True,0,0,0,0,False,False,False
94914,68.0,94.0,True,0,0,0,0,False,False,False
94974,68.0,94.0,True,0,0,0,0,False,True,False
95034,68.0,94.0,True,0,0,0,0,False,True,False
95094,68.0,94.0,True,0,0,0,0,False,True,False
95154,68.0,94.0,True,0,0,0,0,False,True,False
95214,68.0,94.0,True,0,0,0,0,False,True,False
95274,68.0,94.0,True,0,0,0,0,False,False,True
95334,68.0,94.0,True,0,0,0,0,False,False,True
95394,68.0,94.0,True,0,0,0,0,False,False,True
95454,68.0,94.0,True,0,0,0,0,False,False,True
95514,68.0,94.0,True,0,0,0,0,False,False,True
95574,68.0,94.0,True,0,0,0,0,False,False,True
95634,68.0,94.0,True,0,0,0,0,False,False,True
95694,68.0,94.0,True,0,0,0,0,False,False,True
95754,68.0,94.0,True,0,0,0,0,False,False,True
95814,68.0,94.0,True,0,0,0,0,False,False,True
95874,68.0,94.0,True,0,0,0,0,False,False,True
95934,68.0,94.0,True,0,0,0,0,False,False,True
95994,68.0,94.0,True,0,0,0,0,False,False,True
96054,68.0,94.0,True,0,0,0,0,False,False,True
96114,68.0,94.0,True,0,0,0,0,False,False,True
96174,68.0,94.0,True,0,0,0,0,False,False,True
96234,68.0,94.0,True,0,0,0,0,False,False,True
96294,68.0,94.0,True,0,0,0,0,False,False,True
96354,68.0,94.0,True,0,0,0,0,False,False,True
96414,45.0,89.0,True,0,0,0,0,False,False,True
99174,100.0,100.0,True,1,0,1,1,False,False,False
99234,100.0,100.0,True,1,0,1,1,False,False,False
99294,100.0,100.0,True,1,0,1,1,False,False,False
99354,100.0,100.0,True,1,0,1,1,False,False,False
99414,100.0,100.0,True,1,0,1,1,False,False,False
99474,100.0,100.0,True,1,0,1,1,False,False,False
99534,100.0,100.0,True,1,0,1,1,False,False,False
99594,100.0,100.0,True,1,0,1,1,False,False,False
99654,100.0,100.0,True,1,0,1,1,False,False,False
99714,100.0,100.0,True,1,0,1,1,False,False,False
99774,100.0,100.0,True,1,0,1,1,False,False,False
99834,100.0,100.0,True,1,0,1,1,False,False,False
99894,81.0,88.0,True,1,0,1,1,False,False,False
99954,81.0,88.0,True,1,0,1,1,False,False,False
100014,52.0,69.0,True,1,0,1,1,False,False,False
100074,52.0,69.0,True,1,0,1,1,False,False,False
100134,52.0,69.0,True,1,0,1,1,False,False,False
100194,46.0,68.0,True,1,0,1,1,False,False,False
100254,46.0,68.0,True,1,0,1,1,False,False,False
100314,46.0,68.0,True,1,0,1,1,False,False,False
100374,46.0,68.0,True,1,0,1,1,False,False,False
100434,46.0,68.0,True,1,0,1,1,False,False,False
100494,46.0,68.0,True,1,0,1,1,False,False,False
100554,46.0,68.0,True,1,0,1,1,False,False,False
100614,46.0,68.0,True,1,0,1,1,False,False,False
100674,46.0,68.0,True,1,0,1,1,False,False,False
100734,46.0,68.0,True,1,0,1,1,False,False,False
100794,46.0,68.0,True,1,0,1,1,False,False,False
100854,46.0,68.0,True,1,0,1,1,False,False,False
100914,46.0,68.0,True,1,0,1,1,False,False,False
100974,46.0,68.0,True,1,0,1,1,False,False,False
101034,46.0,68.0,True,1,0,1,1,False,False,False
101094,46.0,68.0,True,1,0,1,1,False,False,False
101154,46.0,68.0,True,1,0,1,1,False,False,False
101214,46.0,68.0,True,1,0,1,1,False,False,False
101274,46.0,68.0,True,1,0,1,1,False,False,False
104034,100.0,100.0,True,1,0,0,0,False,False,False
104094,100.0,100.0,True,1,0,0,0,False,False,False
104154,100.0,100.0,True,1,0,0,0,False,False,False
104214,100.0,100.0,True,1,0,0,0,False,False,False
104274,100.0,100.0,True,1,0,0,0,False,False,False
104334,100.0,100.0,True,1,0,0,0,False,False,False
104394,100.0,100.0,True,1,0,0,0,False,False,False
104454,100.0,100.0,True,1,0,0,0,False,False,False
104514,100.0,100.0,True,1,0,0,0,False,False,False
104574,100.0,100.0,True,1,0,0,0,False,False,False
104634,100.0,100.0,True,1,0,0,0,False,False,False
104694,100.0,100.0,True,1,0,0,0,False,False,False
104754,100.0,100.0,True,1,0,0,0,False,False,False
104814,100.0,100.0,True,1,0,0,0,False,False,False
104874,100.0,100.0,True,1,0,0,0,False,False,False
104934,100.0,100.0,True,1,0,0,0,False,False,False
104994,100.0,100.0,True,1,0,0,0,False,False,False
105054,100.0,100.0,True,1,0,0,0,False,False,False
105114,100.0,100.0,True,1,0,0,0,False,False,False
105174,100.0,100.0,True,1,0,0,0,False,False,False
105234,100.0,100.0,True,1,0,0,0,False,False,False
105294,100.0,100.0,True,1,0,0,0,False,False,False
105354,100.0,100.0,True,1,0,0,0,False,False,False
105414,100.0,100.0,True,1,0,0,0,False,False,False
105474,100.0,100.0,True,1,0,0,0,False,False,False
105534,100.0,100.0,True,1,0,0,0,False,False,False
105594,100.0,100.0,True,1,0,0,0,False,False,False
105654,100.0,100.0,True,1,0,0,0,False,False,False
105714,100.0,100.0,True,1,0,0,0,False,False,False
105774,100.0,100.0,True,1,0,0,0,False,False,False
105834,100.0,100.0,True,1,0,0,0,False,False,False
105894,100.0,100.0,True,1,0,0,0,False,False,False
105954,100.0,100.0,True,1,0,0,0,False,False,False
106014,100.0,100.0,True,1,0,0,0,False,False,False
106074,100.0,100.0,True,1,0,0,0,False,False,False
106134,100.0,100.0,True,1,0,0,0,False,False,False
106194,100.0,100.0,True,1,0,0,0,False,False,False
106254,100.0,100.0,True,1,0,0,0,False,False,False
106314,100.0,100.0,True,1,0,0,0,False,False,False
106374,100.0,100.0,True,1,0,0,0,False,False,False
106434,100.0,100.0,True,1,0,0,0,False,False,False
106494,100.0,100.0,True,1,0,0,0,False,False,False
106554,100.0,100.0,True,1,0,0,0,False,False,False
106614,100.0,100.0,True,1,0,0,0,False,False,False
106674,100.0,100.0,True,1,0,0,0,False,False,False
106734,100.0,100.0,True,1,0,0,0,False,False,False
106794,100.0,100.0,True,1,0,0,0,False,False,False
106854,100.0,100.0,True,1,0,0,0,False,False,False
106914,100.0,100.0,True,1,0,0,0,False,False,False
106974,100.0,100.0,True,1,0,0,0,False,False,False
107034,100.0,100.0,True,1,0,0,0,False,False,False
107094,100.0,100.0,True,1,0,0,0,False,False,False
107154,100.0,100.0,True,1,0,0,0,False,False,False
107214,100.0,100.0,True,1,0,0,0,False,False,False
107274,100.0,100.0,True,1,0,0,0,False,False,False
107334,100.0,100.0,True,1,0,0,0,False,True,False
107394,100.0,100.0,True,1,0,0,0,False,True,False
107454,100.0,100.0,True,1,0,0,0,False,True,False
107514,100.0,100.0,True,1,0,0,0,False,True,False
107574,100.0,100.0,True,1,0,0,0,False,True,False
107634,100.0,100.0,True,1,0,0,0,False,True,False
107694,100.0,100.0,True,1,0,0,0,False,True,False
107754,100.0,100.0,True,1,0,0,0,False,True,False
107814,100.0,100.0,True,1,0,0,0,False,True,False
107874,100.0,100.0,True,1,0,0,0,False,True,False
107934,100.0,100.0,True,1,0,0,0,False,True,False
107994,100.0,100.0,True,1,0,0,0,False,True,False
108054,100.0,100.0,True,1,0,0,0,False,False,False
108114,100.0,100.0,True,1,0,0,0,False,False,False
108174,100.0,100.0,True,1,0,0,0,False,False,False
108234,100.0,100.0,True,1,0,0,0,False,False,False
108294,100.0,100.0,True,1,0,0,0,False,False,False
108354,100.0,100.0,True,1,0,0,0,False,False,False
108414,100.0,100.0,True,1,0,0,0,False,False,False
108474,100.0,100.0,True,1,0,0,0,False,False,False
108534,100.0,100.0,True,1,0,0,0,False,False,False
108594,100.0,100.0,True,1,0,0,0,False,False,False
108654,100.0,100.0,True,1,0,0,0,False,False,False
108714,100.0,100.0,True,1,0,0,0,False,False,False
108774,100.0,100.0,True,1,0,0,0,False,False,False
108834,100.0,100.0,True,1,0,0,0,False,False,False
108894,100.0,100.0,True,0,0,0,0,False,False,False
108954,100.0,100.0,True,0,0,0,0,False,False,False
109014,100.0,100.0,True,0,0,0,0,False,False,False
109074,100.0,100.0,True,0,0,0,0,False,False,False
109134,100.0,100.0,True,0,0,0,0,False,False,False
109194,100.0,100.0,True,0,0,0,0,False,False,False
109254,100.0,100.0,True,0,0,0,0,False,False,False
109314,100.0,100.0,True,0,0,0,0,False,False,False
111174,100.0,100.0,True,1,1,1,1,False,False,False
111234,100.0,100.0,True,1,1,1,1,False,False,False
111294,100.0,100.0,True,1,1,1,1,False,False,False
111354,100.0,100.0,True,1,1,1,1,False,False,False
111414,100.0,100.0,True,1,1,1,1,False,False,False
111474,100.0,100.0,True,1,1,1,1,False,False,False
111534,100.0,100.0,True,1,1,1,1,False,False,False
111594,100.0,100.0,True,1,1,1,1,False,False,False
111654,100.0,100.0,True,1,1,1,1,False,False,False
111714,100.0,100.0,True,1,1,1,1,False,False,False
111774,100.0,100.0,True,1,1,1,1,False,False,False
111834,100.0,100.0,True,1,1,1,1,False,False,False
111894,100.0,100.0,True,1,1,1,1,False,False,False
111954,100.0,100.0,True,1,1,1,1,False,False,False
112014,100.0,100.0,True,1,1,1,1,False,False,False
112074,100.0,100.0,True,1,1,1,1,False,False,False
112134,100.0,100.0,True,1,1,1,1,False,False,False
112194,100.0,100.0,True,1,1,1,1,False,False,False
112254,100.0,100.0,True,0,1,1,1,False,False,False
112314,100.0,100.0,True,0,1,1,1,False,False,False
112374,100.0,100.0,True,0,1,1,1,False,False,False
112434,100.0,100.0,True,0,1,1,1,False,False,False
112494,100.0,100.0,True,0,1,0,1,False,False,False
112554,100.0,100.0,True,0,1,0,0,False,False,False
112614,100.0,100.0,True,0,1,0,0,False,False,False
112674,100.0,100.0,True,0,1,0,0,False,False,False
112734,100.0,100.0,True,0,1,0,0,False,False,False
112794,100.0,100.0,True,0,1,0,0,False,False,False
112854,99.0,100.0,True,0,1,0,0,False,False,False
112914,99.0,100.0,True,0,1,0,0,False,False,False
112974,99.0,100.0,True,0,1,0,0,False,False,False
113034,99.0,100.0,True,0,1,0,0,False,False,False
113094,99.0,100.0,True,0,1,0,0,False,False,False
113154,99.0,100.0,True,0,1,0,0,False,False,False
113214,99.0,100.0,True,0,1,0,0,False,False,False
113274,99.0,100.0,True,0,1,0,0,False,False,False
113334,99.0,100.0,True,0,1,0,0,False,False,False
113394,99.0,100.0,True,0,1,0,0,False,False,False
113454,99.0,100.0,True,0,1,0,0,False,False,False
113514,99.0,100.0,True,0,1,0,0,False,False,True
114894,100.0,100.0,True,1,1,0,1,False,False,False
114954,100.0,100.0,True,1,1,0,1,False,False,False
115014,100.0,100.0,True,1,1,0,1,False,False,False
115074,100.0,100.0,True,1,0,0,1,False,False,False
115134,100.0,100.0,True,1,0,0,1,False,False,False
115194,100.0,100.0,True,1,0,0,1,False,False,False
115254,100.0,100.0,True,1,0,0,1,False,False,False
115314,100.0,100.0,True,0,0,0,1,False,False,False
118674,100.0,100.0,True,1,1,0,1,False,False,False
118734,100.0,100.0,True,1,1,0,1,False,False,False
118794,100.0,100.0,True,1,1,0,1,False,False,False
118854,100.0,100.0,True,1,1,0,1,False,False,False
118914,100.0,100.0,True,0,1,0,1,False,False,False
118974,100.0,100.0,True,0,1,0,1,False,False,False
119034,100.0,100.0,True,0,1,0,1,False,False,False
119094,100.0,100.0,True,0,1,0,1,False,False,False
119154,100.0,100.0,True,0,1,0,1,False,False,False
119214,100.0,100.0,True,0,1,0,1,False,False,False
119274,100.0,100.0,True,0,1,0,1,False,True,False
119334,100.0,100.0,True,0,1,0,1,False,True,False
119394,100.0,100.0,True,0,1,0,1,False,True,False
119454,100.0,100.0,True,0,1,0,1,False,True,False
119514,100.0,100.0,True,0,1,0,1,False,True,False
119574,100.0,100.0,True,0,0,0,1,False,True,False
119634,100.0,100.0,True,0,0,0,1,False,True,False
119694,100.0,100.0,True,0,0,0,1,False,True,False
119754,100.0,100.0,True,0,0,0,1,False,True,False
119814,100.0,100.0,True,0,0,0,1,False,True,False
119874,100.0,100.0,True,0,0,0,1,False,True,False
119934,100.0,100.0,True,0,0,0,1,False,True,False
119994,100.0,100.0,True,0,0,0,1,False,True,False
120054,100.0,100.0,True,0,0,0,1,False,True,False
120114,100.0,100.0,True,0,0,0,1,False,True,False
120174,100.0,100.0,True,0,0,0,1,False,True,False
120234,100.0,100.0,True,0,0,0,1,False,True,False
120294,100.0,100.0,True,0,0,0,1,False,True,False
120354,100.0,100.0,True,0,0,0,1,False,True,False
120414,100.0,100.0,True,0,0,0,1,False,True,False
120474,100.0,100.0,True,0,0,0,1,False,True,False
120534,100.0,100.0,True,0,0,0,1,False,True,False
120594,100.0,100.0,True,0,0,0,1,False,False,False
120654,100.0,100.0,True,0,0,0,1,False,False,False
120714,100.0,100.0,True,0,0,0,1,False,False,False
120774,100.0,100.0,True,0,0,0,1,False,False,False
125274,100.0,100.0,True,1,1,0,0,False,False,False
125334,100.0,100.0,True,1,1,0,0,False,False,False
125394,100.0,100.0,True,1,1,0,1,False,False,False
125454,100.0,100.0,True,1,1,0,1,False,False,False
125514,100.0,100.0,True,1,1,0,1,False,False,False
125574,100.0,100.0,True,1,1,0,1,False,False,False
125634,100.0,100.0,True,1,1,0,1,False,False,False
125694,100.0,100.0,True,1,1,0,1,False,False,False
125754,100.0,100.0,True,1,1,0,1,False,False,False
125814,100.0,100.0,True,1,1,0,1,False,False,False
125874,100.0,100.0,True,1,1,0,1,False,False,False
125934,100.0,100.0,True,1,1,0,1,False,False,False
125994,100.0,100.0,True,1,1,0,1,False,False,False
126054,100.0,100.0,True,1,0,0,1,False,False,False
126114,100.0,100.0,True,1,0,0,1,False,False,False
126174,100.0,100.0,True,1,0,0,1,False,False,False
126234,100.0,100.0,True,1,0,0,1,False,False,False
126294,100.0,100.0,True,1,0,0,1,False,False,False
126354,100.0,100.0,True,1,0,0,1,False,False,False
126414,100.0,100.0,True,1,0,0,1,False,False,False
126474,100.0,100.0,True,1,0,0,1,False,False,False
126534,100.0,100.0,True,1,0,0,1,False,False,False
126594,100.0,100.0,True,1,0,0,1,False,False,False
126654,100.0,100.0,True,1,0,0,1,False,False,False
126714,100.0,100.0,True,1,0,0,1,False,False,False
126774,100.0,100.0,True,1,0,0,1,False,False,False
126834,100.0,100.0,True,1,0,0,1,False,False,False
126894,100.0,100.0,True,1,0,0,0,False,False,False
126954,100.0,100.0,True,1,0,0,0,False,False,False
127014,100.0,100.0,True,1,0,0,0,False,False,False
127074,100.0,100.0,True,1,0,0,0,False,False,False
127134,100.0,100.0,True,1,0,0,0,False,False,False
127194,100.0,100.0,True,1,0,0,0,False,False,False
127254,100.0,100.0,True,1,0,0,0,False,False,False
127314,100.0,100.0,True,1,0,0,0,False,False,False
127374,100.0,100.0,True,1,0,0,0,False,False,False
127434,100.0,100.0,True,1,0,0,0,False,False,False
127494,100.0,100.0,True,1,0,0,0,False,False,False
127554,100.0,100.0,True,1,0,0,0,False,False,False
127614,100.0,100.0,True,1,0,0,0,False,False,False
127674,100.0,100.0,True,1,0,0,0,False,False,False
127734,100.0,100.0,True,1,0,0,0,False,False,False
127794,100.0,100.0,True,1,0,0,0,False,False,False
127854,100.0,100.0,True,1,0,0,0,False,False,False
127914,100.0,100.0,True,1,0,0,0,False,False,False
127974,100.0,100.0,True,1,0,0,0,False,False,False
128034,100.0,100.0,True,1,0,0,0,False,False,False
128094,100.0,100.0,True,1,0,0,0,False,False,False
128154,100.0,100.0,True,1,0,0,0,False,False,False
128214,100.0,100.0,True,1,0,0,0,False,False,False
128274,100.0,100.0,True,1,0,0,0,False,False,False
128334,100.0,100.0,True,1,0,0,0,False,False,False
128394,100.0,100.0,True,1,0,0,0,False,False,False
128454,100.0,100.0,True,1,0,0,0,False,False,False
128514,100.0,100.0,True,1,0,0,0,False,False,False
128574,100.0,100.0,True,1,0,0,0,False,False,False
128634,100.0,100.0,True,1,0,0,0,False,False,False
128694,100.0,100.0,True,1,0,0,0,False,False,False
128754,100.0,100.0,True,1,0,0,0,False,False,False
128814,100.0,100.0,True,1,0,0,0,False,False,False
128874,100.0,100.0,True,1,0,0,0,False,False,False
128934,100.0,100.0,True,1,0,0,0,False,False,False
128994,100.0,100.0,True,1,0,0,0,False,False,False
129054,100.0,100.0,True,1,0,0,0,False,False,False
129114,100.0,100.0,True,1,0,0,0,False,False,False
129174,100.0,100.0,True,1,0,0,0,False,False,False
129234,100.0,100.0,True,1,0,0,0,False,False,False
129294,100.0,100.0,True,1,0,0,0,False,True,False
129354,100.0,100.0,True,1,0,0,0,False,True,False
129414,100.0,100.0,True,1,0,0,0,False,True,False
129474,100.0,100.0,True,1,0,0,0,False,True,False
129534,100.0,100.0,True,1,0,0,0,False,True,False
129594,100.0,100.0,True,1,0,0,0,False,True,False
129654,100.0,100.0,True,1,0,0,0,False,True,False
129714,100.0,100.0,True,1,0,0,0,False,True,False
129774,100.0,100.0,True,1,0,0,0,False,True,False
129834,100.0,100.0,True,1,0,0,0,False,True,False
129894,100.0,100.0,True,0,0,0,0,False,True,False
129954,100.0,100.0,True,0,0,0,0,False,True,False
130014,100.0,100.0,True,0,0,0,0,False,True,False
133914,100.0,0.0,False,0,0,0,0,False,False,False
133974,100.0,0.0,False,0,0,0,0,False,False,False
134034,100.0,100.0,True,0,0,0,0,False,False,False
134094,100.0,100.0,True,1,0,1,0,False,False,False
134154,100.0,100.0,True,1,0,1,0,False,False,False
134214,100.0,100.0,True,0,0,1,0,False,False,False
134274,100.0,100.0,True,0,0,1,0,False,False,False
134334,100.0,100.0,True,0,0,1,0,False,False,False
134394,100.0,100.0,True,0,0,1,0,False,False,False
134454,100.0,100.0,True,0,0,1,0,False,False,False
134514,100.0,100.0,True,0,0,1,0,False,False,False
134574,100.0,100.0,True,0,0,1,0,False,False,False
134634,100.0,100.0,True,0,0,1,0,False,False,False
134694,100.0,100.0,True,0,0,1,0,False,False,False
134754,100.0,100.0,True,0,0,1,0,False,False,False
134814,100.0,100.0,True,0,0,1,0,False,False,False
134874,100.0,100.0,True,0,0,1,0,False,False,False
134934,100.0,100.0,True,0,0,1,0,False,False,False
134994,100.0,100.0,True,0,0,1,0,False,False,False
135054,100.0,100.0,True,1,0,1,0,False,False,False
135114,100.0,100.0,True,1,0,1,0,False,False,False
135174,100.0,100.0,True,1,0,1,0,False,False,False
135234,100.0,100.0,True,1,0,1,0,False,False,False
135294,100.0,100.0,True,1,0,1,0,False,False,False
135354,100.0,100.0,True,1,0,1,0,False,False,False
135414,100.0,100.0,True,1,0,1,0,False,False,False
135474,100.0,100.0,True,1,0,1,0,False,False,False
135534,100.0,100.0,True,1,0,1,0,False,False,False
135594,100.0,100.0,True,1,0,1,0,False,False,False
135654,100.0,100.0,True,1,0,1,0,False,False,False
135714,100.0,100.0,True,1,0,1,0,False,False,False
135774,100.0,100.0,True,1,0,1,0,False,False,False
135834,100.0,100.0,True,1,0,1,0,False,False,False
135894,100.0,100.0,True,1,0,1,0,False,False,False
135954,100.0,100.0,True,1,0,1,0,False,False,False
136014,100.0,100.0,True,1,0,1,0,False,False,False
136074,100.0,100.0,True,1,0,1,0,False,False,False
136134,100.0,100.0,True,1,0,1,0,False,False,False
136194,100.0,100.0,True,1,0,1,0,False,False,False
136254,100.0,100.0,True,1,0,1,0,False,False,False
138474,100.0,100.0,True,1,1,0,0,False,False,False
138534,100.0,100.0,True,1,1,0,0,False,False,False
138594,100.0,100.0,True,1,1,0,0,False,False,False
138654,100.0,100.0,True,1,1,0,0,False,False,False
138714,100.0,100.0,True,1,1,0,0,False,False,False
138774,100.0,100.0,True,1,1,0,0,False,False,False
138834,100.0,100.0,True,0,1,0,0,False,False,False
138894,100.0,100.0,True,0,1,0,0,False,False,False
138954,100.0,100.0,True,0,0,0,0,False,False,False
139014,100.0,100.0,True,0,0,0,0,False,False,False
139074,100.0,100.0,True,0,0,0,0,False,False,False
139134,100.0,100.0,True,0,0,0,0,False,False,False
139194,100.0,100.0,True,0,0,0,0,False,False,False
139254,100.0,100.0,True,0,0,0,0,False,False,False
139314,100.0,100.0,True,0,0,0,0,False,True,False
139374,100.0,100.0,True,0,0,0,0,False,True,False
139434,100.0,100.0,True,0,0,0,0,False,True,False
139494,100.0,100.0,True,0,0,0,0,False,True,False
139554,100.0,100.0,True,0,0,0,0,False,True,False
139614,100.0,100.0,True,0,0,0,0,False,True,False
139674,100.0,100.0,True,0,0,0,0,False,True,False
139734,100.0,100.0,True,0,0,0,0,False,True,False
139794,100.0,100.0,True,0,0,0,0,False,True,False
139854,100.0,100.0,True,0,0,0,0,False,True,False
139914,100.0,100.0,True,0,0,0,0,False,True,False
139974,100.0,100.0,True,0,0,0,0,False,True,False
140034,100.0,100.0,True,0,0,0,0,False,True,False
140094,100.0,100.0,True,0,0,0,0,False,True,False
140154,100.0,100.0,True,0,0,0,0,False,True,False
140214,100.0,100.0,True,0,0,0,0,False,True,False
140274,100.0,100.0,True,0,0,0,0,False,False,False
140334,100.0,100.0,True,0,0,0,0,False,False,False
140394,100.0,100.0,True,0,0,0,0,False,False,False
140454,100.0,100.0,True,0,0,0,0,False,False,False
140514,100.0,100.0,True,0,0,0,0,False,False,False
140574,100.0,100.0,True,0,0,0,0,False,False,False
140634,100.0,100.0,True,0,0,0,0,False,False,False
140694,100.0,100.0,True,0,0,0,0,False,False,False
140754,100.0,100.0,True,0,0,0,0,False,False,False
140814,100.0,100.0,True,0,0,0,0,False,False,False
140874,100.0,100.0,True,0,0,0,0,False,False,False
140934,100.0,100.0,True,0,0,0,0,False,False,False
140994,100.0,100.0,True,0,0,0,0,False,False,False
141054,100.0,100.0,True,0,0,0,0,False,False,False
141114,100.0,100.0,True,0,0,0,0,False,False,False
141174,100.0,100.0,True,0,0,0,0,False,False,False
141234,100.0,100.0,True,0,0,0,0,False,False,False
141294,100.0,100.0,True,0,0,0,0,False,False,False
141354,100.0,100.0,True,0,0,0,0,False,False,False
141414,100.0,100.0,True,0,0,0,0,False,False,False
141474,100.0,100.0,True,0,0,0,0,False,False,False
141534,100.0,100.0,True,0,0,0,0,False,False,False
141594,100.0,100.0,True,0,0,0,0,False,False,False
141654,100.0,100.0,True,0,0,0,0,False,False,False
141714,100.0,100.0,True,0,0,0,0,False,False,False
141774,100.0,100.0,True,0,0,0,0,False,False,False
141834,100.0,100.0,True,0,0,0,0,False,False,False
141894,100.0,100.0,True,0,0,0,0,False,False,False
141954,100.0,100.0,True,0,0,0,0,False,False,False
142014,100.0,100.0,True,0,0,0,0,False,False,False
142074,100.0,100.0,True,0,0,0,0,False,False,False
142134,100.0,100.0,True,0,0,0,0,False,False,False
142194,100.0,100.0,True,0,0,0,0,False,False,False
142254,100.0,100.0,True,0,0,0,0,False,False,False
142314,100.0,100.0,True,0,0,0,0,False,False,False
142374,100.0,100.0,True,0,0,0,0,False,False,False
142434,100.0,100.0,True,0,0,0,0,False,False,False
142494,100.0,100.0,True,0,0,0,0,False,False,False
142554,100.0,100.0,True,0,0,0,0,False,False,False
142614,100.0,100.0,True,0,0,0,0,False,False,False
142674,100.0,100.0,True,0,0,0,0,False,False,False
142734,100.0,100.0,True,0,0,0,0,False,False,False
142794,100.0,100.0,True,0,0,0,0,False,False,False
142854,100.0,100.0,True,0,0,0,0,False,False,False
142914,100.0,100.0,True,0,0,0,0,False,False,False
142974,100.0,100.0,True,0,0,0,0,False,False,False
143034,100.0,100.0,True,0,0,0,0,False,False,False
143094,100.0,100.0,True,0,0,0,0,False,False,False
143154,100.0,100.0,True,0,0,0,0,False,False,False
143214,100.0,100.0,True,0,0,0,0,False,False,False
143274,100.0,100.0,True,0,0,0,0,False,False,False
143334,100.0,100.0,True,0,0,0,0,False,False,False
143394,100.0,100.0,True,0,0,0,0,False,False,True
143454,99.0,100.0,True,0,0,0,0,False,False,True
143514,99.0,100.0,True,0,0,0,0,False,False,True
143574,99.0,100.0,True,0,0,0,0,False,False,True
143634,99.0,100.0,True,0,0,0,0,False,False,True
143694,99.0,100.0,True,0,0,0,0,False,False,True
143754,99.0,100.0,True,0,0,0,0,False,False,True
143814,99.0,100.0,True,0,0,0,0,False,False,True
143874,99.0,100.0,True,0,0,0,0,False,False,True
143934,99.0,100.0,True,0,0,0,0,False,False,True
143994,99.0,100.0,True,0,0,0,0,False,False,True
144054,99.0,100.0,True,0,0,0,0,False,False,True
144114,99.0,100.0,True,0,0,0,0,False,False,True
144174,99.0,100.0,True,0,0,0,0,False,False,True
144234,99.0,100.0,True,0,0,0,0,False,False,True
144294,99.0,100.0,True,0,0,0,0,False,False,True
144354,99.0,100.0,True,0,0,0,0,False,False,True
145674,100.0,100.0,True,1,1,1,1,False,False,False
145734,100.0,100.0,True,1,1,1,1,False,False,False
145794,100.0,100.0,True,1,1,1,1,False,False,False
145854,100.0,100.0,True,0,1,1,1,False,False,False
145914,100.0,100.0,True,0,1,1,1,False,False,False
145974,100.0,100.0,True,0,1,1,1,False,False,False
146034,100.0,100.0,True,0,1,1,0,False,False,False
146094,100.0,100.0,True,0,1,1,0,False,False,False
146154,100.0,100.0,True,0,1,1,0,False,False,False
146214,100.0,100.0,True,0,1,1,0,False,False,False
146274,100.0,100.0,True,0,1,1,0,False,False,False
146334,100.0,100.0,True,0,1,1,0,False,False,False
146394,100.0,100.0,True,0,1,1,0,False,False,False
146454,100.0,100.0,True,0,1,1,0,False,False,False
146514,100.0,100.0,True,0,1,1,0,False,False,False
146574,100.0,100.0,True,0,1,1,0,False,False,False
146634,100.0,100.0,True,0,1,1,0,False,False,False
146694,100.0,100.0,True,0,1,1,0,False,False,False
146754,100.0,100.0,True,0,1,0,0,False,False,False
146814,100.0,100.0,True,0,1,0,0,False,False,False
146874,100.0,100.0,True,0,1,0,0,False,False,False
146934,100.0,100.0,True,0,1,0,0,False,False,False
146994,100.0,100.0,True,0,1,0,0,False,False,False
147054,100.0,100.0,True,0,1,0,0,False,False,False
147114,100.0,100.0,True,0,1,0,0,False,False,False
147174,100.0,100.0,True,0,1,0,0,False,False,False
147234,100.0,100.0,True,0,1,0,0,False,False,False
147294,100.0,100.0,True,0,1,0,0,False,False,False
147354,100.0,100.0,True,0,1,0,0,False,False,False
147414,100.0,100.0,True,0,1,0,0,False,False,False
147474,100.0,100.0,True,0,1,0,0,False,False,False
147534,100.0,100.0,True,0,1,0,0,False,False,False
147594,100.0,100.0,True,0,1,0,0,False,False,False
147654,100.0,100.0,True,0,1,0,0,False,False,False
147714,100.0,100.0,True,1,1,0,1,False,False,False
147774,100.0,100.0,True,1,1,0,1,False,False,False
147834,100.0,100.0,True,1,1,0,1,False,False,False
147894,100.0,100.0,True,1,1,0,1,False,False,False
147954,100.0,100.0,True,1,1,0,1,False,False,False
148014,100.0,100.0,True,1,0,0,1,False,False,False
148074,100.0,100.0,True,1,0,0,1,False,False,False
148134,100.0,100.0,True,1,0,0,1,False,False,False
148194,100.0,100.0,True,1,0,0,1,False,False,False
148254,100.0,100.0,True,1,0,0,1,False,False,False
148314,100.0,100.0,True,1,0,0,1,False,False,False
148374,100.0,100.0,True,1,0,0,1,False,False,False
148434,100.0,100.0,True,1,0,0,1,False,False,False
148494,100.0,100.0,True,1,0,0,1,False,False,False
148554,100.0,100.0,True,1,0,0,1,False,False,False
148614,100.0,100.0,True,1,0,0,1,False,False,False
148674,100.0,100.0,True,0,0,0,1,False,False,False
148734,100.0,100.0,True,0,0,0,1,False,False,False
148794,100.0,100.0,True,0,0,0,1,False,False,False
148854,100.0,100.0,True,1,0,0,1,False,False,False
148914,100.0,100.0,True,1,0,0,1,False,False,False
148974,100.0,100.0,True,1,0,0,1,False,False,False
149034,100.0,100.0,True,0,0,0,1,False,False,False
149094,100.0,100.0,True,0,0,0,1,False,False,False
149154,100.0,100.0,True,0,0,0,1,False,False,False
149214,100.0,100.0,True,0,0,0,1,False,False,False
149274,100.0,100.0,True,0,0,0,1,False,False,False
149334,100.0,100.0,True,0,0,0,1,False,False,False
149394,100.0,100.0,True,0,0,0,1,False,False,False
149454,100.0,100.0,True,0,0,0,1,False,False,False
149514,100.0,100.0,True,0,0,0,1,False,False,False
149574,100.0,100.0,True,0,0,0,0,False,False,False
149634,100.0,100.0,True,0,0,0,0,False,False,False
149694,100.0,100.0,True,0,0,0,0,False,False,False
149754,100.0,100.0,True,0,0,0,0,False,False,False
149814,100.0,100.0,True,0,0,0,0,False,False,False
149874,100.0,100.0,True,0,0,0,0,False,False,False
149934,100.0,100.0,True,0,0,0,0,False,False,False
149994,100.0,100.0,True,0,0,0,0,False,False,False
150054,100.0,100.0,True,0,0,0,0,False,False,False
150114,100.0,100.0,True,0,0,0,0,False,False,False
150174,100.0,100.0,True,0,0,0,0,False,False,False
150234,100.0,100.0,True,0,0,0,0,False,False,False
150294,100.0,100.0,True,0,0,0,0,False,False,False
150354,100.0,100.0,True,0,0,0,0,False,True,False
150414,100.0,100.0,True,0,0,0,0,False,True,False
150474,100.0,100.0,True,0,0,0,0,False,True,False
150534,100.0,100.0,True,0,0,0,0,False,True,False
150594,100.0,100.0,True,0,0,0,0,False,True,False
150654,100.0,100.0,True,0,0,0,0,False,True,False
150714,100.0,100.0,True,0,0,0,0,False,True,False
150774,100.0,100.0,True,0,0,0,0,False,True,False
150834,100.0,100.0,True,0,0,0,0,False,True,False
150894,100.0,100.0,True,0,0,0,0,False,True,False
150954,100.0,100.0,True,0,0,0,0,False,True,False
151014,100.0,100.0,True,0,0,0,0,False,False,True
151074,100.0,100.0,True,0,0,0,0,False,False,True
151134,100.0,100.0,True,0,0,0,0,False,False,True
151194,100.0,100.0,True,0,0,0,0,False,False,True
151254,100.0,100.0,True,0,0,0,0,False,False,True
151314,100.0,100.0,True,0,0,0,0,False,False,True
151374,100.0,100.0,True,0,0,0,0,False,False,True
151434,100.0,100.0,True,0,0,0,0,False,False,True
151494,100.0,100.0,True,0,0,0,0,False,False,True
151554,100.0,100.0,True,0,0,0,0,False,False,True
151614,100.0,100.0,True,0,0,0,0,False,False,True
151674,100.0,100.0,True,0,0,0,0,False,False,True
151734,100.0,100.0,True,0,0,0,0,False,False,True
151794,100.0,100.0,True,0,0,0,0,False,False,True
151854,100.0,100.0,True,0,0,0,0,False,False,True
151914,100.0,100.0,True,0,0,0,0,False,False,True
151974,100.0,100.0,True,0,0,0,0,False,False,True
152034,100.0,100.0,True,0,0,0,0,False,False,True
152094,100.0,100.0,True,0,0,0,0,False,False,True
152154,100.0,100.0,True,0,0,0,0,False,False,True
152214,100.0,100.0,True,0,0,0,0,False,False,True
152274,100.0,100.0,True,0,0,0,0,False,False,True
152334,100.0,100.0,True,0,0,0,0,False,False,True
152394,100.0,100.0,True,0,0,0,0,False,False,True
152454,100.0,100.0,True,0,0,0,0,False,False,True
152514,100.0,100.0,True,0,0,0,0,False,False,True
152574,100.0,100.0,True,0,0,0,0,False,False,True
152634,100.0,100.0,True,0,0,0,0,False,False,True
152694,100.0,100.0,True,0,0,0,0,False,False,True
152754,100.0,100.0,True,0,0,0,0,False,False,True
152814,100.0,100.0,True,0,0,0,0,False,False,True
152874,100.0,100.0,True,0,0,0,0,False,False,True
