0,1,2,3,4,5,6,7,8,9,10
6222,100.0,100.0,False,0,0,0,0,False,False,False
6282,100.0,100.0,False,0,0,0,0,False,False,False
6342,100.0,100.0,False,0,0,0,0,False,False,False
6402,100.0,100.0,False,0,0,0,0,False,False,False
6462,100.0,100.0,False,0,0,0,0,False,False,False
6522,100.0,100.0,False,0,0,0,0,False,False,False
6582,100.0,100.0,False,0,0,0,0,False,False,False
6642,100.0,100.0,False,0,0,0,0,False,False,False
6702,100.0,100.0,False,0,0,0,0,False,False,False
6762,100.0,100.0,False,0,0,0,0,False,False,False
6822,100.0,100.0,False,0,0,0,0,False,False,False
6882,100.0,100.0,False,0,0,0,0,False,False,False
6942,100.0,100.0,False,0,0,0,0,False,False,False
7002,100.0,100.0,False,0,0,0,0,False,False,False
7062,100.0,100.0,False,0,0,0,0,False,False,False
7122,100.0,100.0,False,0,0,0,0,False,False,False
7182,100.0,100.0,False,0,0,0,0,False,False,False
7242,100.0,100.0,False,0,0,0,0,False,False,False
7302,100.0,100.0,False,0,0,0,0,False,False,False
7362,100.0,100.0,False,0,0,0,0,False,False,False
7422,100.0,100.0,False,0,0,0,0,False,False,False
7482,100.0,100.0,False,0,0,0,0,False,False,False
7542,100.0,100.0,False,0,0,0,0,False,False,False
7602,100.0,100.0,False,0,0,0,0,False,False,False
7662,100.0,100.0,False,0,0,0,0,False,False,False
7722,100.0,100.0,False,0,0,0,0,False,False,False
7782,100.0,100.0,False,0,0,0,0,False,False,False
7842,100.0,100.0,False,0,0,0,0,False,False,False
7902,100.0,100.0,False,0,0,0,0,False,False,False
7962,100.0,100.0,False,0,0,0,0,False,False,False
8022,100.0,100.0,False,0,0,0,0,False,False,False
8082,100.0,100.0,False,0,0,0,0,False,False,False
8142,100.0,100.0,False,0,0,0,0,False,False,True
8202,100.0,100.0,False,0,0,0,0,False,False,True
8262,100.0,100.0,False,0,0,0,0,False,False,True
8322,100.0,100.0,False,0,0,0,0,False,False,True
8382,100.0,100.0,False,0,0,0,0,False,False,True
8442,100.0,100.0,False,0,0,0,0,False,False,True
8502,100.0,100.0,False,0,0,0,0,False,False,True
8562,100.0,100.0,False,0,0,0,0,False,False,True
8622,100.0,100.0,False,0,0,0,0,False,False,True
8682,100.0,100.0,False,0,0,0,0,False,False,True
8742,100.0,100.0,False,0,0,0,0,False,False,True
8802,100.0,100.0,False,0,0,0,0,False,False,True
8862,100.0,100.0,False,0,0,0,0,False,False,True
8922,100.0,100.0,False,0,0,0,0,False,False,True
8982,100.0,100.0,False,0,0,0,0,False,False,True
9042,100.0,100.0,False,0,0,0,0,False,False,True
9102,100.0,100.0,False,0,0,0,0,False,False,True
9162,100.0,100.0,False,0,0,0,0,False,False,True
9222,100.0,100.0,False,0,0,0,0,False,False,True
9282,100.0,100.0,False,0,0,0,0,False,False,True
9342,100.0,100.0,False,0,0,0,0,False,False,True
9402,100.0,100.0,False,0,0,0,0,False,False,True
9462,100.0,100.0,False,0,0,0,0,False,False,True
9522,100.0,100.0,False,0,0,0,0,False,False,True
9582,100.0,100.0,False,0,0,0,0,False,False,True
9642,100.0,100.0,False,0,0,0,0,False,False,True
9702,83.0,92.0,False,0,0,0,0,False,False,True
9762,69.0,86.0,False,0,0,0,0,False,False,True
9822,55.0,80.0,False,0,0,0,0,False,False,True
9882,55.0,80.0,False,0,0,0,0,False,False,True
9942,22.0,62.0,False,0,0,0,0,False,False,True
10002,22.0,62.0,False,0,0,0,0,False,False,True
10062,22.0,62.0,False,0,0,0,0,False,False,True
10122,22.0,62.0,False,0,0,0,0,False,False,True
10182,22.0,62.0,False,0,0,0,0,False,False,True
10242,22.0,62.0,False,0,0,0,0,False,False,True
10302,22.0,62.0,False,0,0,0,0,False,False,True
10362,22.0,62.0,False,0,0,0,0,False,False,True
10422,22.0,62.0,False,0,0,0,0,False,False,True
10482,22.0,62.0,False,0,0,0,0,False,False,True
12222,100.0,100.0,False,0,0,0,0,False,False,False
12282,100.0,100.0,False,0,0,0,0,False,False,False
12342,100.0,100.0,False,0,0,0,0,False,False,False
12402,100.0,100.0,False,0,0,0,0,False,False,False
12462,100.0,100.0,False,0,0,0,0,False,False,False
12522,100.0,100.0,False,0,0,0,0,False,False,False
12582,100.0,100.0,False,0,0,0,0,False,False,False
12642,100.0,100.0,False,0,0,0,0,False,False,False
12702,100.0,100.0,False,0,0,0,0,False,False,False
12762,100.0,100.0,False,0,0,0,0,False,False,False
12822,100.0,100.0,False,0,0,0,0,False,False,False
12882,100.0,100.0,False,0,0,0,0,False,False,False
12942,100.0,100.0,False,0,0,0,0,False,False,False
13002,100.0,100.0,False,0,0,0,0,False,False,False
13062,100.0,100.0,False,0,0,0,0,False,False,False
13122,100.0,100.0,False,0,0,0,0,False,False,False
13182,100.0,100.0,False,0,0,0,0,False,False,False
13242,100.0,100.0,False,0,0,0,0,False,False,False
13302,100.0,100.0,False,0,0,0,0,False,False,False
13362,100.0,100.0,False,0,0,0,0,False,False,False
13422,100.0,100.0,False,0,0,0,0,False,False,False
13482,100.0,100.0,False,0,0,0,0,False,False,False
13542,100.0,100.0,False,0,0,0,0,False,False,False
13602,100.0,100.0,False,0,0,0,0,False,False,False
13662,100.0,100.0,False,0,0,0,0,False,False,False
13722,100.0,100.0,False,0,0,0,0,False,False,False
13782,100.0,100.0,False,0,0,0,0,False,False,False
13842,90.0,97.0,False,0,0,0,0,False,False,False
13902,90.0,97.0,False,0,0,0,0,False,False,False
13962,81.0,94.0,False,0,0,0,0,False,False,False
14022,81.0,94.0,False,0,0,0,0,False,False,False
14082,81.0,94.0,False,0,0,0,0,False,False,False
14142,81.0,94.0,False,0,0,0,0,False,False,False
14202,81.0,94.0,False,0,0,0,0,False,False,False
16122,100.0,100.0,True,1,1,0,0,False,False,False
16182,100.0,100.0,True,0,1,0,0,False,False,False
16242,100.0,100.0,True,0,1,0,0,False,False,False
16302,100.0,100.0,True,0,1,0,0,False,False,False
16362,100.0,100.0,True,0,1,0,0,False,False,False
16422,100.0,100.0,True,0,1,0,0,False,False,False
16482,100.0,100.0,True,0,1,0,0,False,False,False
16542,100.0,100.0,True,0,1,0,0,False,False,False
16602,100.0,100.0,True,0,1,0,0,False,False,False
16662,100.0,100.0,True,0,0,0,0,False,False,False
16722,100.0,100.0,True,0,0,0,0,False,False,False
16782,100.0,100.0,True,0,0,0,0,False,False,False
16842,100.0,100.0,True,0,0,0,0,False,False,False
16902,100.0,100.0,True,0,0,0,0,False,False,False
16962,100.0,100.0,True,0,0,0,0,False,False,False
17022,100.0,100.0,True,0,0,0,0,False,False,False
17082,100.0,100.0,True,0,0,0,0,False,False,False
17142,100.0,100.0,True,0,0,0,0,False,False,False
17202,100.0,100.0,True,0,0,0,0,False,False,False
17262,100.0,100.0,True,0,0,0,0,False,False,False
17322,100.0,100.0,True,0,0,0,0,False,False,False
17382,100.0,100.0,True,0,0,0,0,False,False,False
17442,100.0,100.0,True,0,0,0,0,False,False,False
17502,100.0,100.0,True,0,0,0,0,False,False,False
17562,100.0,100.0,True,0,0,0,0,False,False,False
17622,100.0,100.0,True,0,0,0,0,False,False,False
17682,100.0,100.0,True,0,0,0,0,False,False,False
17742,100.0,100.0,True,0,0,0,0,False,False,False
17802,100.0,100.0,True,0,0,0,0,False,False,False
17862,100.0,100.0,True,0,0,0,0,False,False,False
17922,100.0,100.0,True,0,0,0,0,False,False,False
17982,100.0,100.0,True,0,0,0,0,False,False,False
18042,100.0,100.0,True,0,0,0,0,False,False,False
18102,92.0,95.0,True,0,0,0,0,False,False,False
18162,92.0,95.0,True,0,0,0,0,False,False,False
18222,76.0,95.0,True,0,0,0,0,False,False,False
18282,68.0,95.0,True,0,0,0,0,False,False,False
18342,68.0,95.0,True,0,0,0,0,False,False,False
22362,100.0,100.0,False,1,0,0,0,False,False,False
22422,100.0,100.0,False,0,0,0,0,False,False,False
22482,100.0,100.0,False,0,0,0,0,False,False,False
22542,100.0,100.0,False,0,0,0,0,False,False,False
22602,100.0,100.0,False,0,0,0,0,False,False,False
22662,100.0,100.0,False,0,0,0,0,False,False,False
22722,100.0,100.0,False,0,0,0,0,False,False,False
22782,100.0,100.0,False,0,0,0,0,False,False,False
22842,100.0,100.0,False,0,0,0,0,False,False,False
22902,100.0,100.0,False,0,0,0,0,False,False,False
22962,100.0,100.0,False,0,0,0,0,False,False,False
23022,100.0,100.0,False,0,0,0,0,False,False,False
23082,100.0,100.0,False,0,0,0,0,False,False,False
23142,100.0,100.0,False,0,0,0,0,False,False,False
23202,100.0,100.0,False,0,0,0,0,False,False,False
23262,100.0,100.0,False,0,0,0,0,False,False,False
23322,100.0,100.0,False,0,0,0,0,False,False,False
23382,100.0,100.0,False,0,0,0,0,False,False,False
23442,100.0,100.0,False,0,0,0,0,False,False,False
23502,100.0,100.0,False,0,0,0,0,False,False,False
23562,100.0,100.0,False,0,0,0,0,False,False,False
23622,100.0,100.0,False,0,0,0,0,False,False,False
23682,100.0,100.0,False,0,0,0,0,False,False,False
23742,100.0,100.0,False,0,0,0,0,False,False,False
23802,100.0,100.0,False,0,0,0,0,False,False,False
23862,100.0,100.0,False,0,0,0,0,False,False,False
23922,100.0,100.0,False,0,0,0,0,False,False,False
23982,100.0,100.0,False,0,0,0,0,False,False,False
24042,100.0,100.0,False,0,0,0,0,False,False,False
24102,100.0,100.0,False,0,0,0,0,False,False,False
24162,100.0,100.0,False,0,0,0,0,False,False,False
24222,100.0,100.0,False,0,0,0,0,False,False,False
24282,100.0,100.0,False,0,0,0,0,False,False,False
24342,100.0,100.0,False,0,0,0,0,False,False,False
24402,100.0,100.0,False,0,0,0,0,False,False,False
24462,100.0,100.0,False,0,0,0,0,False,False,False
24522,100.0,100.0,False,0,0,0,0,False,False,False
24582,100.0,100.0,False,0,0,0,0,False,False,False
24642,100.0,100.0,False,0,0,0,0,False,False,False
24702,100.0,100.0,False,0,0,0,0,False,False,False
24762,100.0,100.0,False,0,0,0,0,False,False,True
24822,100.0,100.0,False,0,0,0,0,False,False,True
24882,100.0,100.0,False,0,0,0,0,False,False,True
24942,100.0,100.0,False,0,0,0,0,False,False,True
25002,100.0,100.0,False,0,0,0,0,False,False,True
25062,100.0,100.0,False,0,0,0,0,False,False,True
25122,100.0,100.0,False,0,0,0,0,False,False,True
25182,100.0,100.0,False,0,0,0,0,False,False,True
25242,100.0,100.0,False,0,0,0,0,False,False,True
25302,100.0,100.0,False,0,0,0,0,False,False,True
25362,100.0,100.0,False,0,0,0,0,False,False,True
25422,100.0,100.0,False,0,0,0,0,False,False,True
29022,100.0,100.0,True,1,1,1,1,False,False,False
29082,100.0,100.0,True,0,1,1,1,False,False,False
29142,100.0,100.0,True,0,1,1,1,False,False,False
29202,100.0,100.0,True,0,1,1,1,False,False,False
29262,100.0,100.0,True,0,1,1,1,False,False,False
29322,100.0,100.0,True,0,1,1,1,False,False,False
29382,100.0,100.0,True,0,1,1,1,False,False,False
29442,100.0,100.0,True,0,1,1,1,False,False,False
29502,100.0,100.0,True,0,1,1,1,False,False,False
29562,100.0,100.0,True,0,1,1,1,False,False,False
29622,100.0,100.0,True,0,1,1,1,False,False,False
29682,100.0,100.0,True,0,1,1,1,False,False,False
29742,100.0,100.0,True,0,1,1,1,False,False,False
29802,100.0,100.0,True,0,1,1,1,False,False,False
29862,100.0,100.0,True,0,1,1,1,False,False,False
29922,100.0,100.0,True,0,1,1,1,False,False,False
29982,100.0,100.0,True,0,1,1,0,False,False,False
30042,100.0,100.0,True,0,1,1,0,False,False,False
30102,100.0,100.0,True,0,1,1,0,False,False,False
30162,100.0,100.0,True,0,1,1,0,False,False,False
30222,100.0,100.0,True,0,1,1,0,False,False,False
30282,100.0,100.0,True,0,1,1,0,False,False,False
30342,100.0,100.0,True,0,1,1,0,False,False,False
30402,100.0,100.0,True,0,1,1,0,False,False,False
30462,100.0,100.0,True,0,1,1,0,False,False,False
30522,100.0,100.0,True,0,1,1,0,False,False,False
30582,100.0,100.0,True,0,1,1,0,False,False,False
30642,100.0,100.0,True,0,1,1,0,False,False,False
30702,100.0,100.0,True,0,1,1,0,False,False,False
30762,99.0,100.0,True,0,1,1,0,False,False,False
30822,99.0,100.0,True,0,1,1,0,False,False,False
30882,99.0,100.0,True,0,1,1,0,False,False,False
30942,99.0,100.0,True,0,1,0,0,False,False,False
31002,99.0,100.0,True,0,0,0,0,False,False,False
31062,99.0,100.0,True,0,0,0,0,False,False,False
31122,72.0,97.0,True,0,0,0,0,False,False,False
31182,5.0,89.0,True,0,0,0,0,False,False,False
31242,5.0,89.0,True,0,0,0,0,False,False,False
31302,5.0,89.0,True,0,0,0,0,False,False,False
31362,5.0,89.0,True,0,0,0,0,False,False,False
31422,5.0,89.0,True,0,0,0,0,False,False,False
31482,5.0,89.0,True,0,0,0,0,False,False,False
31542,5.0,89.0,True,0,0,0,0,False,False,False
31602,5.0,89.0,True,0,0,0,0,False,False,False
31662,5.0,89.0,True,0,0,0,0,False,False,False
31722,5.0,89.0,True,0,0,0,0,False,False,False
31782,5.0,89.0,True,0,0,0,0,False,False,False
31842,5.0,89.0,True,0,0,0,0,False,False,False
31902,5.0,89.0,True,0,0,0,0,False,False,False
31962,5.0,89.0,True,0,0,0,0,False,False,False
32022,5.0,89.0,True,0,0,0,0,False,False,False
32082,5.0,89.0,True,0,0,0,0,False,False,False
32142,5.0,89.0,True,0,0,0,0,False,False,False
32202,5.0,89.0,True,0,0,0,0,False,False,False
32262,5.0,89.0,True,0,0,0,0,False,False,False
32322,5.0,89.0,True,0,0,0,0,False,False,False
32382,5.0,89.0,True,0,0,0,0,False,False,False
32442,5.0,89.0,True,0,0,0,0,False,False,False
32502,5.0,89.0,True,0,0,0,0,False,False,False
32562,5.0,89.0,True,0,0,0,0,False,False,False
32622,5.0,89.0,True,0,0,0,0,False,False,False
32682,5.0,89.0,True,0,0,0,0,False,False,False
32742,5.0,89.0,True,0,0,0,0,False,False,False
32802,5.0,89.0,True,0,0,0,0,False,False,False
32862,5.0,89.0,True,0,0,0,0,False,False,False
32922,5.0,89.0,True,0,0,0,0,False,False,False
32982,5.0,89.0,True,0,0,0,0,False,False,False
33042,5.0,89.0,True,0,0,0,0,False,False,False
33102,5.0,89.0,True,0,0,0,0,False,False,False
33162,5.0,89.0,True,0,0,0,0,False,False,False
33222,5.0,89.0,True,0,0,0,0,False,False,False
33282,5.0,89.0,True,0,0,0,0,False,False,False
33342,5.0,89.0,True,0,0,0,0,False,False,False
33402,5.0,89.0,True,0,0,0,0,False,False,False
33462,5.0,89.0,True,0,0,0,0,False,False,False
33522,5.0,89.0,True,0,0,0,0,False,False,False
33582,5.0,89.0,True,0,0,0,0,False,False,False
34962,100.0,89.0,True,1,1,1,1,True,False,False
35022,100.0,89.0,True,1,1,1,1,True,False,False
35082,100.0,89.0,True,1,1,1,1,True,False,False
35142,100.0,89.0,True,1,1,1,1,True,False,False
35202,100.0,89.0,True,1,1,1,1,True,False,False
35262,100.0,89.0,True,1,1,1,1,True,False,False
35322,100.0,89.0,True,1,1,1,1,True,False,False
35382,100.0,89.0,True,1,1,1,1,True,False,False
35442,100.0,89.0,True,1,1,1,1,True,False,False
35502,100.0,89.0,True,1,1,1,1,True,False,False
35562,100.0,89.0,True,1,1,1,1,True,False,False
35622,100.0,89.0,True,1,1,1,1,True,False,False
35682,100.0,89.0,True,1,1,1,1,True,False,False
35742,100.0,89.0,True,1,1,1,1,True,False,False
35802,100.0,89.0,True,1,1,1,1,True,False,False
35862,100.0,89.0,True,1,1,1,1,True,False,False
35922,100.0,89.0,True,1,1,1,1,True,False,False
35982,100.0,89.0,True,1,1,1,1,True,False,False
36042,100.0,89.0,True,1,1,1,1,True,False,False
36102,100.0,89.0,True,1,1,1,0,True,False,False
36162,100.0,89.0,True,1,1,1,0,True,False,False
36222,100.0,89.0,True,1,1,1,0,True,False,False
36282,100.0,89.0,True,1,1,1,0,True,False,False
36342,100.0,89.0,True,1,0,1,0,True,False,False
36402,100.0,89.0,True,1,0,1,0,True,False,False
36462,100.0,89.0,True,1,0,1,0,True,False,False
36522,100.0,89.0,True,1,0,1,0,True,False,False
36582,100.0,89.0,True,1,0,1,0,True,False,False
36642,100.0,89.0,True,1,0,1,0,True,False,False
36702,100.0,89.0,True,1,0,1,0,True,False,False
36762,100.0,89.0,True,1,0,1,0,True,False,False
36822,100.0,89.0,True,1,0,1,0,True,False,False
36882,100.0,89.0,True,1,0,1,0,True,False,False
38262,100.0,89.0,True,1,1,1,1,True,False,False
38322,100.0,89.0,True,1,1,1,1,True,False,False
38382,100.0,89.0,True,1,1,1,1,True,False,False
38442,100.0,89.0,True,1,1,1,1,True,False,False
38502,100.0,89.0,True,1,1,1,1,True,False,False
38562,100.0,89.0,True,1,1,1,1,True,False,False
38622,100.0,89.0,True,1,1,1,1,True,False,False
38682,100.0,89.0,True,1,1,1,1,True,False,False
38742,100.0,89.0,True,1,1,1,1,True,False,False
38802,100.0,89.0,True,1,1,1,1,True,False,False
38862,100.0,89.0,True,1,1,1,1,True,False,False
38922,100.0,89.0,True,1,1,1,1,True,False,False
38982,100.0,89.0,True,1,1,1,1,True,False,False
39042,100.0,89.0,True,1,1,1,1,True,False,False
39102,100.0,89.0,True,1,1,1,1,True,False,False
39162,100.0,89.0,True,1,1,1,1,True,False,False
39222,100.0,89.0,True,1,1,1,1,True,False,False
39282,100.0,89.0,True,1,1,1,1,True,False,False
39342,100.0,89.0,True,1,1,1,1,True,False,False
39402,100.0,89.0,True,1,1,1,1,True,False,False
39462,100.0,89.0,True,1,1,1,1,True,False,False
39522,100.0,89.0,True,1,1,1,1,True,False,False
39582,100.0,89.0,True,1,1,1,1,True,False,False
39642,100.0,89.0,True,1,1,1,1,True,False,False
39702,100.0,89.0,True,1,1,1,1,True,False,False
39762,100.0,89.0,True,1,1,1,1,True,False,False
39822,100.0,89.0,True,1,1,1,1,True,False,False
39882,100.0,89.0,True,1,1,1,1,True,False,False
39942,100.0,89.0,True,1,1,1,1,True,False,False
40002,58.0,88.0,True,1,1,1,1,True,False,False
40062,58.0,88.0,True,1,1,1,1,True,False,False
40122,58.0,88.0,True,1,1,1,1,True,False,False
40182,58.0,88.0,True,1,1,1,1,True,False,False
40242,58.0,88.0,True,1,1,1,1,True,False,False
40302,58.0,88.0,True,1,1,1,1,True,False,False
40362,58.0,88.0,True,1,1,1,0,True,False,False
40422,58.0,88.0,True,1,1,1,0,True,False,False
40482,58.0,88.0,True,1,1,0,0,True,False,False
40542,58.0,88.0,True,1,1,0,0,True,False,False
40602,58.0,88.0,True,1,1,0,0,True,False,False
40662,58.0,88.0,True,1,1,0,0,True,False,False
40722,58.0,88.0,True,1,1,0,0,True,False,False
40782,58.0,88.0,True,1,1,0,0,True,False,False
40842,58.0,88.0,True,1,1,0,0,True,False,False
40902,58.0,88.0,True,1,1,0,0,True,False,False
43182,100.0,100.0,True,0,0,1,0,True,False,False
43242,100.0,100.0,True,0,0,1,0,True,False,False
43302,100.0,100.0,True,0,0,1,0,True,False,False
43362,100.0,100.0,True,0,0,1,0,True,False,False
43422,100.0,100.0,True,0,0,1,0,True,False,False
43482,100.0,100.0,True,0,0,1,0,True,False,False
43542,100.0,100.0,True,0,0,1,0,True,False,False
43602,100.0,100.0,True,0,0,1,0,True,False,False
43662,100.0,100.0,True,0,0,1,0,True,False,False
43722,100.0,100.0,True,0,0,1,0,True,False,False
43782,100.0,100.0,True,0,0,1,0,True,False,False
43842,100.0,100.0,True,0,0,0,0,True,False,False
43902,100.0,100.0,True,0,0,0,0,True,False,False
43962,100.0,100.0,True,0,0,0,0,True,False,False
44022,100.0,100.0,True,0,0,0,0,True,False,False
44082,100.0,100.0,True,0,0,0,0,True,False,False
44142,100.0,100.0,True,0,0,0,0,True,False,False
44202,100.0,100.0,True,0,0,0,0,True,False,False
44262,100.0,100.0,True,0,0,0,0,True,False,False
44322,100.0,100.0,True,0,0,0,0,True,False,False
44382,100.0,100.0,True,0,0,0,0,True,False,False
44442,100.0,100.0,True,0,0,0,0,True,False,False
44502,100.0,100.0,True,0,0,0,0,True,False,False
44562,100.0,100.0,True,0,0,0,0,True,False,False
44622,100.0,100.0,True,0,0,0,0,True,False,False
44682,100.0,100.0,True,0,0,0,0,True,False,False
44742,100.0,100.0,True,0,0,0,0,True,False,False
44802,100.0,100.0,True,0,0,0,0,True,False,False
44862,100.0,100.0,True,0,0,0,0,True,False,False
44922,100.0,100.0,True,0,0,0,0,True,False,False
44982,100.0,100.0,True,0,0,0,0,True,False,False
45042,100.0,100.0,True,0,0,0,0,True,False,False
48102,100.0,100.0,True,1,1,1,1,True,False,False
48162,100.0,100.0,True,1,1,1,1,True,False,False
48222,100.0,100.0,True,1,1,1,1,True,False,False
48282,100.0,100.0,True,1,1,1,1,True,False,False
48342,100.0,100.0,True,1,1,1,1,True,False,False
48402,100.0,100.0,True,1,1,1,1,True,False,False
48462,100.0,100.0,True,1,1,1,1,True,False,False
48522,100.0,100.0,True,1,1,1,1,True,False,False
48582,100.0,100.0,True,1,1,1,1,True,False,False
48642,100.0,100.0,True,1,1,1,1,True,False,False
48702,100.0,100.0,True,1,1,1,1,True,False,False
48762,100.0,100.0,True,1,1,1,1,True,False,False
48822,100.0,100.0,True,1,1,1,1,True,False,False
48882,100.0,100.0,True,1,1,1,1,True,False,False
48942,100.0,100.0,True,1,1,1,1,True,False,False
49002,100.0,100.0,True,1,1,1,1,True,False,False
49062,100.0,100.0,True,1,1,1,1,True,False,False
49122,100.0,100.0,True,1,1,1,1,True,False,False
49182,100.0,100.0,True,1,1,1,1,True,False,False
49242,100.0,100.0,True,1,1,1,1,True,False,False
49302,100.0,100.0,True,1,1,1,1,True,False,False
49362,94.0,100.0,True,1,1,1,1,True,False,False
49422,85.0,100.0,True,1,1,1,1,True,False,False
49482,85.0,100.0,True,0,1,1,1,True,False,False
49542,85.0,100.0,True,0,1,1,1,True,False,False
49602,85.0,100.0,True,0,1,1,1,True,False,False
49662,85.0,100.0,True,0,1,1,1,True,False,False
49722,85.0,100.0,True,0,1,1,1,True,False,False
49782,85.0,100.0,True,0,1,1,1,True,False,False
49842,85.0,100.0,True,0,1,1,1,True,False,False
49902,85.0,100.0,True,0,1,1,1,True,False,False
49962,85.0,100.0,True,0,1,1,1,True,False,False
50022,85.0,100.0,True,0,1,1,1,True,False,False
50082,85.0,100.0,True,0,1,1,1,True,False,False
50142,85.0,100.0,True,0,1,1,1,True,False,False
50202,85.0,100.0,True,0,1,1,1,True,False,False
50262,85.0,100.0,True,0,1,1,1,True,False,False
50322,85.0,100.0,True,0,1,1,1,True,False,False
50382,85.0,100.0,True,0,1,1,1,True,False,False
50442,85.0,100.0,True,0,1,1,1,True,False,False
50502,85.0,100.0,True,0,1,1,1,True,False,False
50562,85.0,100.0,True,0,1,1,1,True,False,False
50622,85.0,100.0,True,0,1,1,1,True,False,False
50682,85.0,100.0,True,0,1,1,1,True,False,False
50742,85.0,100.0,True,0,1,1,1,True,False,False
50802,85.0,100.0,True,0,1,1,1,True,False,False
50862,85.0,100.0,True,0,1,1,1,True,False,False
50922,85.0,100.0,True,0,1,1,1,True,False,False
50982,85.0,100.0,True,0,1,1,1,True,False,False
51042,85.0,100.0,True,0,1,1,1,True,False,False
51102,85.0,100.0,True,0,1,1,1,True,False,False
51162,85.0,100.0,True,0,1,1,1,True,False,False
51222,85.0,100.0,True,0,1,1,1,True,False,False
51282,85.0,100.0,True,0,1,1,1,True,False,False
51342,85.0,100.0,True,0,1,1,1,True,False,False
51402,85.0,100.0,True,0,1,1,1,True,False,False
51462,85.0,100.0,True,0,1,1,1,True,False,False
51522,85.0,100.0,True,0,1,1,1,True,False,False
51582,85.0,100.0,True,0,1,1,1,True,False,False
51642,85.0,100.0,True,0,1,1,1,True,False,False
51702,85.0,100.0,True,0,1,1,1,True,False,False
51762,85.0,100.0,True,0,1,1,1,True,False,False
51822,85.0,100.0,True,0,1,1,1,True,False,False
51882,85.0,100.0,True,0,1,0,1,True,False,False
51942,85.0,100.0,True,0,1,0,0,True,False,False
52002,85.0,100.0,True,0,1,0,0,True,False,False
52062,85.0,100.0,True,0,1,0,0,True,False,False
52122,85.0,100.0,True,0,1,0,0,True,False,False
52182,85.0,100.0,True,0,1,0,0,True,False,False
52242,85.0,100.0,True,0,1,0,0,True,False,False
52302,85.0,100.0,True,0,1,0,0,True,False,False
52362,85.0,100.0,True,0,1,0,0,True,False,False
52422,85.0,100.0,True,0,1,0,0,True,False,False
52482,85.0,100.0,True,0,1,0,0,True,False,False
52542,85.0,100.0,True,0,1,0,0,True,False,False
52602,85.0,100.0,True,0,1,0,0,True,False,False
52662,85.0,100.0,True,0,1,0,0,True,False,False
52722,85.0,100.0,True,0,1,0,0,True,False,False
52782,85.0,100.0,True,0,1,0,0,True,False,False
52842,85.0,100.0,True,0,1,0,0,True,False,False
52902,85.0,100.0,True,0,1,0,0,True,False,False
52962,85.0,100.0,True,0,1,0,0,True,False,False
53022,85.0,100.0,True,0,1,0,0,True,False,False
53082,85.0,100.0,True,0,0,0,0,True,False,False
53142,85.0,100.0,True,0,0,0,0,True,False,False
53202,85.0,100.0,True,0,0,0,0,True,False,False
53262,81.0,98.0,True,0,0,0,0,True,False,False
53322,81.0,98.0,True,0,0,0,0,True,False,False
53382,81.0,98.0,True,0,0,0,0,True,False,False
53442,81.0,98.0,True,0,0,0,0,True,False,False
53502,81.0,98.0,True,0,0,0,0,True,False,True
53562,81.0,98.0,True,0,0,0,0,True,False,True
53622,81.0,98.0,True,0,0,0,0,True,False,True
53682,81.0,98.0,True,0,0,0,0,True,False,True
53742,81.0,98.0,True,0,0,0,0,True,False,True
53802,81.0,98.0,True,0,0,0,0,True,False,True
53862,81.0,98.0,True,0,0,0,0,True,False,True
53922,80.0,97.0,True,0,0,0,0,True,False,True
53982,80.0,97.0,True,0,0,0,0,True,False,True
54042,80.0,97.0,True,0,0,0,0,True,False,True
54102,80.0,97.0,True,0,0,0,0,True,False,True
54162,80.0,97.0,True,0,0,0,0,True,False,True
54222,80.0,97.0,True,0,0,0,0,True,False,True
54282,80.0,97.0,True,0,0,0,0,True,False,True
54342,80.0,97.0,True,0,0,0,0,True,False,True
54402,80.0,97.0,True,0,0,0,0,True,False,True
54462,80.0,97.0,True,0,0,0,0,True,False,True
54522,46.0,93.0,True,0,0,0,0,True,False,True
54582,46.0,93.0,True,0,0,0,0,True,False,True
54642,46.0,93.0,True,0,0,0,0,True,False,True
54702,46.0,93.0,True,0,0,0,0,True,False,True
54762,46.0,93.0,True,0,0,0,0,True,False,True
54822,46.0,93.0,True,0,0,0,0,True,False,True
54882,46.0,93.0,True,0,0,0,0,True,False,True
54942,46.0,93.0,True,0,0,0,0,True,False,True
55002,46.0,93.0,True,0,0,0,0,True,False,True
55062,46.0,93.0,True,0,0,0,0,True,False,True
55122,46.0,93.0,True,0,0,0,0,True,False,True
55182,46.0,93.0,True,0,0,0,0,True,False,True
55242,46.0,93.0,True,0,0,0,0,True,False,True
55302,46.0,93.0,True,0,0,0,0,True,False,True
55362,46.0,93.0,True,0,0,0,0,True,False,True
55422,46.0,93.0,True,0,0,0,0,True,False,True
55482,46.0,93.0,True,0,0,0,0,True,False,True
55542,46.0,93.0,True,0,0,0,0,True,False,True
55602,46.0,93.0,True,0,0,0,0,True,False,True
55662,46.0,93.0,True,0,0,0,0,True,False,True
55722,46.0,93.0,True,0,0,0,0,True,False,True
55782,46.0,93.0,True,0,0,0,0,True,False,True
55842,46.0,93.0,True,0,0,0,0,True,False,True
55902,46.0,93.0,True,0,0,0,0,True,False,True
55962,46.0,93.0,True,0,0,0,0,True,False,True
56022,46.0,93.0,True,0,0,0,0,True,False,True
56082,46.0,93.0,True,0,0,0,0,True,False,True
56142,39.0,86.0,True,0,0,0,0,True,False,False
56202,39.0,86.0,True,0,0,0,0,True,False,False
56262,39.0,86.0,True,0,0,0,0,True,False,False
57882,100.0,100.0,True,1,0,1,0,True,False,False
57942,100.0,100.0,True,1,0,1,0,True,False,False
58002,100.0,100.0,True,1,0,0,0,True,False,False
58062,100.0,100.0,True,1,0,0,0,True,False,False
58122,100.0,100.0,True,1,0,0,0,True,False,False
58182,100.0,100.0,True,1,0,0,0,True,False,False
58242,100.0,100.0,True,1,0,0,0,True,False,False
58302,100.0,100.0,True,1,0,0,0,True,False,False
58362,100.0,100.0,True,0,0,0,0,True,False,False
58422,100.0,100.0,True,0,0,0,0,True,False,False
58482,100.0,100.0,True,0,0,0,0,True,False,False
58542,100.0,100.0,True,0,0,0,0,True,False,False
58602,100.0,100.0,True,0,0,0,0,True,False,False
58662,100.0,100.0,True,0,0,0,0,True,False,False
58722,100.0,100.0,True,0,0,0,0,True,False,False
58782,100.0,100.0,True,0,0,0,0,True,False,False
58842,100.0,100.0,True,0,0,0,0,True,False,False
58902,100.0,100.0,True,0,0,0,0,True,False,False
58962,100.0,100.0,True,0,0,0,0,True,False,False
59022,100.0,100.0,True,0,0,0,0,True,False,False
59082,100.0,100.0,True,0,0,0,0,True,False,False
59142,100.0,100.0,True,0,0,0,0,True,False,False
59202,100.0,100.0,True,0,0,0,0,True,False,False
59262,100.0,100.0,True,0,0,0,0,True,False,False
59322,100.0,100.0,True,0,0,0,0,True,False,False
59382,100.0,100.0,True,0,0,0,0,True,False,False
59442,100.0,100.0,True,0,0,0,0,True,False,False
59502,100.0,100.0,True,0,0,0,0,True,False,False
59562,100.0,100.0,True,0,0,0,0,True,False,False
59622,100.0,100.0,True,0,0,0,0,True,False,False
59682,100.0,100.0,True,0,0,0,0,True,False,False
59742,100.0,100.0,True,0,0,0,0,True,False,False
59802,100.0,100.0,True,0,0,0,0,True,False,False
59862,100.0,100.0,True,0,0,0,0,True,False,False
59922,69.0,100.0,True,0,0,0,0,True,False,False
59982,69.0,100.0,True,0,0,0,0,True,False,False
60042,65.0,100.0,True,0,0,0,0,True,False,False
60102,41.0,100.0,True,0,0,0,0,True,False,False
60162,12.0,92.0,True,0,0,0,0,True,False,False
60222,12.0,92.0,True,0,0,0,0,True,False,False
60282,12.0,92.0,True,0,0,0,0,True,False,False
60342,12.0,92.0,True,0,0,0,0,True,False,False
60402,12.0,92.0,True,0,0,0,0,True,False,False
60462,12.0,92.0,True,0,0,0,0,True,False,True
60522,12.0,92.0,True,0,0,0,0,True,False,True
60582,12.0,92.0,True,0,0,0,0,True,False,True
60642,12.0,92.0,True,0,0,0,0,True,False,True
60702,12.0,92.0,True,0,0,0,0,True,False,True
60762,12.0,92.0,True,0,0,0,0,True,False,True
60822,12.0,92.0,True,0,0,0,0,True,False,True
60882,12.0,92.0,True,0,0,0,0,True,False,True
60942,12.0,92.0,True,0,0,0,0,True,False,True
61002,12.0,92.0,True,0,0,0,0,True,False,True
61062,12.0,92.0,True,0,0,0,0,True,False,True
61122,12.0,92.0,True,0,0,0,0,True,False,True
61182,12.0,92.0,True,0,0,0,0,True,False,True
61242,12.0,92.0,True,0,0,0,0,True,False,True
61302,12.0,92.0,True,0,0,0,0,True,False,True
61362,12.0,92.0,True,0,0,0,0,True,False,True
61422,12.0,92.0,True,0,0,0,0,True,False,True
61482,12.0,92.0,True,0,0,0,0,True,False,True
61542,12.0,92.0,True,0,0,0,0,True,False,True
61602,12.0,92.0,True,0,0,0,0,True,False,True
61662,12.0,92.0,True,0,0,0,0,True,False,True
61722,12.0,92.0,True,0,0,0,0,True,False,True
61782,12.0,92.0,True,0,0,0,0,True,False,True
61842,12.0,92.0,True,0,0,0,0,True,False,True
61902,12.0,92.0,True,0,0,0,0,True,False,True
61962,12.0,92.0,True,0,0,0,0,True,False,True
62022,12.0,92.0,True,0,0,0,0,True,False,True
62082,12.0,92.0,True,0,0,0,0,True,False,True
62142,12.0,92.0,True,0,0,0,0,True,False,True
62202,12.0,92.0,True,0,0,0,0,True,False,True
62262,12.0,92.0,True,0,0,0,0,True,False,True
62322,12.0,92.0,True,0,0,0,0,True,False,True
62382,12.0,92.0,True,0,0,0,0,True,False,True
62442,12.0,92.0,True,0,0,0,0,True,False,True
62502,12.0,92.0,True,0,0,0,0,True,False,True
62562,12.0,92.0,True,0,0,0,0,True,False,False
62622,12.0,92.0,True,0,0,0,0,True,False,False
62682,12.0,92.0,True,0,0,0,0,True,False,False
62742,12.0,92.0,True,0,0,0,0,True,False,False
62802,12.0,92.0,True,0,0,0,0,True,False,False
62862,12.0,92.0,True,0,0,0,0,True,False,False
62922,12.0,92.0,True,0,0,0,0,True,False,False
64302,100.0,92.0,True,1,1,1,1,True,False,False
64362,100.0,92.0,True,1,1,1,1,True,False,False
64422,100.0,92.0,True,1,1,1,1,True,False,False
64482,100.0,92.0,True,1,1,1,1,True,False,False
64542,100.0,92.0,True,1,1,1,1,True,False,False
64602,100.0,92.0,True,1,1,1,1,True,False,False
64662,100.0,92.0,True,1,1,1,1,True,False,False
64722,100.0,92.0,True,1,1,1,1,True,False,False
64782,100.0,92.0,True,1,1,1,1,True,False,False
64842,100.0,92.0,True,1,1,1,1,True,False,False
64902,100.0,92.0,True,1,1,1,1,True,False,False
64962,100.0,92.0,True,1,1,1,1,True,False,False
65022,100.0,92.0,True,1,1,1,1,True,False,False
65082,100.0,92.0,True,1,1,1,1,True,False,False
65142,100.0,92.0,True,1,1,1,1,True,False,False
65202,100.0,92.0,True,1,1,1,1,True,False,False
65262,100.0,92.0,True,1,1,1,1,True,False,False
65322,100.0,92.0,True,1,1,1,1,True,False,False
65382,100.0,92.0,True,1,1,1,1,True,False,False
65442,100.0,92.0,True,1,1,1,1,True,False,False
65502,100.0,92.0,True,1,1,1,1,True,False,False
65562,100.0,92.0,True,1,1,1,1,True,False,False
65622,100.0,92.0,True,1,1,1,1,True,False,False
65682,100.0,92.0,True,1,1,1,1,True,False,False
65742,100.0,92.0,True,1,1,0,1,True,False,False
65802,100.0,92.0,True,1,1,0,1,True,False,False
65862,100.0,92.0,True,1,1,0,1,True,False,False
65922,100.0,92.0,True,1,1,0,1,True,False,False
65982,100.0,92.0,True,1,1,0,1,True,False,False
66042,100.0,92.0,True,1,1,0,1,True,False,False
66102,100.0,92.0,True,1,1,0,1,True,False,False
66162,100.0,92.0,True,1,1,0,1,True,False,False
66222,100.0,92.0,True,1,1,0,1,True,False,False
66282,100.0,92.0,True,1,0,0,1,True,False,False
66342,100.0,92.0,True,1,0,0,1,True,False,False
66402,100.0,92.0,True,1,0,0,1,True,False,False
66462,100.0,92.0,True,1,0,0,1,True,False,False
66522,100.0,92.0,True,1,0,0,1,True,False,False
66582,100.0,92.0,True,1,0,0,1,True,False,False
66642,100.0,92.0,True,1,0,0,1,True,False,False
66702,100.0,92.0,True,1,0,0,1,True,False,False
66762,100.0,92.0,True,1,0,0,1,True,False,False
66822,100.0,92.0,True,1,0,0,1,True,False,False
66882,100.0,92.0,True,1,0,0,1,True,False,False
71382,100.0,0.0,False,1,0,1,0,False,False,False
71442,100.0,0.0,False,0,0,1,0,False,False,False
71502,100.0,0.0,False,0,0,1,0,False,False,False
71562,100.0,0.0,False,0,0,1,0,False,False,False
71622,100.0,0.0,False,0,0,1,0,False,False,False
71682,100.0,0.0,False,0,0,1,0,False,False,False
71742,100.0,0.0,False,0,0,1,0,False,False,False
71802,100.0,0.0,False,0,0,1,0,False,False,False
71862,100.0,0.0,False,0,0,1,0,False,False,False
71922,100.0,0.0,False,0,0,1,0,False,False,False
71982,100.0,0.0,False,0,0,1,0,False,False,False
72042,100.0,0.0,False,0,0,1,0,False,False,False
72102,100.0,0.0,False,0,0,1,0,False,False,False
72162,100.0,0.0,False,0,0,1,0,False,False,False
72222,100.0,0.0,False,0,0,1,0,False,False,False
72282,100.0,0.0,False,0,0,1,0,False,False,False
72342,100.0,0.0,False,0,0,1,0,False,False,False
72402,100.0,0.0,False,0,0,1,0,False,False,False
72462,100.0,0.0,False,0,0,1,0,False,False,False
72522,100.0,0.0,False,0,0,1,0,False,False,False
72582,100.0,0.0,False,0,0,1,0,False,False,False
72642,100.0,0.0,False,0,0,1,0,False,False,False
72702,100.0,0.0,False,0,0,1,0,False,False,False
72762,100.0,0.0,False,0,0,1,0,False,False,False
72822,100.0,0.0,False,0,0,1,0,False,False,False
72882,100.0,0.0,False,0,0,1,0,False,False,False
72942,100.0,0.0,False,0,0,1,0,False,False,False
73002,100.0,0.0,False,0,0,1,0,False,False,False
73062,100.0,0.0,False,0,0,1,0,False,False,False
73122,100.0,0.0,False,0,0,1,0,False,False,False
73182,100.0,0.0,False,0,0,1,0,False,False,False
73242,100.0,0.0,False,0,0,1,0,False,False,False
73302,100.0,0.0,False,0,0,1,0,False,False,False
73362,100.0,0.0,False,0,0,1,0,False,False,False
73422,100.0,0.0,False,0,0,1,0,False,False,False
73482,100.0,0.0,False,0,0,1,0,False,False,False
73542,100.0,0.0,False,0,0,0,0,False,False,False
73602,100.0,0.0,False,0,0,0,0,False,False,False
73662,100.0,0.0,False,0,0,0,0,False,False,False
73722,100.0,0.0,False,0,0,0,0,False,False,False
73782,100.0,0.0,False,0,0,0,0,False,False,False
73842,100.0,0.0,False,0,0,0,0,False,False,False
73902,100.0,0.0,False,0,0,0,0,False,False,False
73962,100.0,0.0,False,0,0,0,0,False,False,False
74022,100.0,0.0,False,0,0,0,0,False,False,False
74082,100.0,0.0,False,0,0,0,0,False,False,False
74142,100.0,0.0,False,0,0,0,0,False,False,False
74202,100.0,0.0,False,0,0,0,0,False,False,False
74262,100.0,0.0,False,0,0,0,0,False,False,False
74322,100.0,0.0,False,0,0,0,0,False,False,False
74382,100.0,0.0,False,0,0,0,0,False,False,False
74442,100.0,0.0,False,0,0,0,0,False,False,False
74502,100.0,0.0,False,0,0,0,0,False,False,False
74562,100.0,0.0,False,0,0,0,0,False,False,False
74622,100.0,0.0,False,0,0,0,0,False,False,False
74682,100.0,0.0,False,0,0,0,0,False,False,False
74742,100.0,0.0,False,0,0,0,0,False,False,False
74802,100.0,0.0,False,0,0,0,0,False,False,False
74862,100.0,0.0,False,0,0,0,0,False,False,False
74922,100.0,0.0,False,0,0,0,0,False,False,False
74982,100.0,0.0,False,0,0,0,0,False,False,False
75042,100.0,0.0,False,0,0,0,0,False,False,False
75102,100.0,0.0,False,0,0,0,0,False,False,False
75162,72.0,0.0,False,0,0,0,0,False,False,False
75222,72.0,0.0,False,0,0,0,0,False,False,True
75282,72.0,0.0,False,0,0,0,0,False,False,True
75342,72.0,0.0,False,0,0,0,0,False,False,True
75402,72.0,0.0,False,0,0,0,0,False,False,True
75462,72.0,0.0,False,0,0,0,0,False,False,True
75522,72.0,0.0,False,0,0,0,0,False,False,True
75582,72.0,0.0,False,0,0,0,0,False,False,True
75642,72.0,0.0,False,0,0,0,0,False,False,True
75702,72.0,0.0,False,0,0,0,0,False,False,True
75762,72.0,0.0,False,0,0,0,0,False,False,True
75822,72.0,0.0,False,0,0,0,0,False,False,True
78162,100.0,100.0,False,0,0,0,0,False,False,False
78222,100.0,100.0,False,0,0,0,0,False,False,False
78282,100.0,100.0,False,0,0,0,0,False,False,False
78342,100.0,100.0,False,0,0,0,0,False,False,False
78402,100.0,100.0,False,0,0,0,0,False,False,False
78462,100.0,100.0,False,0,0,0,0,False,False,False
78522,100.0,100.0,False,0,0,0,0,False,False,False
78582,100.0,100.0,False,0,0,0,0,False,False,False
78642,100.0,100.0,False,0,0,0,0,False,False,False
78702,100.0,100.0,False,0,0,0,0,False,False,False
78762,100.0,100.0,False,0,0,0,0,False,False,False
78822,100.0,100.0,False,0,0,0,0,False,False,False
78882,100.0,100.0,False,0,0,0,0,False,False,False
78942,100.0,100.0,False,0,0,0,0,False,False,False
79002,100.0,100.0,False,0,0,0,0,False,False,False
79062,100.0,100.0,False,0,0,0,0,False,False,False
79122,100.0,100.0,False,0,0,0,0,False,False,False
79182,100.0,100.0,False,0,0,0,0,False,False,False
79242,100.0,100.0,False,0,0,0,0,False,False,False
79302,100.0,100.0,False,0,0,0,0,False,False,False
79362,6.0,100.0,False,0,0,0,0,False,False,False
82842,100.0,100.0,True,1,0,0,0,False,False,False
82902,100.0,100.0,True,1,0,0,0,False,False,False
82962,100.0,100.0,True,1,0,0,0,False,False,False
83022,100.0,100.0,True,1,0,0,0,False,False,False
83082,100.0,100.0,True,1,0,0,0,False,False,False
83142,100.0,100.0,True,1,0,0,0,False,False,False
83202,100.0,100.0,True,1,0,0,0,False,False,False
83262,100.0,100.0,True,0,0,0,0,False,False,False
83322,100.0,100.0,True,0,0,0,0,False,False,False
83382,100.0,100.0,True,0,0,0,0,False,False,False
83442,100.0,100.0,True,0,0,0,0,False,False,False
83502,100.0,100.0,True,0,0,0,0,False,False,False
83562,100.0,100.0,True,0,0,0,0,False,False,False
83622,100.0,100.0,True,0,0,0,0,False,False,False
83682,100.0,100.0,True,0,0,0,0,False,False,False
83742,100.0,100.0,True,0,0,0,0,False,False,False
83802,100.0,100.0,True,0,0,0,0,False,False,False
83862,100.0,100.0,True,0,0,0,0,False,False,False
83922,100.0,100.0,True,0,0,0,0,False,False,False
83982,100.0,100.0,True,0,0,0,0,False,False,False
84042,100.0,100.0,True,0,0,0,0,False,False,False
84102,100.0,100.0,True,0,0,0,0,False,False,False
84162,100.0,100.0,True,0,0,0,0,False,False,False
84222,100.0,100.0,True,0,0,0,0,False,False,False
84282,100.0,100.0,True,0,0,0,0,False,False,False
84342,100.0,100.0,True,0,0,0,0,False,False,False
84402,100.0,100.0,True,0,0,0,0,False,False,False
84462,100.0,100.0,True,0,0,0,0,False,False,False
84522,100.0,100.0,True,0,0,0,0,False,False,False
84582,100.0,100.0,True,0,0,0,0,False,False,False
84642,100.0,100.0,True,0,0,0,0,False,False,False
84702,100.0,100.0,True,0,0,0,0,False,False,False
84762,100.0,100.0,True,1,0,0,0,False,False,True
84822,100.0,100.0,True,1,0,0,0,False,False,True
84882,100.0,100.0,True,1,0,0,0,False,False,True
84942,100.0,100.0,True,0,0,0,0,False,False,True
85002,100.0,100.0,True,0,0,0,0,False,False,True
85062,100.0,100.0,True,0,0,0,0,False,False,True
85122,100.0,100.0,True,0,0,0,0,False,False,True
85182,100.0,100.0,True,0,0,0,0,False,False,True
85242,100.0,100.0,True,0,0,0,0,False,False,True
85302,100.0,100.0,True,0,0,0,0,False,False,True
85362,100.0,100.0,True,0,0,0,0,False,False,True
85422,100.0,100.0,True,0,0,0,0,False,False,True
85482,100.0,100.0,True,0,0,0,0,False,False,True
85542,100.0,100.0,True,0,0,0,0,False,False,True
85602,100.0,100.0,True,0,0,0,0,False,False,True
85662,100.0,100.0,True,0,0,0,0,False,False,True
85722,100.0,100.0,True,0,0,0,0,False,False,True
85782,100.0,100.0,True,0,0,0,0,False,False,True
85842,100.0,100.0,True,0,0,0,0,False,False,True
85902,100.0,100.0,True,0,0,0,0,False,False,True
85962,100.0,100.0,True,0,0,0,0,False,False,True
86022,100.0,100.0,True,0,0,0,0,False,False,True
87342,100.0,100.0,True,1,1,0,1,False,False,False
87402,100.0,100.0,True,1,1,0,1,False,True,False
87462,100.0,100.0,True,1,1,0,1,False,True,False
87522,100.0,100.0,True,1,1,0,1,False,True,False
87582,100.0,100.0,True,0,1,0,1,False,True,False
87642,100.0,100.0,True,0,1,0,1,False,True,False
87702,100.0,100.0,True,0,1,0,1,False,True,False
87762,100.0,100.0,True,0,0,0,1,False,True,False
87822,100.0,100.0,True,0,0,0,1,False,True,False
87882,100.0,100.0,True,0,0,0,1,False,True,False
87942,100.0,100.0,True,0,0,0,1,False,True,False
88002,100.0,100.0,True,0,0,0,1,False,True,False
88062,100.0,100.0,True,0,0,0,1,False,True,False
88122,100.0,100.0,True,0,0,0,1,False,True,False
88182,100.0,100.0,True,0,0,0,1,False,False,False
88242,100.0,100.0,True,0,0,0,1,False,False,False
88302,100.0,100.0,True,0,0,0,1,False,False,False
88362,100.0,100.0,True,0,0,0,1,False,False,False
88422,100.0,100.0,True,0,0,0,1,False,False,False
88482,100.0,100.0,True,0,0,0,1,False,False,False
88542,80.0,100.0,True,0,0,0,1,False,False,False
88602,80.0,100.0,True,0,0,0,1,False,False,False
88662,77.0,100.0,True,0,0,0,1,False,False,False
88722,77.0,100.0,True,0,0,0,1,False,False,False
88782,77.0,100.0,True,0,0,0,0,False,False,False
88842,77.0,100.0,True,0,0,0,0,False,False,False
88902,77.0,100.0,True,0,0,0,0,False,False,False
88962,77.0,100.0,True,0,0,0,0,False,False,False
89022,77.0,100.0,True,0,0,0,0,False,False,False
89082,77.0,100.0,True,0,0,0,0,False,False,False
89142,77.0,100.0,True,0,0,0,0,False,False,False
89202,77.0,100.0,True,0,0,0,0,False,False,False
89262,77.0,100.0,True,0,0,0,0,False,False,False
89322,77.0,100.0,True,0,0,0,0,False,False,False
89382,77.0,100.0,True,0,0,0,0,False,False,False
89442,77.0,100.0,True,0,0,0,0,False,False,True
89502,77.0,100.0,True,0,0,0,0,False,False,True
89562,77.0,100.0,True,0,0,0,0,False,False,True
89622,77.0,100.0,True,0,0,0,0,False,False,True
89682,77.0,100.0,True,0,0,0,0,False,False,True
89742,77.0,100.0,True,0,0,0,0,False,False,True
89802,77.0,100.0,True,0,0,0,0,False,False,True
89862,77.0,100.0,True,0,0,0,0,False,False,True
89922,77.0,100.0,True,0,0,0,0,False,False,True
89982,77.0,100.0,True,0,0,0,0,False,False,True
90042,77.0,100.0,True,0,0,0,0,False,False,True
90102,77.0,100.0,True,0,0,0,0,False,False,True
90162,77.0,100.0,True,0,0,0,0,False,False,True
91482,100.0,100.0,True,0,0,0,0,False,False,False
91542,100.0,100.0,True,0,0,0,0,False,False,False
91602,100.0,100.0,True,0,0,0,0,False,False,False
91662,100.0,100.0,True,0,0,0,0,False,False,False
91722,100.0,100.0,True,0,0,0,0,False,False,False
91782,100.0,100.0,True,0,0,0,0,False,False,False
91842,100.0,100.0,True,0,0,0,0,False,False,False
91902,100.0,100.0,True,0,0,0,0,False,False,False
91962,100.0,100.0,True,0,0,0,0,False,False,False
92022,100.0,100.0,True,0,0,0,0,False,False,False
92082,100.0,100.0,True,0,0,0,0,False,False,False
92142,100.0,100.0,True,0,0,0,0,False,False,False
92202,100.0,100.0,True,0,0,0,0,False,False,False
92262,100.0,100.0,True,0,0,0,0,False,False,False
92322,100.0,100.0,True,0,0,0,0,False,False,False
92382,100.0,100.0,True,0,0,0,0,False,False,False
92442,100.0,100.0,True,0,0,0,0,False,False,False
92502,100.0,100.0,True,0,0,0,0,False,False,False
92562,97.0,100.0,True,0,0,0,0,False,False,False
92622,97.0,100.0,True,0,0,0,0,False,False,False
92682,97.0,100.0,True,0,0,0,0,False,False,False
92742,97.0,100.0,True,0,0,0,0,False,False,False
92802,97.0,100.0,True,0,0,0,0,False,False,False
92862,97.0,100.0,True,0,0,0,0,False,False,False
92922,97.0,100.0,True,0,0,0,0,False,False,False
92982,97.0,100.0,True,0,0,0,0,False,False,False
93042,97.0,100.0,True,0,0,0,0,False,False,False
93102,97.0,100.0,True,0,0,0,0,False,False,False
93162,97.0,100.0,True,0,0,0,0,False,False,False
93222,97.0,100.0,True,0,0,0,0,False,False,False
93282,97.0,100.0,True,0,0,0,0,False,False,False
93342,97.0,100.0,True,0,0,0,0,False,False,False
93402,97.0,100.0,True,0,0,0,0,False,False,False
93462,97.0,100.0,True,0,0,0,0,False,False,False
93522,97.0,100.0,True,0,0,0,0,False,False,False
93582,97.0,100.0,True,0,0,0,0,False,False,False
93642,97.0,100.0,True,0,0,0,0,False,False,False
93702,97.0,100.0,True,0,0,0,0,False,False,False
93762,97.0,100.0,True,0,0,0,0,False,False,False
93822,97.0,100.0,True,0,0,0,0,False,False,False
93882,97.0,100.0,True,0,0,0,0,False,False,False
93942,97.0,100.0,True,0,0,0,0,False,False,False
94002,97.0,100.0,True,0,0,0,0,False,False,False
94062,65.0,94.0,True,0,0,0,0,False,False,False
94122,65.0,94.0,True,0,0,0,0,False,False,True
94182,65.0,94.0,True,0,0,0,0,False,False,True
94242,65.0,94.0,True,0,0,0,1,False,False,True
94302,65.0,94.0,True,0,0,0,1,False,False,True
94362,65.0,94.0,True,0,0,0,1,False,False,True
94422,65.0,94.0,True,0,0,0,1,False,False,True
94482,65.0,94.0,True,0,0,0,1,False,False,True
94542,65.0,94.0,True,0,0,0,1,False,False,True
94602,65.0,94.0,True,0,0,0,1,False,False,True
94662,65.0,94.0,True,0,0,0,1,False,False,True
94722,65.0,94.0,True,0,0,0,1,False,False,True
94782,65.0,94.0,True,0,0,0,1,False,False,True
94842,65.0,94.0,True,0,0,0,1,False,False,True
94902,65.0,94.0,True,0,0,0,1,False,False,True
94962,65.0,94.0,True,0,0,0,1,False,False,True
95022,65.0,94.0,True,0,0,0,1,False,False,True
95082,65.0,94.0,True,0,0,0,1,False,False,True
95142,65.0,94.0,True,0,0,0,1,False,False,True
95202,65.0,94.0,True,0,0,0,1,False,False,True
95262,65.0,94.0,True,0,0,0,1,False,False,True
95322,65.0,94.0,True,0,0,0,1,False,False,True
95382,65.0,94.0,True,0,0,0,1,False,False,True
95442,65.0,94.0,True,0,0,0,1,False,False,True
95502,65.0,94.0,True,0,0,0,0,False,False,True
95562,65.0,94.0,True,0,0,0,0,False,False,True
95622,65.0,94.0,True,0,0,0,0,False,False,True
95682,65.0,94.0,True,0,0,0,0,False,False,True
95742,65.0,94.0,True,0,0,0,0,False,False,True
95802,65.0,94.0,True,0,0,0,0,False,False,True
95862,65.0,94.0,True,0,0,0,0,False,False,True
95922,65.0,94.0,True,0,0,0,0,False,False,True
95982,65.0,94.0,True,0,0,0,0,False,False,True
96042,65.0,94.0,True,0,0,0,0,False,False,True
96102,65.0,94.0,True,0,0,0,0,False,False,True
96162,65.0,94.0,True,0,0,0,0,False,False,True
96222,65.0,94.0,True,0,0,0,0,False,False,True
96282,65.0,94.0,True,0,0,0,0,False,False,True
96342,65.0,94.0,True,0,0,0,0,False,False,True
96402,65.0,94.0,True,0,0,0,0,False,False,True
96462,65.0,94.0,True,0,0,0,0,False,False,True
96522,65.0,94.0,True,0,0,0,0,False,False,True
96582,65.0,94.0,True,0,0,0,0,False,False,True
96642,65.0,94.0,True,0,0,0,0,False,False,True
96702,65.0,94.0,True,0,0,0,0,False,False,True
96762,65.0,94.0,True,0,0,0,0,False,False,False
96822,65.0,94.0,True,0,0,0,0,False,False,False
96882,65.0,94.0,True,0,0,0,0,False,False,False
96942,65.0,94.0,True,0,0,0,0,False,False,False
97002,65.0,94.0,True,0,0,0,0,False,False,False
97062,65.0,94.0,True,0,0,0,0,False,False,False
97122,65.0,94.0,True,0,0,0,0,False,False,False
98502,100.0,94.0,True,1,1,1,1,False,False,False
98562,100.0,94.0,True,1,1,1,1,False,False,False
98622,100.0,94.0,True,1,1,1,1,False,False,False
98682,100.0,94.0,True,1,1,1,1,False,False,False
98742,100.0,94.0,True,1,1,1,1,False,False,False
98802,100.0,94.0,True,1,1,1,1,False,False,False
98862,100.0,94.0,True,1,1,1,1,False,False,False
98922,100.0,94.0,True,1,1,1,1,False,False,False
98982,100.0,94.0,True,1,1,1,1,False,False,False
99042,100.0,94.0,True,1,1,1,1,False,False,False
99102,100.0,94.0,True,1,1,1,1,False,False,False
99162,100.0,94.0,True,1,1,1,1,False,False,False
99222,100.0,94.0,True,1,1,1,1,False,False,False
99282,100.0,94.0,True,1,1,1,1,False,False,False
99342,100.0,94.0,True,1,1,1,1,False,False,False
99402,75.0,89.0,True,1,1,1,1,False,False,False
99462,75.0,89.0,True,1,1,1,1,False,False,False
99522,75.0,89.0,True,1,1,1,1,False,False,False
99582,75.0,89.0,True,1,1,1,1,False,False,False
99642,75.0,89.0,True,0,1,1,1,False,False,False
99702,75.0,89.0,True,0,1,1,1,False,False,False
99762,75.0,89.0,True,0,1,1,1,False,False,False
99822,75.0,89.0,True,0,1,1,1,False,False,False
99882,75.0,89.0,True,0,1,1,0,False,False,False
99942,75.0,89.0,True,0,1,1,0,False,False,False
100002,75.0,89.0,True,0,1,1,0,False,False,False
100062,75.0,89.0,True,0,1,1,0,False,False,False
100122,75.0,89.0,True,1,1,1,0,False,False,False
100182,75.0,89.0,True,1,1,1,0,False,False,True
100242,75.0,89.0,True,1,1,1,0,False,False,True
100302,75.0,89.0,True,1,1,1,0,False,False,True
100362,75.0,89.0,True,1,1,1,0,False,False,True
100422,75.0,89.0,True,1,1,1,0,False,False,True
100482,75.0,89.0,True,1,1,1,0,False,False,True
100542,75.0,89.0,True,1,1,1,0,False,False,True
100602,75.0,89.0,True,1,1,1,0,False,False,True
100662,75.0,89.0,True,1,1,1,0,False,False,True
100722,75.0,89.0,True,1,1,1,0,False,False,True
100782,75.0,89.0,True,1,1,1,0,False,False,True
100842,75.0,89.0,True,0,1,1,0,False,False,True
100902,75.0,89.0,True,0,1,1,0,False,False,True
100962,75.0,89.0,True,0,1,1,0,False,False,True
101022,75.0,89.0,True,0,1,1,0,False,False,True
101082,75.0,89.0,True,0,1,1,0,False,False,True
101142,75.0,89.0,True,0,1,1,0,False,False,True
101202,75.0,89.0,True,0,1,1,0,False,False,True
101262,75.0,89.0,True,0,1,1,0,False,False,True
101322,75.0,89.0,True,0,1,1,0,False,False,True
101382,75.0,89.0,True,0,1,1,0,False,False,True
101442,75.0,89.0,True,0,1,1,0,False,False,True
101502,75.0,89.0,True,0,1,1,0,False,False,True
101562,75.0,89.0,True,0,1,1,0,False,False,True
101622,75.0,89.0,True,0,1,1,0,False,False,True
101682,75.0,89.0,True,0,1,1,0,False,False,True
101742,75.0,89.0,True,0,1,1,0,False,False,True
101802,75.0,89.0,True,0,1,1,0,False,False,True
101862,75.0,89.0,True,0,1,1,0,False,False,True
101922,75.0,89.0,True,0,1,1,0,False,False,True
101982,75.0,89.0,True,0,1,1,0,False,False,True
102042,75.0,89.0,True,0,1,1,0,False,False,True
102102,75.0,89.0,True,0,1,1,0,False,False,True
102162,75.0,89.0,True,0,1,1,0,False,False,True
102222,75.0,89.0,True,0,1,1,0,False,False,True
102282,75.0,89.0,True,0,1,1,0,False,False,True
102342,75.0,89.0,True,0,1,1,0,False,False,True
102402,75.0,89.0,True,0,1,1,0,False,False,True
102462,75.0,89.0,True,0,1,1,0,False,False,True
102522,75.0,89.0,True,0,1,1,1,False,False,True
102582,75.0,89.0,True,0,1,1,1,False,False,True
102642,75.0,89.0,True,0,1,1,1,False,False,True
102702,75.0,89.0,True,0,1,1,1,False,False,True
102762,75.0,89.0,True,0,1,1,1,False,False,True
102822,20.0,35.0,True,0,1,1,1,False,False,False
102882,20.0,35.0,True,0,1,1,1,False,False,False
104562,100.0,100.0,True,1,1,1,1,False,False,False
104622,100.0,100.0,True,1,1,1,1,False,False,False
104682,100.0,100.0,True,1,1,1,1,False,False,False
104742,100.0,100.0,True,1,1,1,1,False,False,False
104802,100.0,100.0,True,1,1,1,1,False,False,False
104862,100.0,100.0,True,1,1,1,1,False,False,False
104922,100.0,100.0,True,1,1,1,1,False,False,False
104982,100.0,100.0,True,1,1,1,1,False,False,False
105042,100.0,100.0,True,1,1,1,1,False,False,False
105102,100.0,100.0,True,1,1,1,1,False,False,False
105162,100.0,100.0,True,1,0,1,1,False,False,False
105222,91.0,95.0,True,1,0,1,1,False,False,False
105282,91.0,95.0,True,1,0,1,1,False,False,False
105342,91.0,95.0,True,1,0,1,1,False,False,False
105402,91.0,95.0,True,1,0,1,1,False,False,False
105462,91.0,95.0,True,1,0,1,1,False,False,False
105522,91.0,95.0,True,1,0,1,1,False,False,False
105582,91.0,95.0,True,1,0,1,1,False,False,False
105642,91.0,95.0,True,1,0,1,1,False,False,False
105702,91.0,95.0,True,1,0,1,1,False,False,False
105762,91.0,95.0,True,1,0,1,1,False,False,False
105822,91.0,95.0,True,1,0,1,1,False,False,False
105882,91.0,95.0,True,1,0,1,1,False,False,False
105942,91.0,95.0,True,1,0,1,1,False,False,False
106002,17.0,95.0,True,1,0,1,1,False,False,False
106062,17.0,95.0,True,1,0,1,1,False,False,False
106122,17.0,95.0,True,1,0,1,1,False,False,False
106182,17.0,95.0,True,1,0,1,1,False,False,False
106242,17.0,95.0,True,1,0,1,1,False,False,False
106302,17.0,95.0,True,1,0,1,1,False,False,False
106362,17.0,95.0,True,1,0,1,1,False,False,False
106422,17.0,95.0,True,1,0,1,1,False,False,False
106482,17.0,95.0,True,1,0,1,1,False,False,False
106542,17.0,95.0,True,1,0,1,1,False,False,False
106602,17.0,95.0,True,1,0,1,1,False,False,False
106662,17.0,95.0,True,1,0,1,1,False,False,False
108462,100.0,100.0,True,0,1,0,0,False,False,False
108522,100.0,100.0,True,0,1,0,0,False,False,False
108582,100.0,100.0,True,0,1,0,0,False,False,False
108642,100.0,100.0,True,0,1,0,0,False,False,False
108702,100.0,100.0,True,0,1,0,0,False,False,False
108762,100.0,100.0,True,0,1,0,0,False,False,False
108822,100.0,100.0,True,0,0,0,0,False,False,False
108882,100.0,100.0,True,0,0,0,0,False,False,False
108942,100.0,100.0,True,0,0,0,0,False,False,False
109002,100.0,100.0,True,0,0,0,0,False,False,False
109062,100.0,100.0,True,0,0,0,0,False,False,False
109122,100.0,100.0,True,0,0,0,0,False,False,False
109182,100.0,100.0,True,0,0,0,0,False,False,False
109242,100.0,100.0,True,0,0,0,0,False,False,False
109302,100.0,100.0,True,0,0,0,0,False,False,False
109362,100.0,100.0,True,0,0,0,0,False,False,False
109422,100.0,100.0,True,0,0,0,0,False,False,False
109482,100.0,100.0,True,0,0,0,0,False,False,False
109542,100.0,100.0,True,0,0,0,0,False,False,False
109602,100.0,100.0,True,0,0,0,0,False,False,False
109662,100.0,100.0,True,0,0,0,0,False,False,False
109722,100.0,100.0,True,0,0,0,0,False,False,False
109782,100.0,100.0,True,0,0,0,0,False,False,False
109842,100.0,100.0,True,0,0,0,0,False,False,False
109902,100.0,100.0,True,0,0,0,0,False,False,False
109962,100.0,100.0,True,0,0,0,0,False,False,False
110022,100.0,100.0,True,0,0,0,0,False,False,False
110082,100.0,100.0,True,0,0,0,0,False,False,False
110142,100.0,100.0,True,0,0,0,0,False,False,False
110202,100.0,100.0,True,0,0,0,0,False,False,False
110262,100.0,100.0,True,0,0,0,0,False,False,False
110322,100.0,100.0,True,0,0,0,0,False,False,False
110382,100.0,100.0,True,0,0,0,0,False,False,False
110442,100.0,100.0,True,0,0,0,0,False,False,False
110502,100.0,100.0,True,0,0,0,0,False,False,False
110562,100.0,100.0,True,0,0,0,0,False,False,False
110622,100.0,100.0,True,0,0,0,0,False,False,False
110682,100.0,100.0,True,1,0,0,0,False,False,False
110742,100.0,100.0,True,1,0,0,0,False,False,False
110802,100.0,100.0,True,1,0,0,0,False,False,False
110862,100.0,100.0,True,1,0,0,0,False,False,False
110922,100.0,100.0,True,1,0,0,0,False,False,False
112302,100.0,100.0,True,1,1,0,1,False,False,False
112362,100.0,100.0,True,1,1,0,1,False,False,False
112422,100.0,100.0,True,1,1,0,1,False,False,False
112482,100.0,100.0,True,1,1,0,1,False,False,False
112542,100.0,100.0,True,1,1,0,1,False,False,False
112602,100.0,100.0,True,1,1,0,1,False,False,False
112662,100.0,100.0,True,1,1,0,1,False,False,False
112722,100.0,100.0,True,1,1,0,1,False,False,False
112782,100.0,100.0,True,1,1,0,1,False,False,False
112842,100.0,100.0,True,1,1,0,1,False,False,False
112902,100.0,100.0,True,1,1,0,1,False,False,False
112962,100.0,100.0,True,1,1,0,1,False,False,False
113022,100.0,100.0,True,1,1,0,1,False,False,False
113082,100.0,100.0,True,1,1,0,1,False,False,False
113142,100.0,100.0,True,1,1,0,1,False,False,False
113202,100.0,100.0,True,1,1,0,1,False,False,False
113262,100.0,100.0,True,1,1,0,1,False,False,False
113322,100.0,100.0,True,1,1,0,1,False,False,False
113382,100.0,100.0,True,1,1,0,1,False,False,False
113442,100.0,100.0,True,1,1,0,1,False,False,False
113502,100.0,100.0,True,1,1,0,1,False,False,False
113562,100.0,100.0,True,1,1,0,1,False,False,False
113622,100.0,100.0,True,1,1,0,1,False,False,False
113682,100.0,100.0,True,1,1,0,1,False,False,False
113742,100.0,100.0,True,1,1,0,1,False,False,False
113802,100.0,100.0,True,1,1,0,1,False,False,False
113862,100.0,100.0,True,1,1,0,1,False,False,False
113922,100.0,100.0,True,1,1,0,1,False,False,False
113982,100.0,100.0,True,1,1,0,1,False,False,False
114042,100.0,100.0,True,1,1,0,1,False,False,False
114102,100.0,100.0,True,1,1,0,1,False,False,False
114162,100.0,100.0,True,1,1,0,1,False,False,False
114222,100.0,100.0,True,1,1,0,1,False,False,False
114282,100.0,100.0,True,1,1,0,1,False,False,False
114342,100.0,100.0,True,1,1,0,1,False,False,False
114402,100.0,100.0,True,1,1,0,1,False,False,False
114462,100.0,100.0,True,1,1,0,1,False,False,False
114522,100.0,100.0,True,1,1,0,1,False,False,False
114582,100.0,100.0,True,1,1,0,1,False,False,False
114642,100.0,100.0,True,1,1,0,1,False,False,False
114702,100.0,100.0,True,1,1,0,1,False,False,False
114762,100.0,100.0,True,1,1,0,1,False,False,False
114822,100.0,100.0,True,1,1,0,1,False,True,False
114882,100.0,100.0,True,1,1,0,1,False,True,False
114942,100.0,100.0,True,1,1,0,1,False,True,False
115002,100.0,100.0,True,1,1,0,1,False,True,False
115062,100.0,100.0,True,1,1,0,1,False,True,False
115122,100.0,100.0,True,1,1,0,1,False,True,False
115182,100.0,100.0,True,1,1,0,1,False,True,False
115242,100.0,100.0,True,1,1,0,1,False,True,False
115302,100.0,100.0,True,1,1,0,1,False,True,False
115362,100.0,100.0,True,1,1,0,1,False,True,False
115422,100.0,100.0,True,1,1,0,1,False,True,False
115482,100.0,100.0,True,1,1,0,1,False,True,False
115542,100.0,100.0,True,1,1,0,1,False,True,False
115602,100.0,100.0,True,1,1,0,1,False,True,False
115662,100.0,100.0,True,1,1,0,1,False,True,False
115722,100.0,100.0,True,1,1,0,1,False,True,False
115782,100.0,100.0,True,1,1,0,1,False,True,False
115842,100.0,100.0,True,1,1,0,1,False,True,False
115902,100.0,100.0,True,1,1,0,1,False,True,False
115962,100.0,100.0,True,1,1,0,1,False,True,False
116022,100.0,100.0,True,1,1,0,1,False,True,False
116082,100.0,100.0,True,1,1,0,1,False,True,False
116142,100.0,100.0,True,1,1,0,1,False,True,False
116202,100.0,100.0,True,1,1,0,1,False,True,False
116262,57.0,99.0,True,1,1,0,1,False,True,False
116322,16.0,98.0,True,1,1,0,1,False,True,False
116382,16.0,98.0,True,1,1,0,1,False,True,False
118962,100.0,100.0,True,1,1,0,0,False,False,False
119022,100.0,100.0,True,1,1,0,0,False,False,False
119082,100.0,100.0,True,1,1,0,0,False,False,False
119142,100.0,100.0,True,1,1,0,0,False,False,False
119202,100.0,100.0,True,0,1,0,0,False,False,False
119262,100.0,100.0,True,0,1,0,0,False,False,False
119322,100.0,100.0,True,0,1,0,0,False,False,False
119382,100.0,100.0,True,0,1,0,0,False,False,False
119442,100.0,100.0,True,0,0,0,0,False,False,False
119502,100.0,100.0,True,0,0,0,0,False,False,False
119562,100.0,100.0,True,0,0,0,0,False,False,False
119622,100.0,100.0,True,0,0,0,0,False,False,False
119682,100.0,100.0,True,0,0,0,0,False,False,False
119742,100.0,100.0,True,0,0,0,0,False,False,False
119802,100.0,100.0,True,0,0,0,0,False,False,False
119862,100.0,100.0,True,0,0,0,0,False,False,False
119922,100.0,100.0,True,0,0,0,0,False,False,False
119982,100.0,100.0,True,0,0,0,0,False,False,False
120042,100.0,100.0,True,0,0,0,0,False,False,False
120102,100.0,100.0,True,0,0,0,0,False,False,False
120162,100.0,100.0,True,0,0,0,0,False,False,False
120222,100.0,100.0,True,0,0,0,0,False,False,False
120282,100.0,100.0,True,0,0,0,0,False,False,False
122862,100.0,100.0,True,0,0,0,0,False,False,False
122922,100.0,100.0,True,0,0,0,0,False,False,False
122982,100.0,100.0,True,0,0,0,0,False,False,False
123042,100.0,100.0,True,0,0,0,0,False,False,False
123102,100.0,100.0,True,0,0,0,0,False,False,False
123162,100.0,100.0,True,0,0,0,0,False,False,False
123222,100.0,100.0,True,0,0,0,0,False,False,False
123282,100.0,100.0,True,0,0,0,0,False,False,False
123342,100.0,100.0,True,0,0,0,0,False,False,False
123402,100.0,100.0,True,0,0,0,0,False,False,False
123462,100.0,100.0,True,0,0,0,0,False,False,False
123522,100.0,100.0,True,0,0,0,0,False,False,False
123582,100.0,100.0,True,0,0,0,0,False,False,False
123642,100.0,100.0,True,0,0,0,0,False,False,False
123702,100.0,100.0,True,0,0,0,0,False,False,False
123762,100.0,100.0,True,0,0,0,0,False,False,False
123822,100.0,100.0,True,0,0,0,0,False,False,False
123882,100.0,100.0,True,0,0,0,0,False,False,False
123942,100.0,100.0,True,0,0,0,0,False,False,False
124002,100.0,100.0,True,0,0,0,0,False,False,False
124062,100.0,100.0,True,0,0,0,0,False,False,False
124122,100.0,100.0,True,0,0,0,0,False,False,False
124182,100.0,100.0,True,0,0,0,0,False,False,False
124242,100.0,100.0,True,0,0,0,0,False,False,False
124302,100.0,100.0,True,0,0,0,0,False,False,False
124362,100.0,100.0,True,0,0,0,0,False,False,False
124422,100.0,100.0,True,0,0,0,0,False,False,False
124482,100.0,100.0,True,0,0,0,0,False,False,False
124542,100.0,100.0,True,0,0,0,0,False,False,False
124602,100.0,100.0,True,0,0,0,0,False,False,False
124662,100.0,100.0,True,0,0,0,0,False,False,False
124722,100.0,100.0,True,0,0,0,0,False,False,False
124782,100.0,100.0,True,0,0,0,0,False,False,False
124842,100.0,100.0,True,0,0,0,0,False,False,False
124902,100.0,100.0,True,0,0,0,0,False,False,False
124962,100.0,100.0,True,0,0,0,0,False,False,False
125022,100.0,100.0,True,0,0,0,0,False,False,False
125082,100.0,100.0,True,0,0,0,0,False,False,False
125142,100.0,100.0,True,0,0,0,0,False,False,False
125202,100.0,100.0,True,0,0,0,0,False,False,False
125262,100.0,100.0,True,0,0,0,0,False,False,False
125322,100.0,100.0,True,0,0,0,0,False,False,False
125382,100.0,100.0,True,0,0,0,0,False,False,False
125442,100.0,100.0,True,0,0,0,0,False,False,False
125502,100.0,100.0,True,0,0,0,0,False,False,False
125562,100.0,100.0,True,0,0,0,0,False,False,False
125622,100.0,100.0,True,0,0,0,0,False,False,False
125682,100.0,100.0,True,0,0,0,0,False,False,False
125742,100.0,100.0,True,0,0,0,0,False,False,False
125802,100.0,100.0,True,0,0,0,0,False,False,False
125862,100.0,100.0,True,0,0,0,0,False,False,False
125922,100.0,100.0,True,0,0,0,0,False,False,False
125982,100.0,100.0,True,0,0,0,0,False,False,False
126042,100.0,100.0,True,0,0,0,0,False,False,False
126102,100.0,100.0,True,0,0,0,0,False,False,False
126162,100.0,100.0,True,0,0,0,0,False,False,False
126222,100.0,100.0,True,0,0,0,0,False,False,False
126282,100.0,100.0,True,0,0,0,0,False,False,False
126342,100.0,100.0,True,0,0,0,0,False,False,False
126402,100.0,100.0,True,0,0,0,0,False,False,False
126462,100.0,100.0,True,0,0,0,0,False,False,False
126522,100.0,100.0,True,0,0,0,0,False,False,False
126582,100.0,100.0,True,0,0,0,0,False,False,False
126642,100.0,100.0,True,0,0,0,0,False,False,False
126702,100.0,100.0,True,0,0,0,0,False,False,False
126762,100.0,100.0,True,0,0,0,0,False,False,False
126822,100.0,100.0,True,0,0,0,0,False,False,False
126882,100.0,100.0,True,0,0,0,0,False,False,False
126942,100.0,100.0,True,0,0,0,0,False,False,False
127002,100.0,100.0,True,0,0,0,0,False,False,False
127062,100.0,100.0,True,0,0,0,0,False,False,False
127122,100.0,100.0,True,0,0,0,0,False,False,False
127182,100.0,100.0,True,0,0,0,0,False,False,False
127242,100.0,100.0,True,0,0,0,0,False,False,False
127302,100.0,100.0,True,0,0,0,0,False,False,False
127362,100.0,100.0,True,0,0,0,0,False,False,False
127422,100.0,100.0,True,0,0,0,0,False,False,False
127482,100.0,100.0,True,0,0,0,0,False,False,False
127542,100.0,100.0,True,0,0,0,0,False,False,False
127602,100.0,100.0,True,0,0,0,0,False,False,False
127662,100.0,100.0,True,0,0,0,0,False,False,False
127722,100.0,100.0,True,0,0,0,0,False,False,False
127782,100.0,100.0,True,0,0,0,0,False,False,False
127842,100.0,100.0,True,0,0,0,0,False,False,False
127902,100.0,100.0,True,0,0,0,0,False,False,False
127962,100.0,100.0,True,0,0,0,0,False,False,False
128022,100.0,100.0,True,0,0,0,0,False,False,False
128082,100.0,100.0,True,0,0,0,0,False,False,False
128142,100.0,100.0,True,0,0,0,0,False,False,False
128202,100.0,100.0,True,0,0,0,0,False,False,False
128262,100.0,100.0,True,0,0,0,0,False,False,False
128322,100.0,100.0,True,0,0,0,0,False,False,False
128382,100.0,100.0,True,0,0,0,0,False,False,False
128442,100.0,100.0,True,0,0,0,0,False,False,False
128502,100.0,100.0,True,0,0,0,0,False,False,False
128562,100.0,100.0,True,0,0,0,0,False,False,False
128622,100.0,100.0,True,0,0,0,0,False,False,False
128682,100.0,100.0,True,0,0,0,0,False,False,False
128742,100.0,100.0,True,0,0,0,0,False,False,False
128802,100.0,100.0,True,0,0,0,0,False,False,False
128862,100.0,100.0,True,0,0,0,0,False,False,False
128922,100.0,100.0,True,0,0,0,0,False,False,False
130722,100.0,100.0,True,1,0,0,0,False,False,False
130782,100.0,100.0,True,1,0,0,0,False,False,False
130842,100.0,100.0,True,1,0,0,0,False,False,False
130902,100.0,100.0,True,1,0,0,0,False,False,False
130962,100.0,100.0,True,1,0,0,0,False,False,False
131022,100.0,100.0,True,1,0,0,0,False,False,False
131082,100.0,100.0,True,1,0,0,0,False,False,False
131142,100.0,100.0,True,1,0,0,0,False,False,False
131202,100.0,100.0,True,1,0,0,0,False,False,False
131262,100.0,100.0,True,1,0,0,0,False,False,False
131322,100.0,100.0,True,1,0,0,0,False,False,False
131382,100.0,100.0,True,1,0,0,0,False,False,False
131442,100.0,100.0,True,1,0,0,0,False,False,False
131502,100.0,100.0,True,1,0,0,0,False,False,False
131562,100.0,100.0,True,1,0,0,0,False,False,False
131622,100.0,100.0,True,1,0,0,0,False,False,False
131682,100.0,100.0,True,1,0,0,0,False,False,False
131742,100.0,100.0,True,1,0,0,0,False,False,False
131802,100.0,100.0,True,1,0,0,0,False,False,False
131862,100.0,100.0,True,1,0,0,0,False,False,False
131922,100.0,100.0,True,1,0,0,0,False,False,False
131982,100.0,100.0,True,1,0,0,0,False,False,False
132042,100.0,100.0,True,1,0,0,0,False,False,False
132102,100.0,100.0,True,1,0,0,0,False,False,False
132162,100.0,100.0,True,1,0,0,0,False,False,False
132222,100.0,100.0,True,1,0,0,0,False,False,False
132282,100.0,100.0,True,1,0,0,0,False,False,False
132342,100.0,100.0,True,1,0,0,0,False,False,False
132402,100.0,100.0,True,1,0,0,0,False,False,False
132462,100.0,100.0,True,1,0,0,0,False,False,False
132522,100.0,100.0,True,1,0,0,0,False,False,False
132582,100.0,100.0,True,1,0,0,0,False,False,False
132642,100.0,100.0,True,1,0,0,0,False,False,False
132702,100.0,100.0,True,1,0,0,0,False,False,False
132762,100.0,100.0,True,1,0,0,0,False,False,False
132822,100.0,100.0,True,1,0,0,0,False,False,False
132882,100.0,100.0,True,1,0,0,0,False,False,False
132942,100.0,100.0,True,1,0,0,0,False,False,False
133002,100.0,100.0,True,1,0,0,0,False,False,False
133062,43.0,89.0,True,1,0,0,0,False,False,False
133122,43.0,89.0,True,1,0,0,0,False,False,False
133182,43.0,89.0,True,1,0,0,0,False,False,False
133242,43.0,89.0,True,1,0,0,0,False,False,False
133302,43.0,89.0,True,1,0,0,0,False,False,False
133362,43.0,89.0,True,1,0,0,0,False,False,False
133422,43.0,89.0,True,1,0,0,0,False,False,False
133482,43.0,89.0,True,1,0,0,0,False,False,False
133542,43.0,89.0,True,1,0,0,0,False,False,False
133602,43.0,89.0,True,1,0,0,0,False,False,False
