0,1,2,3,4,5,6,7,8,9,10
5146,100,100,False,0,0,0,0,False,False,False
5206,100,100,False,0,0,0,0,False,False,False
5266,100,100,False,0,0,0,0,False,False,False
5326,100,100,False,0,0,0,0,False,False,False
5386,100,100,False,0,0,0,0,False,False,False
5446,100,100,False,0,0,0,0,False,False,False
5506,100,100,False,0,0,0,0,False,False,False
5566,100,100,False,0,0,0,0,False,False,False
5626,100,100,False,0,0,0,0,False,False,False
5686,100,100,False,0,0,0,0,False,False,False
5746,100,100,False,0,0,0,0,False,False,False
5806,100,100,False,0,0,0,0,False,False,False
5866,100,100,False,0,0,0,0,False,False,False
5926,100,100,False,0,0,0,0,False,False,False
5986,100,100,False,0,0,0,0,False,False,False
6046,100,100,False,0,0,0,0,False,False,False
6106,100,100,False,0,0,0,0,False,False,False
6166,100,100,False,0,0,0,0,False,False,False
6226,100,100,False,0,0,0,0,False,False,False
6286,100,100,False,0,0,0,0,False,False,False
6346,100,100,False,0,0,0,0,False,False,False
6406,100,100,False,0,0,0,0,False,False,False
6466,100,100,False,0,0,0,0,False,False,False
6526,100,100,False,0,0,0,0,False,False,False
6586,100,100,False,0,0,0,0,False,False,False
6646,100,100,False,0,0,0,0,False,False,False
6706,89,94,False,0,0,0,0,False,False,False
6766,89,94,False,0,0,0,0,False,False,False
6826,89,94,False,0,0,0,0,False,False,False
6886,89,94,False,0,0,0,0,False,False,False
6946,89,94,False,0,0,0,0,False,False,False
7006,89,94,False,0,0,0,0,False,False,False
7066,89,94,False,0,0,0,0,False,False,False
7126,89,94,False,0,0,0,0,False,False,False
7186,89,94,False,0,0,0,0,False,False,False
7246,89,94,False,0,0,0,0,False,False,False
8566,100,100,True,1,1,0,0,False,False,False
8626,100,100,True,1,1,0,0,False,False,False
8686,100,100,True,1,1,0,0,False,False,False
8746,100,100,True,1,1,0,0,False,False,False
8806,100,100,True,1,1,0,0,False,False,False
8866,100,100,True,1,1,0,0,False,False,False
8926,100,100,True,1,1,0,0,False,False,False
8986,100,100,True,1,1,0,0,False,False,False
9046,100,100,True,1,1,0,0,False,False,False
9106,100,100,True,1,1,0,0,False,False,False
9166,100,100,True,1,1,0,0,False,False,False
9226,100,100,True,1,1,0,0,False,False,False
9286,100,100,True,1,1,0,0,False,False,False
9346,100,100,True,1,1,0,0,False,False,False
9406,100,100,True,1,1,0,0,False,False,False
9466,100,100,True,1,1,0,0,False,False,False
9526,100,100,True,1,1,0,0,False,False,False
9586,100,100,True,1,1,0,0,False,False,False
9646,100,100,True,1,1,0,0,False,False,False
9706,100,100,True,1,1,0,0,False,False,False
9766,100,100,True,1,1,0,0,False,False,False
9826,100,100,True,1,1,0,0,False,False,False
9886,100,100,True,1,1,0,0,False,False,False
9946,100,100,True,1,1,0,0,False,False,False
10006,100,100,True,1,1,0,0,False,False,False
10066,100,100,True,1,1,0,0,False,False,False
10126,100,100,True,1,1,0,0,False,False,False
10186,100,100,True,1,1,0,0,False,False,False
10246,100,100,True,1,1,0,0,False,False,False
10306,100,100,True,1,1,0,0,False,False,False
10366,100,100,True,1,1,0,0,False,False,False
10426,100,100,True,1,1,0,0,False,False,False
10486,100,100,True,1,1,0,0,False,False,False
10546,100,100,True,1,1,0,0,False,False,False
10606,100,100,True,1,1,0,0,False,False,False
10666,100,100,True,1,1,0,0,False,False,False
10726,100,100,True,1,1,0,0,False,False,False
10786,100,100,True,1,1,0,0,False,False,False
10846,100,100,True,1,1,0,0,False,False,False
10906,100,100,True,1,1,0,0,False,False,False
10966,100,100,True,1,1,0,0,False,False,False
11026,100,100,True,1,1,0,0,False,False,False
11086,100,100,True,1,1,0,0,False,False,False
11146,100,100,True,1,1,0,0,False,False,False
11206,100,100,True,1,1,0,0,False,False,False
11266,100,100,True,1,1,0,0,False,False,False
11326,100,100,True,1,1,0,0,False,False,False
11386,100,100,True,1,1,0,0,False,False,False
11446,100,100,True,1,1,0,0,False,False,False
11506,100,100,True,1,1,0,0,False,False,False
11566,100,100,True,1,1,0,0,False,False,False
11626,100,100,True,1,1,0,0,False,False,False
11686,100,100,True,1,1,0,0,False,False,False
11746,100,100,True,1,1,0,0,False,False,False
11806,100,100,True,1,1,0,0,False,False,False
11866,100,100,True,1,1,0,0,False,False,False
11926,100,100,True,1,1,0,0,False,False,False
11986,100,100,True,1,1,0,0,False,False,False
12046,100,100,True,0,1,0,0,False,False,False
12106,100,100,True,0,1,0,0,False,False,False
12166,100,100,True,0,1,0,0,False,False,False
12226,100,100,True,0,1,0,0,False,False,False
12286,100,100,True,0,1,0,0,False,False,False
12346,100,100,True,0,1,0,0,False,False,False
12406,100,100,True,0,1,0,0,False,False,False
12466,100,100,True,0,1,0,0,False,False,False
12526,100,100,True,0,1,0,0,False,False,False
12586,100,100,True,0,1,0,0,False,False,False
12646,100,100,True,0,1,0,0,False,False,False
12706,100,100,True,0,1,0,0,False,False,False
12766,100,100,True,0,1,0,0,False,False,False
12826,100,100,True,0,1,0,0,False,False,False
12886,100,100,True,0,1,0,0,False,False,False
12946,100,100,True,0,1,0,0,False,False,False
13006,100,100,True,0,1,0,0,False,False,False
13066,100,100,True,0,1,0,0,False,False,False
13126,100,100,True,0,1,0,0,False,False,False
13186,100,100,True,0,1,0,0,False,False,False
13246,100,100,True,0,1,0,0,False,False,False
13306,100,100,True,0,1,0,0,False,False,False
13366,100,100,True,0,1,0,0,False,False,False
13426,100,100,True,0,1,0,0,False,False,False
13486,100,100,True,0,1,0,0,False,False,False
13546,100,100,True,0,1,0,0,False,False,False
13606,100,100,True,0,1,0,0,False,False,False
13666,100,100,True,0,1,0,0,False,False,False
13726,100,100,True,0,1,0,0,False,False,False
13786,100,100,True,0,1,0,0,False,False,False
13846,100,100,True,0,1,0,0,False,False,False
13906,100,100,True,0,1,0,0,False,False,False
13966,100,100,True,0,1,0,0,False,False,False
14026,100,100,True,0,1,0,0,False,False,False
14086,100,100,True,0,1,0,0,False,False,False
14146,100,100,True,0,1,0,0,False,False,False
14206,100,100,True,0,1,0,0,False,False,False
14266,100,100,True,0,1,0,0,False,False,False
14326,100,100,True,0,1,0,0,False,False,False
14386,100,100,True,0,1,0,0,False,False,False
14446,100,100,True,0,1,0,0,False,False,False
14506,100,100,True,0,1,0,0,False,False,False
14566,100,100,True,0,1,0,0,False,False,False
14626,100,100,True,0,1,0,0,False,False,False
14686,100,100,True,0,1,0,0,False,False,False
14746,100,100,True,0,1,0,0,False,False,False
14806,100,100,True,0,1,0,0,False,False,False
14866,100,100,True,0,1,0,0,False,False,False
14926,100,100,True,0,1,0,0,False,False,False
16306,100,100,True,1,1,0,1,False,False,False
16366,100,100,True,1,1,0,1,False,False,False
16426,100,100,True,1,1,0,1,False,False,False
16486,100,100,True,1,1,0,1,False,False,False
16546,100,100,True,1,1,0,1,False,False,False
16606,100,100,True,1,1,0,1,False,False,False
16666,100,100,True,1,1,0,1,False,False,False
16726,100,100,True,1,1,0,1,False,False,False
16786,100,100,True,1,1,0,0,False,False,False
21706,100,100,True,0,0,0,0,False,False,False
21766,100,100,True,0,0,0,0,False,False,False
21826,100,100,True,0,0,1,0,False,False,False
21886,100,100,True,0,0,1,0,False,False,False
21946,100,100,True,0,0,1,0,False,False,False
22006,100,100,True,0,0,1,0,False,False,False
22066,100,100,True,0,0,1,0,False,False,False
22126,100,100,True,0,0,1,0,False,False,False
22186,100,100,True,0,0,0,0,False,False,False
22246,100,100,True,0,0,0,0,False,False,False
22306,100,100,True,0,0,0,0,False,False,False
22366,100,100,True,0,0,0,0,False,False,False
22426,100,100,True,0,0,0,0,False,False,False
22486,100,100,True,0,0,0,0,False,False,False
22546,100,100,True,0,0,0,0,False,False,False
22606,100,100,True,0,0,0,0,False,False,False
22666,100,100,True,0,0,0,0,False,False,False
22726,100,100,True,0,0,0,0,False,False,False
22786,100,100,True,0,0,0,0,False,False,False
22846,100,100,True,0,0,0,0,False,False,False
22906,100,100,True,0,0,0,0,False,False,False
22966,100,100,True,0,0,0,0,False,False,False
23026,100,100,True,0,0,0,0,False,False,False
23086,100,100,True,0,0,0,0,False,False,False
23146,73,97,True,0,0,0,0,False,False,False
28486,100,0,False,0,0,0,0,False,False,False
28546,100,0,False,0,0,0,0,False,False,False
28606,100,0,False,0,0,0,0,False,False,False
28666,100,0,False,0,0,0,0,False,False,False
28726,100,0,False,0,0,0,0,False,False,False
28786,100,0,False,0,0,0,0,False,False,False
28846,100,0,False,0,0,0,0,False,False,False
28906,100,0,False,0,0,0,0,False,False,False
28966,100,0,False,0,0,0,0,False,False,False
29026,100,0,False,0,0,0,0,False,False,False
29086,100,0,False,0,0,0,0,False,False,False
29146,100,0,False,0,0,0,0,False,False,False
29206,100,0,False,0,0,0,0,False,False,False
29266,100,0,False,0,0,0,0,False,False,False
29326,83,0,False,0,0,0,0,False,False,False
29386,83,0,False,0,0,0,0,False,False,False
29446,83,0,False,0,0,0,0,False,False,False
29506,83,0,False,0,0,0,0,False,False,False
29566,83,0,False,0,0,0,0,False,False,False
29626,83,0,False,0,0,0,0,False,False,False
29686,83,0,False,0,0,0,0,False,False,False
29746,83,0,False,0,0,0,0,False,False,False
29806,83,0,False,0,0,0,0,False,False,False
29866,83,0,False,0,0,0,0,False,False,False
29926,83,0,False,0,0,0,0,False,False,False
29986,83,0,False,0,0,0,0,False,False,False
30046,83,0,False,0,0,0,0,False,False,False
30106,83,0,False,0,0,0,0,False,False,False
30166,83,0,False,0,0,0,0,False,False,False
30226,83,0,False,0,0,0,0,False,False,False
30286,83,0,False,0,0,0,0,False,False,False
30346,83,0,False,0,0,0,0,False,False,False
30406,83,0,False,0,0,0,0,False,False,False
30466,83,0,False,0,0,0,0,False,False,False
30526,83,0,False,0,0,0,0,False,False,False
30586,83,0,False,0,0,0,0,False,False,False
30646,83,0,False,0,0,0,0,False,False,False
30706,83,0,False,0,0,0,0,False,False,False
30766,83,0,False,0,0,0,0,False,False,False
30826,83,0,False,0,0,0,0,False,False,False
30886,83,0,False,0,0,0,0,False,False,False
30946,83,0,False,0,0,0,0,False,False,False
31006,83,0,False,0,0,0,0,False,False,False
31066,83,0,False,0,0,0,0,False,False,False
31126,83,0,False,0,0,0,0,False,False,False
31186,83,0,False,0,0,0,0,False,False,False
31246,83,0,False,0,0,0,0,False,False,False
31306,83,0,False,0,0,0,0,False,False,False
31366,83,0,False,0,0,0,0,False,False,False
31426,83,0,False,0,0,0,0,False,False,False
31486,83,0,False,0,0,0,0,False,False,False
31546,83,0,False,0,0,0,0,False,False,False
31606,33,0,False,0,0,0,0,False,False,False
33586,100,100,False,1,0,0,0,False,False,False
33646,100,100,False,1,0,0,0,False,False,False
33706,100,100,False,1,0,0,0,False,False,False
33766,100,100,False,1,0,1,0,False,False,False
33826,100,100,False,1,0,1,0,False,False,False
33886,100,100,False,1,0,1,0,False,False,False
33946,100,100,False,1,0,1,0,False,False,False
34006,100,100,False,1,0,1,0,False,False,False
34066,100,100,False,1,0,0,0,False,False,False
34126,100,100,False,1,0,0,0,False,False,False
34186,100,100,False,1,0,0,0,False,False,False
34246,100,100,False,1,0,0,0,False,False,False
34306,100,100,False,1,0,0,0,False,False,False
34366,100,100,False,1,0,0,0,False,False,False
34426,100,100,False,1,0,0,0,False,False,False
34486,100,100,False,1,0,0,0,False,False,False
34546,100,100,False,1,0,0,0,False,False,False
34606,100,100,False,1,0,0,0,False,False,False
34666,100,100,False,1,0,0,0,False,False,False
34726,100,100,False,1,0,0,0,False,False,False
34786,100,100,False,1,0,0,0,False,False,False
34846,100,100,False,1,0,0,0,False,False,False
34906,100,100,False,1,0,0,0,False,False,False
34966,100,100,False,1,0,0,0,False,False,False
35026,100,100,False,1,0,0,0,False,False,False
35086,100,100,False,1,0,0,0,False,False,False
35146,100,100,False,1,0,0,0,False,False,False
35206,100,100,False,1,0,0,0,False,False,False
35266,100,100,False,1,0,0,0,False,False,False
35326,100,100,False,1,0,0,0,False,False,False
35386,100,100,False,1,0,0,0,False,False,False
35446,63,100,False,1,0,0,0,False,False,False
35506,63,100,False,1,0,0,0,False,False,False
35566,63,100,False,1,0,0,0,False,False,False
35626,63,100,False,1,0,0,0,False,False,False
35686,63,100,False,1,0,0,0,False,False,False
35746,63,100,False,1,0,0,0,False,False,False
38206,100,100,True,1,1,0,1,True,False,False
38266,100,100,True,1,1,0,1,True,False,False
38326,100,100,True,1,1,0,1,True,False,False
38386,100,100,True,1,1,0,1,True,False,False
38446,100,100,True,1,1,0,1,True,False,False
38506,100,100,True,1,1,0,1,True,False,False
38566,100,100,True,1,1,0,1,True,False,False
38626,100,100,True,1,1,0,1,True,False,False
38686,100,100,True,1,1,0,1,True,False,False
38746,100,100,True,1,1,0,1,True,False,False
38806,100,100,True,1,1,0,1,True,False,False
38866,100,100,True,1,1,0,1,True,False,False
38926,100,100,True,1,1,0,1,True,False,False
38986,100,100,True,1,1,0,1,True,False,False
39046,100,100,True,1,1,0,1,True,False,False
39106,100,100,True,1,1,0,1,True,False,False
39166,100,100,True,1,1,0,1,True,False,False
39226,74,97,True,1,1,0,1,True,False,False
39286,74,97,True,1,1,0,1,True,False,False
39346,22,91,True,1,1,0,1,True,False,False
46606,100,100,True,1,1,1,1,False,False,False
46666,100,100,True,1,1,1,1,False,False,False
46726,100,100,True,1,1,1,1,False,False,False
46786,100,100,True,1,1,1,1,False,False,False
46846,100,100,True,1,1,1,1,False,False,False
46906,100,100,True,1,1,1,1,False,False,False
46966,100,100,True,1,1,1,1,False,False,False
47026,100,100,True,1,1,1,1,False,False,False
47086,100,100,True,1,1,1,1,False,False,False
47146,100,100,True,1,1,1,1,False,False,False
47206,100,100,True,1,1,1,1,False,False,False
47266,100,100,True,0,1,1,1,False,False,False
47326,100,100,True,0,1,1,1,False,False,False
47386,100,100,True,0,1,1,1,False,False,False
47446,100,100,True,0,1,1,1,False,False,False
47506,100,100,True,0,1,1,1,False,False,False
47566,100,100,True,0,1,1,1,False,False,False
47626,100,100,True,0,1,1,1,False,False,False
47686,100,100,True,0,1,1,1,False,False,False
47746,100,100,True,0,1,1,1,False,False,False
47806,100,100,True,0,1,1,1,False,False,False
47866,100,100,True,0,1,1,1,False,False,False
47926,100,100,True,0,1,1,1,False,False,False
47986,100,100,True,0,1,1,1,False,False,False
51286,100,100,False,0,0,0,0,False,False,False
51346,100,100,False,0,0,0,0,False,False,False
51406,100,100,False,0,0,0,0,False,False,False
51466,100,100,False,0,0,0,0,False,False,False
51526,100,100,False,0,0,0,0,False,False,False
51586,100,100,False,0,0,0,0,False,False,False
51646,100,100,False,0,0,0,0,False,False,False
51706,100,100,False,0,0,0,0,False,False,False
51766,100,100,False,0,0,0,0,False,False,False
51826,100,100,False,0,0,0,0,False,False,False
51886,100,100,False,0,0,0,0,False,False,False
51946,100,100,False,0,0,0,0,False,False,False
52006,100,100,False,0,0,0,0,False,False,False
52066,100,100,False,0,0,0,0,False,False,False
52126,100,100,False,0,0,0,0,False,False,False
52186,100,100,False,0,0,0,0,False,False,False
52246,100,100,False,0,0,0,0,False,False,False
52306,100,100,False,0,0,0,0,False,False,False
52366,100,100,False,0,0,0,0,False,False,False
52426,100,100,False,0,0,0,0,False,False,False
52486,100,100,False,0,0,0,0,False,False,False
52546,100,100,False,0,0,0,0,False,False,False
52606,100,100,False,0,0,0,0,False,False,False
52666,100,100,False,0,0,0,0,False,False,False
52726,100,100,False,0,0,0,0,False,False,False
52786,100,100,False,0,0,0,0,False,False,False
52846,100,100,False,0,0,0,0,False,False,False
52906,100,100,False,0,0,0,0,False,False,False
52966,100,100,False,0,0,0,0,False,False,False
53026,100,100,False,0,0,0,0,False,False,False
53086,100,100,False,0,0,0,0,False,False,False
53146,100,100,False,0,0,0,0,False,False,False
53206,100,100,False,0,0,0,0,False,False,False
53266,100,100,False,0,0,0,0,False,False,False
53326,100,100,False,0,0,0,0,False,False,False
53386,100,100,False,0,0,0,0,False,False,False
53446,100,100,False,0,0,0,0,False,False,False
53506,100,100,False,0,0,0,0,False,False,False
53566,100,100,False,0,0,0,0,False,False,False
53626,100,100,False,0,0,0,0,False,False,False
53686,100,100,False,0,0,0,0,False,False,False
53746,100,100,False,0,0,0,0,False,False,False
53806,100,100,False,0,0,0,0,False,False,False
53866,100,100,False,0,0,0,0,False,False,False
53926,100,100,False,0,0,0,0,False,False,False
53986,100,100,False,0,0,0,0,False,False,False
54046,100,100,False,0,0,0,0,False,False,False
54106,100,100,False,0,0,0,0,False,False,False
54166,100,100,False,0,0,0,0,False,False,False
54226,73,97,False,0,0,0,0,False,False,False
54286,73,97,False,0,0,0,0,False,False,False
54346,73,97,False,0,0,0,0,False,False,False
54406,73,97,False,0,0,0,0,False,False,False
54466,73,97,False,0,0,0,0,False,False,False
54526,73,97,False,0,0,0,1,False,False,True
54586,73,97,False,0,0,0,1,False,False,True
54646,73,97,False,0,0,0,1,False,False,True
54706,73,97,False,0,0,0,1,False,False,True
54766,73,97,False,0,0,0,1,False,False,True
54826,73,97,False,0,0,0,1,False,False,True
54886,73,97,False,0,0,0,1,False,False,True
54946,73,97,False,0,0,0,1,False,False,True
55006,73,97,False,0,0,0,1,False,False,True
55066,73,97,False,0,0,0,1,False,False,True
55126,73,97,False,0,0,0,1,False,False,True
55186,73,97,False,0,0,0,1,False,False,True
55246,73,97,False,0,0,0,1,False,False,True
55306,73,97,False,0,0,0,1,False,False,True
55366,73,97,False,0,0,0,1,False,False,True
55426,73,97,False,0,0,0,1,False,False,True
55486,73,97,False,0,0,0,1,False,False,True
55546,73,97,False,0,0,0,0,False,False,True
55606,73,97,False,0,0,0,0,False,False,True
55666,73,97,False,0,0,0,0,False,False,True
55726,73,97,False,0,0,0,0,False,False,True
55786,73,97,False,0,0,0,0,False,False,True
55846,73,97,False,0,0,0,0,False,False,True
55906,73,97,False,0,0,0,0,False,False,True
55966,73,97,False,0,0,0,0,False,False,True
56026,73,97,False,0,0,0,0,False,False,True
56086,73,97,False,0,0,0,0,False,False,True
56146,73,97,False,0,0,0,0,False,False,True
56206,73,97,False,0,0,0,0,False,False,True
56266,73,97,False,0,0,0,0,False,False,True
56326,73,97,False,0,0,0,0,False,False,True
56386,73,97,False,0,0,0,0,False,False,True
56446,73,97,False,0,0,0,0,False,False,True
56506,73,97,False,0,0,0,0,False,False,True
56566,73,97,False,0,0,0,0,False,False,True
56626,73,97,False,0,0,0,0,False,False,True
56686,73,97,False,0,0,0,0,False,False,True
56746,73,97,False,0,0,0,0,False,False,True
56806,73,97,False,0,0,0,0,False,False,True
56866,73,97,False,0,0,0,0,False,False,True
56926,73,97,False,0,0,0,0,False,False,True
56986,73,97,False,0,0,0,0,False,False,True
57046,73,97,False,0,0,0,0,False,False,True
57106,73,97,False,0,0,0,0,False,False,True
57166,65,89,False,0,0,0,0,False,False,False
57226,65,89,False,0,0,0,0,False,False,False
57286,65,89,False,0,0,0,0,False,False,False
57346,65,89,False,0,0,0,0,False,False,False
57406,65,89,False,0,0,0,0,False,False,False
57466,65,89,False,0,0,0,0,False,False,False
57526,65,89,False,0,0,0,0,False,False,False
58846,100,89,False,1,0,0,0,False,False,False
58906,100,89,False,0,0,0,0,False,False,False
58966,100,89,False,0,0,0,0,False,False,False
59026,100,89,False,0,0,0,0,False,False,False
59086,100,89,False,0,0,0,0,False,False,False
59146,100,89,False,0,0,0,0,False,False,False
59206,100,89,False,0,0,0,0,False,False,False
59266,100,89,False,0,0,0,0,False,False,False
59326,100,89,False,0,0,0,0,False,False,False
59386,100,89,False,0,0,0,0,False,False,False
59446,100,89,False,0,0,0,0,False,False,False
59506,100,89,False,0,0,0,0,False,False,False
59566,100,89,False,0,0,0,0,False,False,False
59626,100,89,False,0,0,0,0,False,False,False
59686,100,89,False,0,0,0,0,False,False,False
59746,100,89,False,0,0,0,0,False,False,False
59806,100,89,False,0,0,0,0,False,False,False
59866,100,89,False,0,0,0,0,False,False,False
59926,100,89,False,0,0,1,1,False,False,False
59986,100,89,False,0,0,1,1,False,False,False
60046,100,89,False,0,0,1,1,False,False,False
60106,100,89,False,0,0,1,1,False,False,False
60166,100,89,False,0,0,1,1,False,False,False
60226,100,89,False,0,0,1,1,False,False,False
60286,22,80,False,0,0,1,1,False,False,False
60346,22,80,False,0,0,1,1,False,False,False
60406,22,80,False,0,0,1,1,False,False,False
60466,22,80,False,0,0,1,1,False,False,False
60526,22,80,False,0,0,1,1,False,False,False
60586,22,80,False,0,0,1,1,False,False,False
63466,100,0,False,0,0,0,0,False,False,False
63526,100,0,False,0,0,0,0,False,False,False
63586,100,0,False,0,0,0,0,False,False,False
63646,100,0,False,0,0,0,0,False,False,False
63706,100,0,False,0,0,0,0,False,False,False
63766,100,0,False,0,0,0,0,False,False,False
63826,100,0,False,0,0,0,0,False,False,False
63886,100,0,False,0,0,0,0,False,False,False
63946,100,0,False,0,0,0,0,False,False,False
64006,100,0,False,0,0,0,0,False,False,False
64066,100,0,False,0,0,0,0,False,False,False
64126,100,0,False,0,0,0,0,False,False,False
64186,100,0,False,0,0,0,0,False,False,False
64246,100,0,False,0,0,0,0,False,False,False
64306,100,0,False,0,0,0,0,False,False,False
64366,100,0,False,0,0,0,0,False,False,False
64426,100,0,False,0,0,0,0,False,False,False
64486,100,0,False,0,0,0,0,False,False,False
64546,100,0,False,0,0,0,0,False,False,False
64606,100,0,False,0,0,0,0,False,False,False
64666,100,0,False,0,0,0,0,False,False,False
64726,100,0,False,0,0,0,0,False,False,False
64786,100,0,False,0,0,0,0,False,False,False
64846,100,0,False,0,0,0,0,False,False,False
64906,100,0,False,0,0,0,0,False,False,False
64966,100,0,False,0,0,0,0,False,False,False
65026,100,0,False,0,0,0,0,False,False,False
65086,100,0,False,0,0,0,0,False,False,False
65146,100,0,False,0,0,0,0,False,False,False
65206,100,0,False,0,0,0,0,False,False,False
65266,100,0,False,0,0,0,0,False,False,False
65326,100,0,False,0,0,0,0,False,False,False
65386,100,0,False,0,0,0,0,False,False,False
65446,100,0,False,0,0,0,0,False,False,False
65506,100,0,False,0,0,0,0,False,False,False
65566,100,0,False,0,0,0,0,False,False,False
65626,100,0,False,0,0,0,0,False,False,False
65686,100,0,False,0,0,0,0,False,False,False
65746,100,0,False,0,0,0,0,False,False,False
65806,100,0,False,0,0,0,0,False,False,False
65866,100,0,False,0,0,0,0,False,False,False
65926,100,0,False,0,0,0,0,False,False,False
65986,100,0,False,0,0,0,0,False,False,False
66046,100,0,False,0,0,0,0,False,False,False
66106,100,0,False,0,0,0,0,False,False,False
66166,100,0,False,0,0,0,0,False,False,False
66226,100,0,False,0,0,0,0,False,False,False
66286,100,0,False,0,0,0,0,False,False,False
66346,100,0,False,0,0,0,0,False,False,False
66406,100,0,False,0,0,0,0,False,False,False
66466,100,0,False,0,0,0,0,False,False,False
66526,100,0,False,0,0,0,0,False,False,False
66586,100,0,False,0,0,0,0,False,False,False
66646,100,0,False,0,0,0,0,False,False,False
66706,100,0,False,0,0,0,0,False,False,False
66766,100,0,False,0,0,0,0,False,False,False
66826,100,0,False,0,0,0,0,False,False,False
66886,100,0,False,0,0,0,0,False,False,False
66946,100,0,False,0,0,0,0,False,False,False
67006,100,0,False,0,0,0,0,False,False,False
67066,100,0,False,0,0,0,0,False,False,False
67126,100,0,False,0,0,0,0,False,False,False
67186,100,0,False,0,0,0,0,False,False,False
67246,100,0,False,0,0,0,0,False,False,False
67306,100,0,False,0,0,0,0,False,False,False
67366,100,0,False,0,0,0,0,False,False,False
67426,100,0,False,0,0,0,0,False,False,False
67486,100,0,False,0,0,0,0,False,False,False
67546,100,0,False,0,0,0,0,False,False,False
67606,100,0,False,0,0,0,0,False,False,False
67666,100,0,False,0,0,0,0,False,False,False
67726,100,0,False,0,0,0,1,False,False,False
67786,100,0,False,0,0,0,1,False,False,False
67846,100,0,False,0,0,0,1,False,False,False
67906,100,0,False,0,0,0,1,False,False,False
67966,100,0,False,0,0,0,1,False,False,False
68026,100,0,False,0,0,0,1,False,False,False
69346,100,100,False,1,1,0,1,False,False,False
69406,100,100,False,1,1,0,1,False,False,False
69466,100,100,False,1,1,0,1,False,False,False
69526,100,100,False,1,1,0,1,False,False,False
69586,100,100,False,1,0,0,1,False,False,False
69646,100,100,False,1,0,0,1,False,False,False
69706,100,100,False,1,0,0,1,False,False,False
69766,100,100,False,1,0,0,1,False,False,False
69826,100,100,False,1,0,0,0,False,False,False
69886,100,100,False,1,0,0,0,False,False,False
69946,100,100,False,1,0,0,0,False,False,False
70006,100,100,False,1,0,0,0,False,False,False
70066,100,100,False,1,0,0,0,False,False,False
70126,100,100,False,1,0,0,0,False,False,False
70186,100,100,False,1,0,0,0,False,False,False
70246,100,100,False,1,0,0,0,False,False,False
70306,100,100,False,1,0,0,0,False,False,False
70366,100,100,False,1,0,0,0,False,False,False
70426,100,100,False,1,0,0,0,False,False,False
70486,100,100,False,1,0,0,0,False,False,False
70546,100,100,False,1,0,0,0,False,False,False
70606,100,100,False,1,0,0,0,False,False,False
70666,100,100,False,1,0,0,0,False,False,False
70726,100,100,False,1,0,0,0,False,False,False
70786,100,100,False,1,0,0,0,False,False,False
70846,100,100,False,0,0,0,0,False,False,False
70906,100,100,False,0,0,0,0,False,False,False
70966,100,100,False,0,0,0,0,False,False,False
71026,100,100,False,0,0,0,0,False,False,False
71086,100,100,False,0,0,0,0,False,False,False
71146,100,100,False,1,0,0,0,True,False,False
71206,100,100,False,1,0,0,0,True,False,False
71266,100,100,False,1,0,0,0,True,False,False
71326,100,100,False,1,0,0,0,True,False,False
71386,100,100,False,1,0,0,0,True,False,False
71446,100,100,False,1,0,0,0,True,False,False
71506,100,100,False,1,0,0,0,True,False,False
71566,100,100,False,1,0,0,0,True,False,False
71626,100,100,False,1,0,0,0,True,False,False
71686,100,100,False,1,0,0,0,True,False,False
71746,100,100,False,1,0,0,0,True,False,False
71806,100,100,False,1,0,0,0,True,False,False
71866,100,100,False,1,0,0,0,True,False,False
71926,100,100,False,1,0,0,0,True,False,False
71986,100,100,False,1,0,0,0,True,False,False
72046,100,100,False,1,0,0,0,True,False,False
72106,100,100,False,1,0,0,0,True,False,False
72166,100,100,False,1,0,0,0,True,False,False
72226,100,100,False,1,0,0,0,True,False,False
72286,100,100,False,1,0,1,0,True,False,False
72346,100,100,False,1,0,1,0,True,False,False
72406,100,100,False,1,0,1,0,True,False,False
72466,100,100,False,1,0,1,0,True,False,False
72526,100,100,False,0,0,1,0,True,False,False
72586,100,100,False,0,0,1,0,True,False,False
72646,100,100,False,0,0,1,0,True,False,False
72706,100,100,False,0,0,1,0,True,False,False
72766,100,100,False,0,0,1,0,True,False,False
72826,100,100,False,0,0,1,0,True,False,False
72886,100,100,False,0,0,1,0,True,False,False
72946,100,100,False,0,0,1,0,True,False,False
73006,100,100,False,0,0,1,0,True,False,False
73066,100,100,False,0,0,1,0,True,False,False
73126,100,100,False,0,0,1,0,True,False,False
73186,100,100,False,0,0,1,0,True,False,False
73246,100,100,False,0,0,1,0,True,False,False
73306,100,100,False,0,0,1,0,True,False,False
73366,100,100,False,0,0,1,0,True,False,False
73426,100,100,False,0,0,1,0,True,False,False
73486,100,100,False,0,0,1,0,True,False,False
73546,100,100,False,0,0,1,0,True,False,False
73606,100,100,False,0,0,1,0,True,False,False
73666,100,100,False,0,0,1,0,True,False,False
73726,100,100,False,0,0,1,0,True,False,False
73786,100,100,False,0,0,1,0,True,False,False
73846,100,100,False,0,0,1,0,True,False,False
73906,100,100,False,0,0,1,0,True,False,False
73966,100,100,False,0,0,1,0,True,False,False
74026,100,100,False,0,0,1,0,True,False,False
74086,100,100,False,0,0,1,0,True,False,False
74146,100,100,False,0,0,1,0,True,False,False
74206,100,100,False,0,0,1,0,True,False,False
74266,100,100,False,0,0,1,0,True,False,False
74326,100,100,False,0,0,1,0,True,False,False
74386,100,100,False,0,0,1,0,True,False,False
74446,100,100,False,0,0,1,0,True,False,False
74506,100,100,False,0,0,1,0,True,False,False
74566,100,100,False,0,0,1,0,True,False,False
74626,100,100,False,0,0,1,0,True,False,False
74686,100,100,False,0,0,1,0,True,False,False
74746,100,100,False,0,0,1,0,True,False,False
74806,100,100,False,0,0,1,0,True,False,False
74866,100,100,False,0,0,1,0,True,False,False
74926,100,100,False,0,0,1,0,True,False,False
74986,100,100,False,0,0,0,0,True,False,False
75046,100,100,False,0,0,0,0,True,False,False
75106,100,100,False,0,0,0,0,True,False,False
75166,100,100,False,0,0,0,0,True,False,False
75226,100,100,False,0,0,0,0,True,False,False
75286,100,100,False,0,0,0,0,True,False,False
75346,100,100,False,0,0,0,0,True,False,False
75406,100,100,False,0,0,0,0,True,False,False
75466,100,100,False,0,0,0,0,True,False,False
75526,100,100,False,0,0,0,0,True,False,False
75586,100,100,False,0,0,0,0,True,False,False
75646,100,100,False,0,0,0,0,True,False,False
75706,100,100,False,0,0,0,0,True,False,False
75766,100,100,False,0,0,0,0,True,False,False
75826,100,100,False,0,0,0,0,True,False,False
75886,100,100,False,0,0,0,0,True,False,False
75946,100,100,False,0,0,0,0,True,False,False
77746,100,100,False,0,0,0,0,False,False,False
77806,100,100,False,0,0,0,0,False,True,False
77866,100,100,False,0,0,0,0,False,False,False
77926,100,100,False,0,0,0,0,False,False,False
77986,100,100,False,0,0,0,0,False,False,False
78046,100,100,False,0,0,0,0,False,False,False
78106,100,100,False,0,0,0,0,False,False,False
78166,100,100,False,0,0,0,0,False,False,False
78226,100,100,False,0,0,0,0,False,False,False
78286,100,100,False,0,0,0,0,False,False,False
78346,100,100,False,0,0,0,0,False,False,False
78406,100,100,False,0,0,0,0,False,False,False
78466,100,100,False,0,0,0,0,False,False,False
78526,100,100,False,0,0,0,0,False,False,False
78586,100,100,False,0,0,0,0,False,False,False
78646,100,100,False,0,0,0,0,False,False,False
78706,100,100,False,0,0,0,0,False,False,False
78766,100,100,False,0,0,0,0,False,False,False
78826,100,100,False,0,0,0,0,False,False,False
78886,100,100,False,0,0,0,0,False,False,False
78946,100,100,False,0,0,0,0,False,False,False
79006,100,100,False,0,0,0,0,False,False,False
79066,100,100,False,0,0,0,0,False,False,False
79126,100,100,False,0,0,0,0,False,True,False
79186,100,100,False,0,0,0,0,False,True,False
79246,100,100,False,0,0,0,0,False,True,False
79306,100,100,False,0,0,0,0,False,True,False
79366,100,100,False,0,0,0,0,False,True,False
79426,100,100,False,0,0,0,0,False,True,False
79486,100,100,False,0,0,0,0,False,True,False
79546,100,100,False,0,0,0,0,False,True,False
79606,100,100,False,0,0,0,0,False,True,False
79666,100,100,False,0,0,0,0,False,True,False
79726,100,100,False,0,0,0,0,False,True,False
79786,100,100,False,0,0,0,0,False,True,False
79846,100,100,False,0,0,0,0,False,True,False
79906,100,100,False,0,0,0,0,False,True,False
83026,100,100,True,1,0,0,0,False,False,False
83086,100,100,True,1,0,0,0,False,False,False
83146,100,100,True,1,0,0,0,False,False,False
83206,100,100,True,1,0,0,0,False,False,False
83266,100,100,True,1,0,0,0,False,False,False
83326,100,100,True,1,0,0,0,False,False,False
83386,100,100,True,1,0,0,0,False,False,False
83446,100,100,True,1,0,0,0,False,False,False
83506,100,100,True,1,0,0,0,False,False,False
83566,100,100,True,1,0,0,0,False,False,False
83626,100,100,True,1,0,0,0,False,False,False
83686,100,100,True,1,0,0,0,False,False,False
83746,100,100,True,1,0,0,0,False,False,False
83806,100,100,True,1,0,0,0,False,False,False
83866,100,100,True,1,0,0,0,False,False,False
83926,100,100,True,1,0,0,0,False,False,False
83986,100,100,True,1,0,0,0,False,False,False
84046,100,100,True,1,0,0,0,False,False,False
84106,100,100,True,1,0,0,0,False,False,False
84166,100,100,True,1,0,0,0,False,False,False
84226,100,100,True,1,0,0,0,False,False,False
84286,100,100,True,1,0,0,0,False,False,False
84346,100,100,True,1,0,0,0,False,False,False
84406,100,100,True,1,0,0,0,False,False,False
84466,100,100,True,1,0,0,0,False,False,False
84526,100,100,True,1,0,0,0,False,False,False
84586,100,100,True,1,0,0,0,False,False,False
84646,100,100,True,1,0,0,0,False,False,False
84706,100,100,True,1,0,0,0,False,False,False
84766,100,100,True,1,0,0,0,False,False,False
84826,100,100,True,1,0,0,0,False,False,False
84886,100,100,True,1,0,0,0,False,False,False
84946,100,100,True,1,0,0,0,False,False,False
85006,100,100,True,1,0,0,0,False,False,False
85066,100,100,True,1,0,0,0,False,False,False
85126,100,100,True,0,0,0,0,False,False,False
85186,100,100,True,0,0,0,0,False,False,False
85246,100,100,True,0,0,0,0,False,False,False
85306,100,100,True,0,0,0,0,False,False,False
85366,100,100,True,0,0,0,0,False,False,False
85426,100,100,True,0,0,0,0,False,False,False
85486,97,98,True,0,0,0,0,False,False,False
85546,97,98,True,0,0,0,0,False,False,False
85606,71,93,True,0,0,0,0,False,False,False
87706,100,100,False,0,0,0,0,False,False,False
87766,100,100,False,0,0,0,0,False,False,False
87826,100,100,True,0,0,0,0,False,False,False
87886,100,100,True,0,0,0,0,False,False,False
87946,100,100,True,0,0,0,0,False,False,False
88006,100,100,True,0,0,0,0,False,False,False
88066,100,100,True,0,0,0,0,False,False,False
88126,100,100,True,0,0,0,0,False,False,False
88186,100,100,True,0,0,0,0,False,False,False
88246,100,100,True,0,0,0,0,False,False,False
88306,100,100,True,0,0,0,0,False,False,False
88366,100,100,True,0,0,0,0,False,False,False
88426,100,100,True,0,0,0,0,False,False,False
88486,100,100,True,0,0,0,0,False,False,False
88546,100,100,True,0,0,0,0,False,False,False
88606,100,100,True,0,0,0,0,False,False,False
88666,95,97,True,0,0,0,0,False,False,False
88726,95,97,True,0,0,0,0,False,False,False
88786,95,97,True,0,0,0,0,False,False,False
88846,95,97,True,0,0,0,0,False,False,False
88906,95,97,True,0,0,0,0,False,False,False
88966,95,97,True,0,0,0,0,False,False,False
89026,94,97,True,0,0,0,0,False,False,False
89086,94,97,True,0,0,0,0,False,False,False
89146,94,97,True,0,0,0,0,False,False,False
89206,94,97,True,0,0,0,0,False,False,False
89266,94,97,True,0,0,0,0,False,False,False
89326,94,97,True,0,0,0,0,False,False,False
89386,94,97,True,0,0,0,0,False,False,False
89446,94,97,True,0,0,0,0,False,False,False
89506,94,97,True,0,0,0,0,False,False,False
89566,94,97,True,0,0,0,0,False,False,False
89626,94,97,True,0,0,0,0,False,False,False
89686,94,97,True,0,0,0,0,False,False,False
89746,94,97,True,0,0,0,0,False,False,False
89806,94,97,True,0,0,0,0,False,False,False
89866,94,97,True,0,0,0,0,False,False,False
89926,94,97,True,0,0,0,0,False,False,False
89986,94,97,True,0,0,0,0,False,False,False
90046,94,97,True,0,0,0,0,False,False,False
90106,94,97,True,0,0,0,0,False,False,False
90166,94,97,True,0,0,0,0,False,False,False
90226,94,97,True,0,0,0,0,False,False,False
90286,94,97,True,0,0,0,0,False,False,False
90346,94,97,True,0,0,0,0,False,False,False
90406,94,97,True,0,0,0,0,False,False,False
90466,94,97,True,0,0,0,0,False,False,False
90526,94,97,True,0,0,0,0,False,False,False
90586,94,97,True,0,0,0,0,False,False,False
90646,94,97,True,0,0,0,0,False,False,False
90706,94,97,True,0,0,0,0,False,False,False
90766,94,97,True,0,0,0,0,False,False,False
90826,94,97,True,0,0,0,0,False,False,False
90886,94,97,True,0,0,0,0,False,False,False
90946,94,97,True,0,0,0,0,False,False,False
91006,94,97,True,0,0,0,0,False,False,False
91066,94,97,True,0,0,0,0,False,False,False
91126,94,97,True,0,0,0,0,False,False,False
91186,94,97,True,0,0,0,0,False,False,False
91246,94,97,True,0,0,0,0,False,False,False
91306,94,97,True,0,0,0,0,False,False,False
91366,94,97,True,0,0,0,0,False,False,False
91426,94,97,True,0,0,0,0,False,False,False
91486,94,97,True,0,0,0,0,False,False,False
93766,100,100,True,1,0,0,1,False,False,False
93826,100,100,True,1,0,0,1,False,False,False
93886,100,100,True,1,0,0,1,False,False,False
93946,100,100,True,1,0,0,1,False,False,False
94006,100,100,True,1,0,0,1,False,False,False
94066,100,100,True,1,0,0,1,False,False,False
94126,100,100,True,1,0,0,1,False,False,False
94186,100,100,True,1,0,0,1,False,False,False
94246,100,100,True,1,0,0,1,False,False,False
94306,100,100,True,1,0,0,1,False,False,False
94366,53,86,True,1,0,0,1,False,False,False
98746,100,100,True,1,1,0,0,False,False,False
98806,100,100,True,1,1,0,0,False,False,False
98866,100,100,True,1,1,0,0,False,False,False
98926,100,100,True,1,1,0,0,False,False,False
98986,100,100,True,1,1,0,0,False,False,False
99046,100,100,True,1,1,0,0,False,False,False
99106,100,100,True,1,1,0,0,False,False,False
99166,100,100,True,1,1,0,0,False,False,False
99226,100,100,True,1,1,0,0,False,False,False
99286,100,100,True,1,1,0,0,False,False,False
99346,100,100,True,1,1,0,0,False,False,False
99406,100,100,True,1,1,0,0,False,False,False
99466,100,100,True,1,1,0,0,False,False,False
99526,100,100,True,1,1,0,0,False,False,False
99586,100,100,True,1,1,0,0,False,False,False
99646,100,100,True,1,1,0,0,False,False,False
99706,99,100,True,1,1,0,0,False,False,False
99766,99,100,True,1,1,0,0,False,False,False
99826,99,100,True,1,1,0,0,False,False,False
99886,99,100,True,1,1,0,0,False,False,False
103066,100,100,True,1,1,0,1,False,False,False
103126,100,100,True,1,1,0,1,False,False,False
103186,100,100,True,1,1,0,1,False,False,False
103246,100,100,True,1,1,0,1,False,False,False
103306,100,100,True,1,1,0,1,False,False,False
103366,100,100,True,1,1,0,1,False,False,False
103426,100,100,True,1,1,0,1,False,False,False
103486,100,100,True,1,1,0,1,False,False,False
103546,100,100,True,1,1,0,1,False,False,False
103606,100,100,True,1,1,0,1,False,False,False
103666,100,100,True,1,1,0,1,False,False,False
103726,100,100,True,1,1,0,1,False,False,False
103786,100,100,True,1,1,0,1,False,False,False
103846,100,100,True,1,1,0,1,False,False,False
103906,100,100,True,1,1,0,1,False,False,False
103966,100,100,True,1,1,0,1,False,False,False
104026,100,100,True,1,1,0,1,False,False,False
104086,100,100,True,1,1,0,1,False,False,False
104146,100,100,True,1,1,0,1,False,False,False
104206,100,100,True,1,1,0,1,False,False,False
104266,100,100,True,1,1,0,1,False,False,False
104326,100,100,True,1,1,0,1,False,False,False
104386,100,100,True,1,1,0,1,False,False,False
104446,100,100,True,1,1,0,1,False,False,False
104506,100,100,True,0,1,0,1,False,False,False
104566,100,100,True,0,1,0,1,False,False,False
104626,100,100,True,0,1,0,1,False,False,False
104686,100,100,True,0,1,0,1,False,False,False
104746,100,100,True,0,1,0,1,False,False,False
104806,100,100,True,0,1,0,1,False,False,False
104866,100,100,True,0,1,0,1,False,False,False
104926,100,100,True,0,1,0,1,False,False,False
104986,100,100,True,0,1,0,1,False,False,False
105046,100,100,True,0,1,0,1,False,False,False
105106,100,100,True,0,1,0,1,False,False,False
105166,100,100,True,0,1,0,1,False,False,False
105226,100,100,True,0,1,0,1,False,False,False
105286,100,100,True,0,1,0,1,False,False,False
105346,100,100,True,0,1,0,1,False,False,False
105406,100,100,True,0,1,0,1,False,False,False
105466,100,100,True,0,1,0,1,False,False,False
105526,100,100,True,0,1,0,1,False,False,False
105586,100,100,True,0,1,0,1,False,False,False
105646,100,100,True,0,1,0,1,False,False,False
105706,100,100,True,0,1,0,1,False,False,False
105766,100,100,True,0,0,0,1,False,False,False
105826,100,100,True,0,0,0,1,False,False,False
105886,100,100,True,0,0,0,1,False,False,False
105946,100,100,True,0,0,0,1,False,False,False
106006,100,100,True,0,0,0,1,False,False,False
106066,100,100,True,0,0,0,1,False,False,False
106126,100,100,True,0,0,0,1,False,False,False
106186,100,100,True,0,0,0,1,False,False,False
106246,100,100,True,0,0,0,1,False,False,False
106306,100,100,True,0,0,0,1,False,False,False
106366,100,100,True,0,0,0,1,False,False,False
106426,100,100,True,0,0,0,1,False,False,False
106486,100,100,True,0,0,0,1,False,False,False
106546,100,100,True,0,0,0,1,False,False,False
106606,100,100,True,0,0,0,1,False,False,False
106666,100,100,True,0,0,0,1,False,False,False
106726,82,88,True,0,0,0,1,False,False,False
106786,82,88,True,0,0,0,1,False,False,False
106846,82,88,True,0,0,0,1,False,False,False
106906,82,88,True,0,0,1,1,False,False,False
106966,82,88,True,0,0,1,1,False,False,False
107026,82,88,True,0,0,1,1,False,False,False
107086,82,88,True,0,0,1,1,False,False,False
107146,82,88,True,0,0,1,1,False,False,False
107206,82,88,True,0,0,1,1,False,False,False
107266,82,88,True,0,0,1,1,False,False,False
107326,82,88,True,0,0,1,1,False,False,False
107386,82,88,True,0,0,1,0,False,False,False
107446,82,88,True,0,0,1,0,False,False,False
107506,82,88,True,0,0,1,0,False,False,False
107566,82,88,True,0,0,1,0,False,False,False
111766,100,100,True,1,1,0,1,False,False,False
111826,100,100,True,1,1,0,1,False,False,False
111886,100,100,True,1,1,0,1,False,False,False
111946,100,100,True,1,1,0,1,False,False,False
112006,100,100,True,1,1,0,1,False,False,False
112066,100,100,True,1,1,0,1,False,False,False
112126,100,100,True,1,1,0,1,False,False,False
112186,100,100,True,1,1,0,1,False,False,False
112246,100,100,True,1,1,0,1,False,False,False
112306,100,100,True,1,0,0,1,False,False,False
112366,100,100,True,1,0,0,1,False,False,False
112426,100,100,True,1,0,0,1,False,False,False
112486,100,100,True,1,0,0,1,False,False,False
112546,100,100,True,1,0,0,1,False,False,False
112606,100,100,True,1,0,0,1,False,False,False
112666,100,100,True,1,0,0,1,False,False,False
112726,100,100,True,1,0,0,1,False,False,False
112786,100,100,True,1,0,0,1,False,False,False
112846,100,100,True,1,0,0,1,False,False,False
112906,100,100,True,1,0,0,1,False,False,False
112966,100,100,True,1,0,0,1,False,False,False
113026,100,100,True,1,0,0,1,False,False,False
113086,100,100,True,1,0,0,1,False,False,False
113146,100,100,True,1,0,0,1,False,False,False
113206,100,100,True,1,0,0,1,False,False,False
113266,100,100,True,1,0,0,1,False,False,False
113326,100,100,True,1,0,0,1,False,False,False
113386,100,100,True,1,0,0,1,False,False,False
113446,100,100,True,1,0,0,1,False,False,False
113506,100,100,True,1,0,0,1,False,False,False
113566,100,100,True,1,0,0,1,False,False,False
113626,100,100,True,1,0,0,1,False,False,False
113686,100,100,True,1,0,0,1,False,False,False
113746,100,100,True,1,0,0,1,False,False,False
113806,100,100,True,1,0,0,1,False,False,False
113866,100,100,True,1,0,0,1,False,False,False
113926,100,100,True,1,0,0,1,False,False,False
113986,100,100,True,1,0,0,1,False,False,False
114046,100,100,True,1,0,0,1,False,False,False
114106,100,100,True,1,0,0,1,False,False,False
114166,100,100,True,1,0,0,1,False,False,False
114226,100,100,True,1,0,0,1,False,False,False
114286,100,100,True,1,0,0,1,False,False,False
114346,100,100,True,1,0,0,1,False,False,False
114406,100,100,True,1,0,0,1,False,False,False
114466,100,100,True,1,0,0,1,False,False,False
114526,100,100,True,1,0,0,1,False,False,False
114586,100,100,True,1,0,0,1,False,False,False
114646,100,100,True,1,0,0,1,False,False,False
114706,100,100,True,1,0,0,1,False,False,False
114766,100,100,True,1,0,0,1,False,False,False
114826,100,100,True,1,0,0,1,False,False,False
114886,100,100,True,1,0,0,1,False,False,False
114946,100,100,True,1,0,0,1,False,False,False
115006,100,100,True,1,0,0,1,False,False,False
115066,100,100,True,1,0,0,1,False,False,False
115126,100,100,True,1,0,0,0,False,False,False
115186,100,100,True,0,0,0,0,False,False,False
115246,100,100,True,0,0,0,0,False,False,False
115306,100,100,True,0,0,0,0,False,False,False
115366,100,100,True,0,0,0,0,False,False,False
115426,100,100,True,0,0,0,0,False,False,False
115486,100,100,True,0,0,0,0,False,False,False
115546,100,100,True,0,0,0,0,False,False,False
115606,100,100,True,0,0,0,0,False,False,False
115666,100,100,True,0,0,0,0,False,False,False
115726,100,100,True,0,0,0,0,False,False,True
115786,100,100,True,0,0,0,0,False,False,True
115846,100,100,True,0,0,0,0,False,False,True
115906,100,100,True,0,0,0,0,False,False,True
115966,100,100,True,0,0,0,0,False,False,True
116026,100,100,True,0,0,0,0,False,False,True
116086,100,100,True,0,0,0,0,False,False,True
116146,100,100,True,0,0,0,0,False,False,True
116206,100,100,True,0,0,0,0,False,False,True
116266,100,100,True,0,0,0,0,False,False,True
116326,100,100,True,0,0,0,0,False,False,True
116386,100,100,True,0,0,0,0,False,False,True
116446,100,100,True,0,0,0,0,False,False,True
116506,100,100,True,0,0,0,0,False,False,True
116566,100,100,True,0,0,0,0,False,False,True
116626,100,100,True,0,0,0,0,False,False,True
116686,100,100,True,0,0,0,0,False,False,True
116746,98,99,True,0,0,0,0,False,False,True
116806,98,99,True,0,0,0,0,False,False,True
116866,98,99,True,0,0,0,0,False,False,True
119866,100,100,True,1,1,1,1,False,False,False
119926,100,100,True,1,1,1,1,False,False,False
119986,100,100,True,1,1,1,1,False,False,False
120046,100,100,True,1,1,1,1,False,False,False
120106,100,100,True,1,1,1,1,False,False,False
120166,100,100,True,1,1,1,1,False,False,False
120226,100,100,True,1,1,1,1,False,False,False
120286,100,100,True,1,1,1,1,False,False,False
120346,100,100,True,1,1,1,1,False,False,False
120406,100,100,True,1,1,1,1,False,False,False
120466,100,100,True,1,1,1,1,False,False,False
120526,100,100,True,1,1,1,1,False,False,False
120586,100,100,True,1,1,1,1,False,False,False
120646,100,100,True,1,1,1,1,False,False,False
120706,100,100,True,1,1,1,1,False,False,False
120766,100,100,True,1,1,1,1,False,False,False
120826,100,100,True,1,1,1,1,False,False,False
120886,100,100,True,1,1,1,1,False,False,False
120946,100,100,True,1,1,1,1,False,False,False
121006,100,100,True,1,1,1,1,False,False,False
121066,100,100,True,1,1,1,1,False,False,False
121126,100,100,True,1,1,1,1,False,False,False
121186,100,100,True,1,1,1,1,False,False,False
121246,100,100,True,1,1,1,1,False,False,False
121306,100,100,True,1,1,1,1,False,False,False
121366,100,100,True,1,1,1,1,False,False,False
121426,100,100,True,1,1,1,1,False,False,False
121486,100,100,True,1,1,1,1,False,False,False
121546,100,100,True,1,1,1,1,False,False,False
121606,100,100,True,1,1,1,1,False,False,False
121666,100,100,True,1,1,1,1,False,False,False
121726,100,100,True,1,1,1,1,False,False,False
121786,100,100,True,1,1,1,1,False,False,False
121846,100,100,True,1,1,1,1,False,False,False
121906,100,100,True,1,1,1,1,False,False,False
121966,100,100,True,1,1,1,1,False,False,False
122026,100,100,True,1,1,1,1,False,False,False
122086,100,100,True,1,1,1,1,False,False,False
122146,100,100,True,1,1,1,1,False,False,False
122206,100,100,True,1,1,1,1,False,False,False
122266,100,100,True,1,1,1,1,False,False,False
122326,100,100,True,1,1,1,1,False,False,False
122386,100,100,True,1,1,1,1,False,False,False
122446,100,100,True,1,1,1,1,False,False,False
122506,100,100,True,1,1,1,1,False,False,False
122566,100,100,True,1,1,1,1,False,False,False
122626,100,100,True,1,1,1,1,False,False,False
122686,100,100,True,1,1,1,1,False,False,False
122746,100,100,True,1,1,1,1,False,False,False
122806,100,100,True,1,1,1,1,False,False,False
122866,100,100,True,1,1,1,1,False,False,False
122926,100,100,True,1,1,1,1,False,False,False
122986,100,100,True,1,1,1,1,False,False,False
123046,100,100,True,1,1,1,1,False,False,False
123106,100,100,True,1,1,1,1,False,False,False
123166,100,100,True,1,1,1,1,False,False,False
123226,100,100,True,1,1,1,1,False,False,False
123286,100,100,True,1,1,1,1,False,False,False
123346,100,100,True,1,1,1,1,False,False,False
123406,100,100,True,1,1,1,1,False,False,False
123466,100,100,True,1,1,1,1,False,False,False
123526,100,100,True,1,1,1,1,False,False,False
123586,100,100,True,1,1,1,1,False,False,False
123646,100,100,True,1,1,1,1,False,False,False
123706,100,100,True,1,1,1,1,False,False,False
123766,100,100,True,1,1,1,1,False,False,False
123826,100,100,True,1,1,1,1,False,False,False
123886,100,100,True,1,1,1,1,False,False,False
123946,100,100,True,1,1,1,1,False,False,False
124006,100,100,True,1,1,1,1,False,False,False
124066,100,100,True,1,1,1,1,False,False,False
124126,100,100,True,1,1,1,1,False,False,False
124186,100,100,True,1,1,1,1,False,False,False
124246,100,100,True,1,1,1,1,False,False,False
124306,100,100,True,1,1,1,1,False,False,False
