0,1,2,3,4,5,6,7,8,9,10
5236,100,100,False,0,0,0,0,False,False,False
5296,100,100,False,0,0,0,0,False,False,False
5356,100,100,False,0,0,0,0,False,False,False
5416,100,100,False,0,0,0,0,False,False,False
5476,100,100,False,0,0,0,0,False,False,False
5536,100,100,False,0,0,0,0,False,False,False
5596,100,100,False,0,0,0,0,False,False,False
5656,100,100,False,0,0,0,0,False,False,False
5716,100,100,False,0,0,0,0,False,False,False
5776,100,100,False,0,0,0,0,False,False,False
5836,100,100,False,0,0,0,0,False,False,False
5896,100,100,False,0,0,0,0,False,False,False
5956,100,100,False,0,0,0,0,False,False,False
6016,100,100,False,0,0,0,0,False,False,False
6076,100,100,False,0,0,0,0,False,False,False
6136,100,100,False,0,0,0,0,False,False,False
6196,100,100,False,0,0,0,0,False,False,False
6256,100,100,False,0,0,0,0,False,False,False
6316,100,100,False,0,0,0,0,False,False,False
6376,100,100,False,0,0,0,0,False,False,False
6436,100,100,False,0,0,0,0,False,False,False
6496,100,100,False,0,0,0,0,False,False,False
6556,100,100,False,0,0,0,0,False,False,False
6616,100,100,False,0,0,0,0,False,False,False
6676,100,100,False,0,0,0,0,False,False,False
6736,100,100,False,0,0,0,0,False,False,False
6796,100,100,False,0,0,0,0,False,False,False
6856,100,100,False,0,0,0,0,False,False,False
6916,100,100,False,0,0,0,0,False,False,False
6976,100,100,False,0,0,0,0,False,False,False
7036,100,100,False,0,0,0,0,False,False,False
7096,100,100,False,0,0,0,0,False,False,False
7156,100,100,False,0,0,0,0,False,False,False
7216,100,100,False,0,0,0,0,False,False,False
7276,100,100,False,0,0,0,0,False,False,False
7336,100,100,False,0,0,0,0,False,False,False
7396,100,100,False,0,0,0,0,False,False,False
7456,100,100,False,0,0,0,0,False,False,False
7516,100,100,False,0,0,0,0,False,False,False
7576,100,100,False,0,0,0,0,False,False,False
7636,100,100,False,0,0,0,0,False,False,False
7696,100,100,False,0,0,0,0,False,False,False
7756,100,100,False,0,0,0,0,False,False,False
7816,100,100,False,0,0,0,0,False,False,False
7876,100,100,False,0,0,0,0,False,False,False
7936,100,100,False,0,0,0,0,False,False,False
7996,100,100,False,0,0,0,0,False,False,False
8056,100,100,False,0,0,0,0,False,False,False
8116,100,100,False,0,0,0,0,False,False,False
8176,100,100,False,0,0,0,0,False,False,False
8236,100,100,False,0,0,0,0,False,False,False
8296,100,100,False,0,0,0,0,False,False,False
8356,100,100,False,0,0,0,0,False,False,False
8416,100,100,False,0,0,0,0,False,False,False
8476,100,100,False,0,0,0,0,False,False,False
8536,100,100,False,0,0,0,0,False,False,False
8596,100,100,False,0,0,0,0,False,False,False
8656,100,100,False,0,0,0,0,False,False,False
9976,100,100,True,1,1,0,0,False,False,False
10036,100,100,True,1,1,0,0,False,False,False
10096,100,100,True,1,1,0,0,False,False,False
10156,100,100,True,1,1,0,0,False,False,False
10216,100,100,True,1,1,0,0,False,False,False
10276,100,100,True,1,1,0,0,False,False,False
10336,100,100,True,1,1,0,0,False,False,False
10396,100,100,True,1,1,0,0,False,False,False
10456,100,100,True,1,1,0,0,False,False,False
10516,100,100,True,1,1,0,0,False,False,False
10576,100,100,True,1,1,0,0,False,False,False
10636,100,100,True,1,1,0,0,False,False,False
10696,100,100,True,1,1,0,0,False,False,False
10756,100,100,True,1,1,0,0,False,False,False
10816,100,100,True,1,1,0,0,False,False,False
10876,100,100,True,1,1,0,0,False,False,False
10936,100,100,True,1,1,0,0,False,False,False
10996,100,100,True,1,1,0,0,False,False,False
11056,100,100,True,1,1,0,0,False,False,False
11116,100,100,True,1,1,0,0,False,False,False
11176,100,100,True,1,1,0,0,False,False,False
11236,100,100,True,1,1,0,0,False,False,False
11296,100,100,True,1,1,0,0,False,False,False
11356,100,100,True,1,1,0,0,False,False,False
11416,100,100,True,1,1,0,0,False,False,False
11476,100,100,True,1,1,0,0,False,False,False
11536,100,100,True,1,1,0,0,False,False,False
11596,100,100,True,1,1,0,0,False,False,False
11656,100,100,True,1,1,0,0,False,False,False
11716,100,100,True,1,1,0,0,False,False,False
11776,100,100,True,1,1,0,0,False,False,False
11836,100,100,True,1,1,0,0,False,False,False
11896,100,100,True,1,1,0,0,False,False,False
11956,100,100,True,1,1,0,0,False,False,False
12016,100,100,True,1,1,0,0,False,False,False
12076,100,100,True,1,1,0,0,False,False,False
12136,100,100,True,1,1,0,0,False,False,False
12196,100,100,True,1,1,0,0,False,False,False
12256,100,100,True,1,1,0,0,False,False,False
12316,100,100,True,1,1,0,0,False,False,False
12376,67,95,True,1,1,0,0,False,False,False
12436,67,95,True,1,1,0,0,False,False,False
12496,67,95,True,1,1,0,0,False,False,False
12556,67,95,True,1,1,0,0,False,False,False
12616,67,95,True,1,1,0,0,False,False,False
12676,67,95,True,1,1,0,0,False,False,False
12736,67,95,True,1,1,0,0,False,False,False
12796,67,95,True,1,1,0,0,False,False,False
14176,100,95,True,1,1,1,1,False,False,False
14236,100,95,True,1,1,1,1,False,False,False
14296,100,95,True,1,1,1,1,False,False,False
14356,100,95,True,1,1,1,1,False,False,False
14416,100,95,True,1,1,1,1,False,False,False
14476,100,95,True,1,1,1,1,False,False,False
14536,100,95,True,1,0,1,1,False,False,False
14596,100,95,True,1,0,1,1,False,False,False
14656,100,95,True,1,0,0,1,False,False,False
14716,100,95,True,1,0,0,1,False,False,False
14776,100,95,True,1,0,0,1,False,False,False
14836,100,95,True,1,0,0,1,False,False,False
14896,100,95,True,1,0,0,1,False,False,False
14956,100,95,True,1,0,0,1,False,False,False
15016,100,95,True,1,0,0,1,False,False,False
15076,100,95,True,1,0,0,1,False,False,False
15136,100,95,True,1,0,0,1,False,False,False
15196,100,95,True,1,0,0,1,False,False,False
15256,100,95,True,1,0,0,1,False,False,False
15316,100,95,True,1,0,0,1,False,False,False
15376,100,95,True,1,0,0,0,False,False,False
15436,49,93,True,1,0,0,0,False,False,False
15496,18,92,True,1,0,0,0,False,False,False
15556,18,92,True,1,0,0,0,False,False,False
15616,18,92,True,1,0,0,0,False,False,False
15676,18,92,True,1,0,0,0,False,False,False
15736,18,92,True,1,0,0,0,False,False,False
15796,18,92,True,1,0,0,0,False,False,False
15856,18,92,True,1,1,0,0,False,False,False
15916,18,92,True,1,1,0,0,False,False,False
15976,18,92,True,1,1,0,0,False,False,False
16036,18,92,True,1,1,0,0,False,False,False
16096,18,92,True,1,1,0,0,False,False,False
17416,100,92,True,1,1,1,1,False,False,False
17476,100,92,True,1,1,1,1,True,False,False
17536,100,92,True,1,1,1,1,True,False,False
17596,100,92,True,1,1,1,1,True,False,False
17656,100,92,True,1,1,1,1,True,False,False
17716,100,92,True,1,1,1,1,True,False,False
17776,100,92,True,1,1,1,1,True,False,False
17836,100,92,True,1,1,1,1,True,False,False
17896,100,92,True,1,1,1,1,True,False,False
17956,100,92,True,1,1,1,1,True,False,False
18016,100,92,True,1,1,1,1,True,False,False
18076,100,92,True,1,1,1,1,True,False,False
18136,100,92,True,1,1,1,1,True,False,False
18196,100,92,True,1,1,1,1,True,False,False
18256,100,92,True,1,1,1,1,True,False,False
18316,100,92,True,1,1,1,1,True,False,False
18376,100,92,True,1,1,1,1,True,False,False
18436,100,92,True,1,1,1,1,True,False,False
18496,100,92,True,1,1,1,1,True,False,False
18556,100,92,True,1,1,1,0,True,False,False
18616,100,92,True,1,1,1,0,True,False,False
18676,90,91,True,1,1,1,0,True,False,False
18736,56,87,True,1,1,1,0,True,False,False
18796,56,87,True,1,1,1,0,True,False,False
18856,56,87,True,1,1,1,0,True,False,False
18916,56,87,True,0,1,1,0,True,False,False
18976,56,87,True,0,1,1,0,True,False,False
19036,56,87,True,0,1,1,0,True,False,False
19096,56,87,True,0,1,1,0,True,False,False
25816,100,100,False,1,1,1,1,True,False,False
25876,100,100,False,1,1,1,1,True,False,False
25936,100,100,False,1,1,1,1,True,False,False
25996,100,100,False,1,1,1,1,True,False,False
26056,100,100,False,1,0,1,1,True,False,False
26116,100,100,False,1,0,1,1,True,False,False
26176,100,100,False,1,0,1,1,True,False,False
26236,100,100,False,1,0,1,1,True,False,False
26296,100,100,False,1,0,1,1,True,False,False
26356,100,100,False,1,0,1,0,True,False,False
26416,100,100,False,0,0,1,0,True,False,False
26476,100,100,False,0,0,1,0,True,False,False
26536,100,100,False,0,0,1,0,True,False,False
26596,100,100,False,0,0,1,0,True,False,False
26656,100,100,False,0,0,1,0,True,False,False
26716,100,100,False,0,0,1,0,True,False,False
26776,100,100,False,0,0,1,0,True,False,False
26836,100,100,False,0,0,1,0,True,False,False
26896,100,100,False,0,0,1,0,True,False,False
26956,100,100,False,0,0,1,0,True,False,False
30136,100,100,True,1,1,1,1,True,False,False
30196,100,100,True,1,1,1,1,True,False,False
30256,100,100,True,1,1,1,1,True,False,False
30316,100,100,True,1,1,1,1,True,False,False
30376,100,100,True,1,1,1,1,True,False,False
30436,100,100,True,1,1,1,1,True,False,False
30496,100,100,True,1,1,1,1,True,False,False
30556,100,100,True,1,1,1,1,True,False,False
30616,100,100,True,1,1,1,0,True,False,False
30676,100,100,True,0,1,1,0,True,False,False
30736,100,100,True,0,1,1,0,True,False,False
30796,100,100,True,0,1,1,0,True,False,False
30856,100,100,True,0,1,1,0,True,False,False
30916,100,100,True,0,1,1,0,True,False,False
30976,100,100,True,0,1,1,0,True,False,False
31036,100,100,True,0,1,1,0,True,False,False
31096,100,100,True,0,1,1,0,True,False,False
31156,100,100,True,0,1,1,0,True,False,False
31216,100,100,True,0,1,1,0,True,False,False
31276,100,100,True,0,1,1,0,True,False,False
31336,100,100,True,0,1,1,0,True,False,False
31396,100,100,True,0,1,1,0,True,False,False
31456,100,100,True,0,1,1,0,True,False,False
31516,100,100,True,0,1,0,0,True,False,False
31576,100,100,True,0,1,0,0,True,False,False
31636,100,100,True,0,1,0,0,True,False,False
31696,100,100,True,0,1,0,0,True,False,False
31756,100,100,True,0,1,0,0,True,False,False
31816,100,100,True,0,1,0,0,True,False,False
31876,100,100,True,0,1,0,0,True,False,False
31936,100,100,True,0,1,0,0,True,False,False
31996,100,100,True,0,1,0,0,True,False,False
32056,100,100,True,0,1,0,0,True,False,False
32116,100,100,True,0,1,0,0,True,False,False
32176,100,100,True,0,1,0,0,True,False,False
32236,100,100,True,0,1,0,0,True,False,False
32296,100,100,True,0,1,0,0,True,False,False
32356,100,100,True,0,1,0,0,True,False,False
32416,100,100,True,0,1,0,0,True,False,False
32476,100,100,True,0,1,0,0,True,False,False
32536,100,100,True,0,1,0,0,True,False,False
32596,100,100,True,0,1,0,0,True,False,False
32656,100,100,True,0,1,0,0,True,False,False
32716,100,100,True,0,1,0,0,True,False,False
32776,100,100,True,0,1,0,0,True,False,False
32836,100,100,True,0,1,0,0,True,False,False
32896,100,100,True,0,1,0,0,True,False,False
32956,100,100,True,0,1,0,0,True,False,False
33016,100,100,True,0,1,0,0,True,False,False
33076,100,100,True,0,1,0,0,True,False,False
33136,100,100,True,0,1,0,0,True,False,False
33196,100,100,True,0,1,0,0,True,False,False
33256,100,100,True,0,1,0,0,True,False,False
33316,100,100,True,0,1,0,0,True,False,False
33376,100,100,True,0,1,0,0,True,False,False
33436,100,100,True,0,1,0,0,True,False,False
36856,100,100,True,1,1,1,1,True,False,False
36916,100,100,True,1,1,1,1,True,False,False
36976,100,100,True,1,1,1,1,True,False,False
37036,100,100,True,1,1,1,1,True,False,False
37096,100,100,True,1,1,1,1,True,False,False
37156,100,100,True,1,1,1,1,True,False,False
37216,100,100,True,1,1,1,1,True,False,False
37276,100,100,True,1,0,1,1,True,False,False
37336,100,100,True,1,0,1,1,True,False,False
37396,100,100,True,1,0,1,0,True,False,False
37456,100,100,True,1,0,1,0,True,False,False
37516,100,100,True,1,0,1,0,True,False,False
37576,100,100,True,0,0,1,0,True,False,False
37636,100,100,True,0,0,0,0,True,False,False
37696,100,100,True,0,0,0,0,True,False,False
37756,100,100,True,0,0,0,0,True,False,False
37816,100,100,True,0,0,0,0,True,False,False
37876,100,100,True,0,0,0,0,True,False,False
37936,100,100,True,0,0,0,0,True,False,False
37996,100,100,True,0,0,0,0,True,False,False
38056,100,100,True,0,0,0,0,True,False,False
38116,100,100,True,0,0,0,0,True,False,False
38176,100,100,True,0,0,0,0,True,False,False
38236,100,100,True,0,0,0,0,True,False,False
38296,100,100,True,0,0,0,0,True,False,False
38356,100,100,True,0,0,0,0,True,False,False
38416,100,100,True,0,0,0,0,True,False,False
38476,100,100,True,0,0,0,0,True,False,False
38536,100,100,True,0,0,0,0,True,False,False
38596,100,100,True,0,0,0,0,True,False,False
38656,100,100,True,0,0,0,0,True,False,False
38716,100,100,True,0,0,0,0,True,False,False
38776,100,100,True,0,0,0,0,True,False,False
38836,100,100,True,0,0,0,0,True,False,False
38896,100,100,True,0,0,0,0,True,False,False
38956,46,94,True,0,0,0,0,True,False,False
39016,12,90,True,0,0,0,0,True,False,False
39076,12,90,True,0,0,1,0,True,False,False
39136,12,90,True,0,0,1,0,True,False,False
39196,12,90,True,0,0,1,0,True,False,False
39256,12,90,True,0,0,1,0,True,False,False
39316,12,90,True,0,0,1,0,True,False,False
39376,12,90,True,0,0,1,0,True,False,False
39436,12,90,True,0,0,1,0,True,False,False
39496,12,90,True,0,0,0,0,True,False,False
39556,12,90,True,0,0,0,0,True,False,False
39616,12,90,True,0,0,0,0,True,False,False
39676,12,90,True,0,0,0,0,True,False,False
39736,12,90,True,0,0,0,0,True,False,False
39796,12,90,True,0,0,0,0,True,False,False
39856,12,90,True,0,0,0,0,True,False,False
39916,12,90,True,0,0,0,0,True,False,False
39976,12,90,True,0,0,0,0,True,False,False
40036,12,90,True,0,1,0,0,True,False,False
40096,12,90,True,0,1,0,0,True,False,False
40156,12,90,True,0,1,0,0,True,False,False
40216,12,90,True,0,1,0,0,True,False,False
41536,100,90,True,1,1,1,1,True,False,False
41596,100,90,True,1,1,1,1,True,False,False
41656,100,90,True,1,1,1,1,True,False,False
41716,100,90,True,1,1,1,1,True,False,False
41776,100,90,True,1,1,1,1,True,False,False
41836,100,90,True,1,1,1,1,True,False,False
41896,100,90,True,1,1,1,1,True,False,False
41956,100,90,True,1,1,1,1,True,False,False
42016,100,90,True,1,1,1,0,True,False,False
42076,100,90,True,1,1,0,0,True,False,False
42136,100,90,True,1,1,0,0,True,False,False
42196,100,90,True,1,1,0,0,True,False,False
42256,100,90,True,1,1,0,0,True,False,False
42316,100,90,True,0,1,0,0,True,False,False
42376,100,90,True,0,1,0,0,True,False,False
42436,100,90,True,0,1,0,0,True,False,False
42496,100,90,True,0,1,0,0,True,False,False
42556,100,90,True,0,1,0,0,True,False,False
42616,100,90,True,0,1,0,0,True,False,False
42676,100,90,True,0,1,0,0,True,False,False
42736,100,90,True,0,1,0,0,True,False,False
42796,100,90,True,0,1,0,0,True,False,False
42856,100,90,True,0,1,0,0,True,False,False
42916,100,90,True,0,1,0,0,True,False,False
42976,100,90,True,0,1,0,0,True,False,False
43036,100,90,True,0,1,0,0,True,False,False
43096,100,90,True,0,1,0,0,True,False,False
43156,100,90,True,0,1,0,0,True,False,False
43216,100,90,True,0,1,0,0,True,False,False
43276,100,90,True,0,1,0,0,True,False,False
43336,100,90,True,0,1,0,0,True,False,False
43396,100,90,True,0,1,0,0,True,False,False
43456,100,90,True,0,1,0,0,True,False,False
43516,100,90,True,0,1,0,0,True,False,False
43576,100,90,True,0,0,0,0,True,False,False
43636,100,90,True,0,0,0,0,True,False,False
43696,100,90,True,0,0,0,0,True,False,False
43756,100,90,True,0,0,0,0,True,False,False
43816,100,90,True,0,0,0,0,True,False,False
43876,100,90,True,0,0,0,0,True,False,False
43936,100,90,True,0,0,0,0,True,False,False
43996,100,90,True,0,0,0,0,True,False,False
44056,100,90,True,0,0,0,0,True,False,False
44116,100,90,True,0,0,0,0,True,False,False
44176,100,90,True,0,0,0,0,True,False,False
44236,100,90,True,0,0,0,0,True,False,False
44296,100,90,True,0,0,0,0,True,False,False
44356,100,90,True,0,0,0,0,True,False,False
44416,100,90,True,0,0,0,0,True,False,False
44476,100,90,True,0,0,0,0,True,False,False
44536,100,90,True,0,0,0,0,True,False,False
44596,100,90,True,0,0,0,0,True,False,False
44656,100,90,True,0,0,0,0,True,False,False
44716,100,90,True,0,0,0,0,True,False,False
44776,100,90,True,0,0,0,0,True,False,False
44836,100,90,True,0,0,0,0,True,False,False
44896,100,90,True,0,0,0,0,True,False,False
44956,100,90,True,0,0,0,0,True,False,False
45016,100,90,True,0,0,0,0,True,False,False
45076,100,90,True,0,0,0,0,True,False,False
45136,100,90,True,0,0,0,0,True,False,True
45196,100,90,True,0,0,0,0,True,False,True
45256,100,90,True,0,0,0,0,True,False,True
45316,100,90,True,0,0,0,0,True,False,True
45376,100,90,True,0,0,0,0,True,False,True
45436,100,90,True,0,0,0,0,True,False,True
45496,100,90,True,0,0,0,0,True,False,True
45556,100,90,True,0,0,0,0,True,False,True
45616,100,90,True,0,0,0,0,True,False,True
45676,100,90,True,0,0,0,0,True,False,True
45736,100,90,True,0,0,0,0,True,False,True
45796,100,90,True,0,0,0,0,True,False,True
45856,100,90,True,0,0,0,0,True,False,True
45916,100,90,True,0,0,0,0,True,False,True
45976,100,90,True,0,0,0,0,True,False,True
46036,100,90,True,0,0,0,0,True,False,True
46096,100,90,True,0,0,0,0,True,False,True
46156,100,90,True,0,0,0,0,True,False,True
46216,85,90,True,0,0,0,0,True,False,True
46276,85,90,True,0,0,0,0,True,False,True
46336,85,90,True,0,0,0,0,True,False,True
46396,85,90,True,0,0,0,0,True,False,True
46456,85,90,True,0,0,0,0,True,False,True
46516,85,90,True,0,0,0,0,True,False,True
46576,85,90,True,0,0,0,0,True,False,True
46636,85,90,True,0,0,0,0,True,False,True
46696,85,90,True,0,0,0,0,True,False,True
46756,85,90,True,0,0,0,0,True,False,True
46816,85,90,True,0,0,0,0,True,False,True
46876,85,90,True,0,0,0,0,True,False,True
46936,85,90,True,0,0,0,0,True,False,True
46996,85,90,True,0,0,0,0,True,False,True
47056,85,90,True,0,0,0,0,True,False,True
47116,85,90,True,0,0,0,0,True,False,False
47176,85,90,True,0,0,0,0,True,False,False
47236,85,90,True,0,0,0,0,True,False,False
47296,85,90,True,0,0,0,0,True,False,False
47356,85,90,True,0,0,0,0,True,False,False
47416,85,90,True,0,0,0,0,True,False,False
47476,85,90,True,0,0,0,0,True,False,False
47536,85,90,True,0,0,0,0,True,False,False
48856,100,90,True,1,1,1,1,True,False,False
48916,100,90,True,1,1,1,1,True,False,False
48976,100,90,True,1,1,1,1,True,False,False
49036,100,90,True,1,1,1,1,True,False,False
49096,100,90,True,1,1,1,1,True,False,False
49156,100,90,True,1,1,1,1,True,False,False
49216,100,90,True,1,1,1,1,True,False,False
49276,100,90,True,1,1,1,1,True,False,False
49336,100,90,True,1,1,1,0,True,False,False
49396,100,90,True,1,1,1,0,True,False,False
49456,100,90,True,1,1,1,0,True,False,False
49516,100,90,True,1,1,1,0,True,False,False
49576,100,90,True,1,1,1,0,True,False,False
49636,100,90,True,0,1,1,0,True,False,False
49696,100,90,True,0,1,1,0,True,False,False
49756,100,90,True,0,1,1,0,True,False,False
49816,100,90,True,0,1,1,0,True,False,False
49876,100,90,True,0,1,1,0,True,False,False
49936,100,90,True,0,1,1,0,True,False,False
49996,100,90,True,0,1,1,0,True,False,False
50056,100,90,True,0,1,1,0,True,False,False
50116,100,90,True,0,1,1,0,True,False,False
50176,100,90,True,0,1,1,0,True,False,False
54376,100,100,False,1,0,1,0,False,False,False
54436,100,100,False,1,0,1,0,False,False,False
54496,100,100,False,1,0,1,0,False,False,False
54556,100,100,False,1,0,1,0,False,False,False
54616,100,100,False,1,0,1,0,False,False,False
54676,100,100,False,1,0,1,0,False,False,False
54736,100,100,False,1,0,0,0,False,False,False
54796,100,100,False,1,0,0,0,False,False,False
54856,100,100,False,1,0,0,0,False,False,False
54916,100,100,False,0,0,0,0,False,False,False
54976,100,100,False,0,0,0,0,False,False,False
55036,100,100,False,0,0,0,0,False,False,False
55096,100,100,False,0,0,0,0,False,False,False
55156,100,100,False,0,0,0,0,False,False,False
55216,100,100,False,0,0,0,0,False,False,False
55276,100,100,False,0,0,0,0,False,False,False
55336,100,100,False,0,0,0,0,False,False,False
55396,100,100,False,0,0,0,0,False,False,False
55456,100,100,False,0,0,0,0,False,False,False
55516,100,100,False,0,0,0,0,False,False,False
55576,100,100,False,0,0,0,0,False,False,False
55636,100,100,False,0,0,0,0,False,False,False
55696,100,100,False,0,0,0,0,False,False,False
55756,100,100,False,0,0,0,0,False,False,False
55816,100,100,False,0,0,0,0,False,False,False
55876,100,100,False,0,0,0,0,False,False,False
55936,100,100,False,0,0,0,0,False,False,False
55996,100,100,False,0,0,0,0,False,False,False
56056,100,100,False,0,0,0,0,False,False,False
56116,100,100,False,0,0,0,0,False,False,False
56176,100,100,False,0,0,0,0,False,False,False
56236,100,100,False,0,0,0,0,False,False,False
56296,100,100,False,0,0,0,0,False,False,False
56356,100,100,False,0,0,0,0,False,False,False
56416,100,100,False,0,0,0,0,False,False,False
56476,100,100,False,0,0,0,0,False,False,False
56536,100,100,False,0,0,0,0,False,False,False
56596,100,100,False,0,0,0,0,False,False,False
56656,100,100,False,0,0,0,0,False,False,False
56716,100,100,False,0,0,0,0,False,False,False
56776,100,100,False,0,0,0,0,False,False,False
56836,100,100,False,0,0,0,0,False,False,False
56896,100,100,False,0,0,0,0,False,False,False
56956,100,100,False,0,0,0,0,False,False,False
57016,100,100,False,0,0,0,0,False,False,False
57076,100,100,False,0,0,0,0,False,False,False
57136,100,100,False,0,0,0,0,False,False,False
57196,100,100,False,0,0,0,0,False,False,False
57256,100,100,False,0,0,0,0,False,False,False
57316,100,100,False,0,0,0,0,False,False,False
57376,100,100,False,0,0,0,0,False,False,False
57436,100,100,False,0,0,0,0,False,False,False
57496,100,100,False,0,0,0,0,False,False,False
57556,100,100,False,0,0,0,0,False,False,False
57616,100,100,False,0,0,0,0,False,False,False
57676,100,100,False,0,0,0,0,False,False,False
57736,100,100,False,0,0,0,0,False,False,False
57796,100,100,False,0,0,0,0,False,False,False
57856,100,100,False,0,0,0,0,False,False,False
57916,100,100,False,0,0,0,0,False,False,False
57976,100,100,False,0,0,0,0,False,False,False
58036,100,100,False,0,0,0,0,False,False,False
58096,100,100,False,0,0,0,0,False,False,False
58156,100,100,False,0,0,0,0,False,False,False
58216,100,100,False,0,0,0,0,False,False,False
58276,100,100,False,0,0,0,0,False,False,False
58336,100,100,False,0,0,0,0,False,False,False
58396,100,100,False,0,0,0,0,False,False,False
58456,100,100,False,0,0,0,0,False,False,False
58516,100,100,False,0,0,0,0,False,False,False
58576,100,100,False,0,0,0,0,False,False,False
58636,100,100,False,0,0,0,0,False,False,False
58696,100,100,False,0,0,0,0,False,False,False
58756,100,100,False,0,0,0,0,False,False,False
58816,100,100,False,0,0,0,0,False,False,False
58876,100,100,False,0,0,0,0,False,False,False
58936,100,100,False,0,0,0,0,False,False,False
58996,100,100,False,0,0,0,0,False,False,False
59056,100,100,False,0,0,0,0,False,False,False
59116,100,100,False,0,0,0,0,False,False,False
59176,100,100,False,0,0,0,0,False,False,False
59236,100,100,False,0,0,0,0,False,False,False
59296,100,100,False,0,0,0,0,False,False,False
59356,100,100,False,0,0,0,0,False,False,False
59416,100,100,False,0,0,0,0,False,False,False
59476,100,100,False,0,0,0,0,False,False,False
59536,100,100,False,0,0,0,0,False,False,False
60856,100,100,True,1,1,1,1,False,False,False
60916,100,100,True,1,1,1,1,False,False,False
60976,100,100,True,1,1,1,1,True,False,False
61036,100,100,True,1,1,1,1,True,False,False
61096,26,100,True,1,1,1,1,True,False,False
61156,26,100,True,1,1,1,1,True,False,False
61216,26,100,True,1,1,1,1,True,False,False
61276,26,100,True,1,1,1,1,True,False,False
61336,26,100,True,1,1,1,0,True,False,False
61396,26,100,True,1,1,1,0,True,False,False
61456,26,100,True,1,1,1,0,True,False,False
61516,26,100,True,1,0,1,0,True,False,False
61576,26,100,True,1,0,1,0,True,False,False
61636,26,100,True,1,0,1,0,True,False,False
61696,26,100,True,0,0,1,0,True,False,False
61756,26,100,True,0,0,1,0,True,False,False
61816,26,100,True,0,0,1,0,True,False,False
61876,26,100,True,0,0,1,0,True,False,False
61936,26,100,True,0,0,1,0,True,False,False
61996,26,100,True,0,0,1,0,True,False,False
62056,26,100,True,0,0,1,0,True,False,False
62116,26,100,True,0,0,1,0,True,False,False
62176,26,100,True,0,0,1,0,True,False,False
62236,26,100,True,0,0,1,0,True,False,False
62296,26,100,True,0,0,1,0,True,False,False
62356,26,100,True,0,0,1,0,True,False,False
62416,26,100,True,0,0,1,0,True,False,False
62476,26,100,True,0,0,1,0,True,False,False
62536,26,100,True,0,0,1,0,True,False,False
62596,26,100,True,0,0,1,0,True,False,False
62656,26,100,True,0,0,0,0,True,False,False
62716,26,100,True,0,0,0,0,True,False,False
62776,26,100,True,0,0,0,0,True,False,False
62836,26,100,True,0,0,0,0,True,False,False
62896,26,100,True,0,0,0,0,True,False,False
62956,26,100,True,0,0,0,0,True,False,False
63016,26,100,True,0,0,0,0,True,False,False
63076,26,100,True,0,0,0,0,True,False,False
63136,26,100,True,0,0,0,0,True,False,False
63196,26,100,True,0,0,0,0,True,False,False
63256,26,100,True,0,0,0,0,True,False,False
63316,26,100,True,0,0,0,0,True,False,False
63376,26,100,True,0,0,0,0,True,False,False
63436,26,100,True,0,0,0,0,True,False,False
63496,26,100,True,0,0,0,0,True,False,False
63556,26,100,True,0,0,0,0,True,False,False
63616,26,100,True,0,0,0,0,True,False,False
63676,26,100,True,0,0,0,0,True,False,False
63736,26,100,True,0,0,0,0,True,False,False
63796,26,100,True,0,0,0,0,True,False,False
63856,26,100,True,0,0,0,0,True,False,False
63916,26,100,True,0,0,0,0,True,False,False
63976,26,100,True,0,0,0,0,True,False,False
64036,26,100,True,0,0,0,0,True,False,False
64096,26,100,True,0,0,0,0,True,False,False
64156,26,100,True,0,0,0,0,True,False,False
64216,26,100,True,0,0,0,0,True,False,False
64276,26,100,True,0,0,0,0,True,False,False
64336,26,100,True,0,0,0,0,True,False,False
64396,26,100,True,0,0,0,0,True,False,False
64456,26,100,True,0,0,0,0,True,False,False
64516,26,100,True,0,0,0,0,True,False,False
64576,26,100,True,0,0,0,0,True,False,False
64636,26,100,True,0,0,0,0,True,False,False
64696,26,100,True,0,0,0,0,True,False,False
64756,26,100,True,0,0,0,0,True,False,False
64816,26,100,True,0,0,0,0,True,False,False
64876,26,100,True,0,0,0,0,True,False,False
64936,26,100,True,0,0,0,0,True,False,False
64996,26,100,True,0,0,0,0,True,False,False
65056,26,100,True,0,0,0,0,True,False,False
65116,26,100,True,0,0,0,0,True,False,False
65176,26,100,True,0,0,0,0,True,False,False
65236,26,100,True,0,0,0,1,True,False,False
65296,26,100,True,0,0,0,1,True,False,False
65356,26,100,True,0,0,0,1,True,False,False
65416,26,100,True,0,0,0,1,True,False,False
65476,26,100,True,0,0,0,1,True,False,False
65536,26,100,True,0,0,0,1,True,False,False
65596,26,100,True,0,0,0,1,True,False,False
65656,26,100,True,0,0,0,1,True,False,False
65716,26,100,True,0,0,0,1,True,False,False
65776,26,100,True,0,0,0,1,True,False,False
65836,26,100,True,0,0,0,1,True,False,False
65896,26,100,True,0,0,0,1,True,False,False
65956,26,100,True,0,0,0,1,True,False,False
66016,26,100,True,0,0,0,1,True,False,False
66076,26,100,True,0,0,0,1,True,False,False
66136,26,100,True,0,0,0,1,True,False,False
66196,26,100,True,0,0,0,1,True,False,False
66256,26,100,True,0,0,0,1,True,False,False
66316,26,100,True,0,0,0,1,True,False,False
66376,26,100,True,0,0,0,1,True,False,False
66436,26,100,True,0,0,0,1,True,False,False
67816,100,100,True,1,1,1,1,True,False,False
67876,100,100,True,1,1,1,1,True,False,False
67936,100,100,True,1,1,1,1,True,False,False
67996,100,100,True,1,1,1,1,True,False,False
68056,100,100,True,1,1,1,1,True,False,False
68116,100,100,True,1,1,1,1,True,False,False
68176,100,100,True,1,1,1,1,True,False,False
68236,100,100,True,1,1,1,0,True,False,False
68296,100,100,True,1,1,1,0,True,False,False
68356,100,100,True,1,1,0,0,True,False,False
68416,100,100,True,1,1,0,0,True,False,False
68476,100,100,True,1,1,0,0,True,False,False
68536,100,100,True,1,1,0,0,True,False,False
68596,100,100,True,1,1,0,0,True,False,False
68656,100,100,True,1,1,0,0,True,False,False
68716,100,100,True,1,1,0,0,True,False,False
68776,100,100,True,1,1,0,0,True,False,False
68836,100,100,True,1,1,0,0,True,False,False
68896,100,100,True,1,1,0,0,True,False,False
68956,100,100,True,0,1,0,0,True,False,False
69016,100,100,True,0,1,0,0,True,False,False
69076,100,100,True,0,1,0,0,True,False,False
69136,100,100,True,0,1,0,0,True,False,False
69196,100,100,True,0,1,0,0,True,False,False
69256,100,100,True,0,1,0,0,True,False,False
69316,100,100,True,0,1,0,0,True,False,False
69376,100,100,True,0,1,0,0,True,False,False
69436,100,100,True,0,1,0,0,True,False,False
69496,100,100,True,0,1,0,0,True,False,False
69556,100,100,True,0,1,0,0,True,False,False
69616,100,100,True,0,1,0,0,True,False,False
69676,100,100,True,0,1,0,0,True,False,False
69736,100,100,True,0,1,0,0,True,False,False
69796,100,100,True,0,1,0,0,True,False,False
69856,100,100,True,0,1,0,0,True,False,False
69916,100,100,True,0,1,0,0,True,False,False
69976,100,100,True,0,1,0,0,True,False,False
70036,100,100,True,0,1,0,0,True,False,False
70096,100,100,True,0,1,0,0,True,False,False
70156,100,100,True,0,1,0,0,True,False,False
70216,100,100,True,0,1,0,0,True,False,False
70276,100,100,True,0,1,0,0,True,False,False
70336,100,100,True,0,1,0,0,True,False,False
70396,100,100,True,0,1,0,0,True,False,False
70456,100,100,True,0,1,0,0,True,False,False
70516,100,100,True,0,1,0,0,True,False,False
70576,100,100,True,0,1,0,0,True,False,False
70636,100,100,True,0,1,0,0,True,False,False
70696,100,100,True,0,1,0,0,True,False,False
70756,100,100,True,0,1,0,0,True,False,False
70816,100,100,True,0,1,0,0,True,False,False
70876,100,100,True,0,1,0,0,True,False,False
70936,100,100,True,0,1,0,0,True,False,False
70996,100,100,True,0,1,0,0,True,False,False
71056,100,100,True,0,1,0,0,True,False,False
71116,100,100,True,0,1,0,0,True,False,False
71176,100,100,True,0,1,0,0,True,False,False
71236,100,100,True,0,1,0,0,True,False,False
71296,100,100,True,0,1,0,0,True,False,False
71356,100,100,True,0,1,0,0,True,False,False
71416,100,100,True,0,1,0,0,True,False,False
71476,100,100,True,0,1,0,0,True,False,False
71536,100,100,True,0,1,0,0,True,False,False
71596,100,100,True,0,1,0,0,True,False,False
71656,100,100,True,0,1,0,0,True,False,False
71716,100,100,True,0,1,0,0,True,False,False
71776,100,100,True,0,1,0,0,True,False,False
71836,100,100,True,0,1,0,0,True,False,False
71896,100,100,True,0,1,0,0,True,False,False
71956,100,100,True,0,1,0,0,True,False,False
72016,100,100,True,0,1,0,0,True,False,False
72076,100,100,True,0,1,0,0,True,False,False
72136,100,100,True,0,1,0,0,True,False,False
72196,100,100,True,0,1,0,0,True,False,False
72256,100,100,True,0,1,0,0,True,False,False
72316,100,100,True,0,0,0,0,True,False,False
72376,100,100,True,0,0,0,0,True,False,False
72436,100,100,True,0,0,0,0,True,False,False
72496,100,100,True,0,0,0,0,True,False,False
72556,100,100,True,0,0,0,0,True,False,False
72616,100,100,True,0,0,0,0,True,False,False
72676,100,100,True,0,0,0,0,True,False,False
72736,100,100,True,0,0,0,0,True,False,False
72796,100,100,True,0,0,0,0,True,False,False
72856,100,100,True,0,0,0,0,True,False,False
72916,100,100,True,0,0,0,0,True,False,False
72976,100,100,True,0,0,0,0,True,False,False
73036,100,100,True,0,0,0,0,True,False,False
73096,100,100,True,0,0,0,0,True,False,False
73156,100,100,True,0,0,0,0,True,False,False
73216,100,100,True,0,0,0,0,True,False,False
73276,100,100,True,0,0,0,0,True,False,False
73336,100,100,True,0,0,0,0,True,False,False
73396,100,100,True,0,0,0,0,True,False,False
73456,100,100,True,0,0,0,0,True,False,False
73516,100,100,True,0,0,0,0,True,False,False
73576,100,100,True,0,0,0,0,True,False,False
73636,100,100,True,0,0,0,0,True,False,False
73696,100,100,True,0,0,0,0,True,False,False
73756,100,100,True,0,0,0,0,True,False,False
73816,100,100,True,0,0,0,0,True,False,False
73876,100,100,True,0,0,0,0,True,False,False
73936,100,100,True,0,0,0,0,True,False,False
73996,100,100,True,0,0,0,0,True,False,False
74056,100,100,True,0,0,0,0,True,False,False
74116,100,100,True,0,0,0,0,True,False,False
74176,100,100,True,0,0,0,0,True,False,False
74236,100,100,True,0,0,0,0,True,False,False
74296,36,92,True,0,0,0,0,True,False,False
74356,36,92,True,0,0,0,0,True,False,False
74416,36,92,True,0,0,0,0,True,False,False
74476,36,92,True,0,0,0,0,True,False,False
74536,36,92,True,0,0,0,0,True,False,False
74596,36,92,True,0,0,0,0,True,False,False
74656,36,92,True,0,0,0,0,True,False,False
74716,36,92,True,0,0,0,0,True,False,False
74776,36,92,True,0,0,0,0,True,False,False
74836,36,92,True,0,0,0,0,True,False,False
74896,36,92,True,0,0,0,0,True,False,False
74956,36,92,True,0,0,0,0,True,False,False
75016,36,92,True,0,0,0,0,True,False,False
76816,100,0,False,1,1,0,0,False,True,False
76876,100,0,False,1,1,0,0,False,True,False
76936,100,0,False,1,1,0,0,False,True,False
76996,100,0,False,1,1,0,0,False,True,False
77056,100,0,False,1,1,0,0,False,True,False
77116,100,0,False,1,1,0,0,False,True,False
77176,100,0,False,0,1,0,0,False,True,False
77236,100,0,False,0,1,0,0,False,True,False
77296,100,0,False,0,1,0,0,False,True,False
77356,100,0,False,0,1,0,0,False,True,False
77416,100,0,False,0,1,0,0,False,True,False
77476,100,0,False,0,1,0,0,False,True,False
77536,100,0,False,0,0,0,0,False,True,False
77596,100,0,False,0,0,0,0,False,True,False
77656,100,0,False,0,0,0,0,False,True,False
77716,100,0,False,0,0,0,0,False,True,False
77776,100,0,False,0,0,0,0,False,True,False
77836,100,0,False,0,0,0,0,False,True,False
77896,100,0,False,0,0,0,0,False,True,False
77956,100,0,False,0,0,0,0,False,True,False
78016,100,0,False,0,0,0,0,False,True,False
78076,100,0,False,0,0,0,0,False,True,False
78136,100,0,False,0,0,0,0,False,True,False
78196,100,0,False,0,0,0,0,False,True,False
78256,100,0,False,0,0,0,0,False,True,False
78316,100,0,False,0,0,0,0,False,True,False
78376,100,0,False,0,0,0,0,False,True,False
78436,100,0,False,0,0,0,0,False,True,False
78496,100,0,False,0,0,0,0,False,True,False
78556,100,0,False,0,0,0,0,False,True,False
78616,100,0,False,0,0,0,0,False,True,False
78676,100,0,False,0,0,0,0,False,True,False
78736,100,0,False,0,0,0,0,False,True,False
78796,100,0,False,0,0,0,0,False,True,False
78856,100,0,False,0,0,0,0,False,True,False
78916,100,0,False,0,0,0,0,False,True,False
78976,100,0,False,0,0,0,0,False,True,False
79036,100,0,False,0,0,0,0,False,True,False
79096,100,0,False,0,0,0,0,False,True,False
79156,100,0,False,0,0,0,0,False,False,True
79216,100,0,False,0,0,0,0,False,False,True
79276,100,0,False,0,0,0,0,False,False,True
79336,100,0,False,0,0,0,0,False,False,True
79396,100,0,False,0,0,0,0,False,False,True
79456,100,0,False,0,0,0,0,False,False,True
79516,100,0,False,0,0,0,0,False,False,True
79576,100,0,False,0,0,0,0,False,False,True
79636,100,0,False,0,0,0,0,False,False,True
79696,100,0,False,0,0,0,0,False,False,True
79756,100,0,False,0,0,0,0,False,False,True
81136,100,100,True,1,0,0,0,False,False,False
81196,100,100,True,1,0,0,0,False,False,False
81256,100,100,True,1,0,0,0,False,False,False
81316,100,100,True,1,0,0,0,False,False,False
81376,100,100,True,1,0,0,0,False,False,False
81436,100,100,True,0,0,0,0,False,False,False
81496,100,100,True,0,0,0,0,False,False,False
81556,100,100,True,0,0,0,0,False,False,False
81616,100,100,True,0,0,0,0,False,False,False
81676,100,100,True,0,0,0,0,False,False,False
81736,100,100,True,0,0,0,0,False,False,False
81796,100,100,True,0,0,0,0,False,False,False
81856,100,100,True,0,0,0,0,False,False,False
81916,100,100,True,0,0,0,0,False,False,False
81976,100,100,True,0,0,0,0,False,False,False
82036,100,100,True,0,0,0,0,False,False,False
82096,100,100,True,0,0,0,0,False,False,False
82156,100,100,True,0,0,0,0,False,False,False
82216,100,100,True,0,0,0,0,False,False,False
82276,100,100,True,0,0,0,0,False,False,False
82336,100,100,True,0,0,0,0,False,False,False
82396,100,100,True,0,0,0,0,False,False,False
82456,100,100,True,0,0,0,0,False,False,False
82516,100,100,True,0,0,0,0,False,False,False
82576,100,100,True,0,0,0,0,False,False,False
82636,100,100,True,0,0,0,0,False,False,False
82696,100,100,True,0,0,0,0,False,False,False
82756,100,100,True,0,0,0,0,False,False,False
82816,100,100,True,0,0,0,0,False,False,False
82876,100,100,True,0,0,0,0,False,False,False
82936,100,100,True,0,0,0,0,False,False,False
82996,100,100,True,0,0,0,0,False,False,False
83056,100,100,True,0,0,0,0,False,False,False
83116,100,100,True,0,0,0,0,False,False,False
83176,100,100,True,0,0,0,0,False,False,False
83236,100,100,True,0,0,0,0,False,False,False
83296,100,100,True,0,0,0,0,False,False,False
83356,100,100,True,0,0,0,0,False,False,False
83416,100,100,True,0,0,0,0,False,False,False
83476,100,100,True,0,0,0,0,False,False,False
83536,100,100,True,0,0,0,0,False,False,False
83596,100,100,True,0,0,0,0,False,False,False
83656,100,100,True,0,0,0,0,False,False,False
83716,100,100,True,0,0,0,0,False,False,False
83776,100,100,True,0,0,0,0,False,False,False
83836,100,100,True,0,0,0,0,False,False,False
83896,100,100,True,0,0,0,0,False,False,False
83956,100,100,True,0,0,0,0,False,False,False
84016,100,100,True,0,0,0,0,False,False,False
84076,100,100,True,0,0,0,0,False,False,False
84136,100,100,True,0,0,0,0,False,False,False
84196,100,100,True,0,0,0,0,False,False,False
84256,100,100,True,0,0,0,0,False,False,False
84316,100,100,True,0,0,0,0,False,False,False
84376,100,100,True,0,0,0,0,False,False,False
84436,100,100,True,0,0,0,0,False,False,False
84496,100,100,True,0,0,0,0,False,False,False
84556,100,100,True,0,0,0,0,False,False,False
84616,100,100,True,0,0,0,0,False,False,False
84676,100,100,True,0,0,0,0,False,False,False
84736,100,100,True,0,0,0,0,False,False,False
84796,100,100,True,0,0,0,0,False,False,False
84856,100,100,True,0,0,0,0,False,False,False
84916,100,100,True,0,0,0,0,False,False,False
84976,100,100,True,0,0,0,0,False,False,False
85036,100,100,True,0,0,0,0,False,False,False
85096,100,100,True,0,0,0,0,False,False,False
85156,100,100,True,0,0,0,0,False,False,False
85216,100,100,True,0,0,0,0,False,False,False
85276,100,100,True,0,0,0,0,False,False,False
85336,100,100,True,0,0,0,0,False,False,False
85396,100,100,True,0,0,0,0,False,False,False
85456,100,100,True,0,0,0,0,False,False,False
85516,100,100,True,0,0,0,0,False,False,False
85576,100,100,True,0,0,0,0,False,False,False
85636,100,100,True,0,0,0,0,False,False,False
85696,100,100,True,0,0,0,0,False,False,False
85756,100,100,True,0,0,0,0,False,False,False
85816,100,100,True,0,0,0,0,False,False,False
85876,100,100,True,0,0,0,0,False,False,False
85936,100,100,True,0,0,0,0,False,False,False
85996,100,100,True,0,0,0,0,False,False,False
86056,100,100,True,0,0,0,0,False,False,False
86116,100,100,True,0,0,0,0,False,False,False
86176,100,100,True,0,0,0,0,False,False,False
86236,100,100,True,0,0,0,0,False,False,False
86296,100,100,True,0,0,0,0,False,False,False
86356,100,100,True,0,0,0,0,False,False,True
86416,100,100,True,0,0,0,0,False,False,True
87796,100,100,True,1,1,0,1,False,False,False
87856,100,100,True,0,1,0,1,False,False,False
87916,100,100,True,0,1,0,1,False,False,False
87976,100,100,True,0,1,0,1,False,False,False
88036,100,100,True,0,1,0,1,False,False,False
88096,100,100,True,0,1,0,1,False,False,False
88156,100,100,True,0,1,0,1,False,False,False
88216,100,100,True,0,0,0,1,False,False,False
88276,100,100,True,0,0,0,1,False,False,False
88336,100,100,True,0,0,0,1,False,False,False
88396,100,100,True,0,0,0,1,False,False,False
88456,100,100,True,0,0,0,1,False,False,False
88516,100,100,True,0,0,0,1,False,False,False
88576,100,100,True,0,0,0,1,False,False,False
88636,100,100,True,0,0,0,0,False,False,False
88696,100,100,True,0,0,0,0,False,False,False
88756,100,100,True,0,0,0,0,False,False,False
88816,100,100,True,0,0,0,0,False,False,False
88876,100,100,True,0,0,0,0,False,False,False
88936,100,100,True,0,0,0,0,False,False,False
88996,100,100,True,0,0,0,0,False,False,False
89056,100,100,True,0,0,0,0,False,False,False
89116,100,100,True,0,0,0,0,False,False,False
89176,100,100,True,0,0,0,0,False,False,False
89236,100,100,True,0,0,0,0,False,False,False
89296,100,100,True,0,0,0,0,False,False,False
89356,100,100,True,0,0,0,0,False,False,False
89416,100,100,True,0,0,0,0,False,False,False
89476,100,100,True,0,0,0,0,False,False,False
89536,57,100,True,0,0,0,0,False,False,False
89596,36,100,True,0,0,0,0,False,False,False
89656,36,100,True,0,0,0,0,False,False,False
89716,36,100,True,0,0,0,0,False,False,False
89776,36,100,True,0,0,0,0,False,False,False
89836,36,100,True,0,0,0,0,False,False,False
89896,36,100,True,0,0,0,0,False,False,False
89956,36,100,True,0,0,0,0,False,False,False
90016,36,100,True,0,0,0,0,False,False,False
90076,36,100,True,0,0,0,0,False,False,False
90136,36,100,True,0,0,0,0,False,False,False
90196,36,100,True,0,0,0,0,False,False,False
90256,36,100,True,0,0,0,0,False,False,False
90316,36,100,True,0,0,0,0,False,False,False
90376,36,100,True,0,0,0,0,False,False,False
90436,36,100,True,0,0,0,0,False,False,False
90496,36,100,True,0,0,0,0,False,False,False
90556,36,100,True,0,0,0,0,False,False,False
90616,36,100,True,0,0,0,0,False,False,False
90676,36,100,True,0,0,0,0,False,False,False
90736,36,100,True,0,0,0,0,False,False,False
90796,36,100,True,0,0,0,0,False,False,False
90856,36,100,True,0,0,0,0,False,False,False
90916,36,100,True,0,0,0,0,False,False,False
90976,36,100,True,0,0,0,0,False,False,False
91036,36,100,True,0,0,0,0,False,False,False
91096,36,100,True,0,0,0,0,False,False,False
91156,36,100,True,0,0,0,0,False,False,False
91216,36,100,True,0,0,0,0,False,False,False
91276,36,100,True,0,0,0,0,False,False,False
