0,1,2,3,4,5,6,7,8,9,10
4981,100,0,False,1,1,0,0,False,False,False
5041,100,0,False,1,1,0,0,False,False,False
5101,100,0,False,1,1,0,0,False,False,False
5161,100,0,False,1,1,0,0,False,False,False
5221,100,0,False,0,1,0,0,False,False,False
5281,100,0,False,0,1,0,0,False,False,False
5341,100,0,False,0,1,0,0,False,False,False
5401,100,0,False,0,1,0,0,False,False,False
5461,100,0,False,0,1,0,0,False,False,False
5521,100,0,False,0,1,0,0,False,False,False
5581,100,0,False,0,1,0,0,False,False,False
5641,100,0,False,0,1,0,0,False,False,False
5701,100,0,False,0,0,0,0,False,False,False
5761,100,0,False,0,0,0,0,False,False,False
5821,100,0,False,0,0,0,0,False,False,False
8521,100,100,True,1,1,0,0,False,True,False
8581,100,100,True,0,1,0,0,False,True,False
8641,100,100,True,0,1,0,0,False,True,False
8701,100,100,True,0,1,0,0,False,True,False
8761,100,100,True,0,1,0,0,False,True,False
8821,100,100,True,0,1,0,0,False,True,False
8881,100,100,True,0,1,0,0,False,True,False
8941,100,100,True,0,1,0,0,False,True,False
9001,100,100,True,0,1,0,0,False,True,False
9061,100,100,True,0,1,0,0,False,True,False
9121,100,100,True,0,1,0,0,False,True,False
9181,100,100,True,0,1,0,0,False,True,False
9241,100,100,True,0,1,0,0,False,True,False
9301,100,100,True,0,0,0,0,False,True,False
9361,100,100,True,0,1,0,0,False,True,False
9421,100,100,True,0,1,0,0,False,True,False
9481,100,100,True,0,1,0,0,False,True,False
9541,100,100,True,0,1,0,0,False,False,False
9601,100,100,True,0,1,0,0,False,False,False
9661,100,100,True,0,1,0,0,False,False,False
9721,100,100,True,0,1,0,0,False,False,False
9781,100,100,True,0,1,0,0,False,False,False
9841,100,100,True,0,1,0,0,False,False,False
9901,100,100,True,0,1,0,0,False,False,False
9961,100,100,True,0,1,0,0,False,False,False
10021,100,100,True,0,1,0,0,False,False,False
10081,100,100,True,0,1,0,0,False,False,False
10141,100,100,True,0,1,0,0,False,True,False
10201,100,100,True,0,1,0,0,False,True,False
10261,100,100,True,0,1,0,0,False,True,False
10321,100,100,True,0,1,0,0,False,True,False
10381,100,100,True,0,1,0,0,False,True,False
10441,100,100,True,0,1,0,0,False,True,False
10501,100,100,True,0,1,0,0,False,True,False
10561,100,100,True,0,1,0,0,False,True,False
10621,100,100,True,0,1,1,0,False,True,False
10681,100,100,True,0,1,1,0,False,True,False
10741,100,100,True,0,1,1,0,False,True,False
10801,100,100,True,0,1,0,0,False,True,False
10861,100,100,True,0,1,0,0,False,True,False
10921,63,99,True,0,1,0,0,False,True,False
10981,63,99,True,0,1,0,0,False,True,False
11041,63,99,True,0,1,0,0,False,True,False
11101,63,99,True,0,1,0,0,False,True,False
11161,63,99,True,0,1,0,0,False,True,False
11221,63,99,True,0,1,0,0,False,True,False
11281,63,99,True,0,1,0,0,False,True,False
11341,4,71,True,0,1,0,0,False,True,False
11401,4,71,True,0,1,0,0,False,True,False
11461,4,71,True,0,1,0,0,False,True,False
11521,4,71,True,0,1,0,0,False,True,False
11581,4,71,True,0,0,0,0,False,True,False
11641,4,71,True,0,0,0,0,False,True,False
11701,4,71,True,0,0,0,0,False,True,False
11761,4,71,True,0,0,0,0,False,True,False
11821,4,71,True,0,0,0,0,False,True,False
11881,4,71,True,0,0,0,0,False,True,False
11941,4,71,True,0,0,0,0,False,False,True
12001,4,71,True,0,0,0,0,False,False,True
12061,4,71,True,0,0,0,0,False,False,True
12121,4,71,True,0,0,0,0,False,False,True
12181,4,71,True,0,0,0,0,False,False,True
12241,4,71,True,0,0,0,0,False,False,True
12301,4,71,True,0,0,0,0,False,False,True
12361,4,71,True,0,0,0,0,False,False,True
12421,4,71,True,0,0,0,0,False,False,True
12481,4,71,True,0,0,0,0,False,False,True
12541,4,71,True,0,0,0,0,False,False,True
12601,4,71,True,0,0,0,0,False,False,True
12661,4,71,True,0,0,0,0,False,False,True
12721,4,71,True,0,0,0,0,False,False,True
12781,4,71,True,0,0,0,0,False,False,True
12841,4,71,True,0,0,0,0,False,False,True
12901,4,71,True,0,0,0,0,False,False,True
12961,4,71,True,0,0,0,0,False,False,True
13021,4,71,True,0,0,0,0,False,False,True
13081,4,71,True,0,0,0,0,False,False,True
13141,4,71,True,0,0,0,0,False,False,True
13201,4,71,True,0,0,0,0,False,False,True
13261,4,71,True,0,0,0,0,False,False,True
13321,4,71,True,0,0,0,0,False,False,True
13381,4,71,True,0,0,0,0,False,False,True
13441,4,71,True,0,0,0,0,False,False,True
13501,4,71,True,0,0,0,0,False,False,True
13561,4,71,True,0,0,0,0,False,False,True
13621,4,71,True,0,0,0,0,False,False,True
13681,4,71,True,0,0,0,0,False,False,True
13741,4,71,True,0,0,0,0,False,False,True
13801,4,71,True,0,0,0,0,False,False,True
13861,4,71,True,0,0,0,0,False,False,True
13921,4,71,True,0,0,0,0,False,False,True
13981,4,71,True,0,0,0,0,False,False,True
14041,4,71,True,0,0,0,0,False,False,True
14101,4,71,True,0,0,0,0,False,False,True
14161,4,71,True,0,0,0,0,False,False,True
14221,4,71,True,0,0,0,0,False,False,True
14281,4,71,True,0,0,0,0,False,False,True
14341,4,71,True,0,0,0,0,False,False,True
14401,4,71,True,0,0,0,0,False,False,True
14461,4,71,True,0,0,0,0,False,False,True
14521,4,71,True,0,0,0,0,False,False,True
16321,100,100,True,1,1,0,0,False,False,False
16381,100,100,True,1,1,0,0,False,False,False
16441,100,100,True,1,1,0,0,False,False,False
16501,100,100,True,1,1,0,0,False,False,False
16561,100,100,True,1,1,0,0,False,False,False
16621,100,100,True,0,1,0,0,False,False,False
16681,100,100,True,0,1,0,0,False,False,False
16741,100,100,True,0,1,0,0,False,False,False
16801,100,100,True,0,1,0,0,False,False,False
16861,100,100,True,0,1,0,0,False,False,False
16921,100,100,True,0,1,0,0,False,False,False
16981,100,100,True,0,0,0,0,False,False,False
17041,100,100,True,0,0,0,0,False,False,False
17101,100,100,True,0,0,0,0,False,False,False
17161,100,100,True,0,0,0,0,False,False,False
17221,100,100,True,0,0,0,0,False,False,False
17281,100,100,True,0,0,0,0,False,False,False
17341,100,100,True,0,0,0,0,False,False,False
17401,100,100,True,0,0,0,0,False,False,False
17461,100,100,True,0,0,0,0,False,False,False
17521,100,100,True,0,0,0,0,False,False,False
17581,100,100,True,0,0,0,0,False,False,False
17641,100,100,True,0,0,0,0,False,False,False
17701,100,100,True,0,0,0,0,False,False,False
17761,100,100,True,0,0,0,0,False,False,False
17821,100,100,True,0,0,0,0,False,False,False
17881,100,100,True,0,0,0,0,False,False,False
17941,100,100,True,0,0,0,0,False,False,False
18001,100,100,True,0,0,0,0,False,False,False
18061,100,100,True,0,0,0,0,False,False,False
18121,100,100,True,0,0,0,0,False,False,False
18181,100,100,True,0,0,0,0,False,False,False
18241,100,100,True,0,0,0,0,False,False,False
18301,100,100,True,0,0,0,0,False,False,False
18361,100,100,True,0,0,0,0,False,False,False
18421,100,100,True,0,0,0,0,False,False,False
18481,100,100,True,0,0,0,0,False,False,False
18541,100,100,True,0,0,0,0,False,False,False
18601,100,100,True,0,0,0,0,False,False,False
18661,100,100,True,0,0,0,0,False,False,False
18721,74,95,True,0,0,0,0,False,False,False
18781,49,90,True,0,0,0,0,False,False,False
18841,49,90,True,0,0,0,0,False,False,False
18901,49,90,True,0,0,1,0,False,False,False
18961,49,90,True,0,0,1,0,False,False,False
19021,49,90,True,0,0,1,0,False,False,False
19081,49,90,True,0,0,0,0,False,False,False
19141,49,90,True,0,1,0,0,False,False,False
19201,49,90,True,0,1,0,0,False,False,False
20521,100,90,True,1,1,0,1,False,False,False
20581,100,90,True,1,1,0,1,False,False,False
20641,100,90,True,1,1,0,1,False,False,False
20701,100,90,True,1,1,0,1,False,False,False
20761,100,90,True,1,1,0,1,False,False,False
20821,100,90,True,1,1,0,1,False,False,False
20881,100,90,True,1,1,0,1,False,False,False
20941,100,90,True,1,1,0,1,False,False,False
21001,100,90,True,1,1,0,1,False,False,False
21061,100,90,True,1,1,0,1,False,False,False
21121,100,90,True,1,1,0,1,False,False,False
21181,100,90,True,1,1,0,1,False,False,False
21241,100,90,True,1,1,0,1,False,False,False
21301,100,90,True,1,1,0,1,False,False,False
21361,100,90,True,1,1,0,1,False,False,False
21421,100,90,True,1,1,0,1,False,False,False
21481,100,90,True,1,1,0,1,False,False,False
21541,100,90,True,1,1,0,1,False,False,False
21601,100,90,True,1,1,0,1,False,False,False
21661,100,90,True,1,1,0,1,False,False,False
21721,100,90,True,1,1,0,0,False,False,False
21781,56,89,True,1,1,0,0,False,False,False
21841,12,88,True,1,1,0,0,False,False,False
21901,12,88,True,1,1,0,0,False,False,False
21961,12,88,True,1,1,0,0,False,False,False
22021,12,88,True,1,1,0,0,False,False,False
22081,12,88,True,1,1,0,0,False,False,False
22141,12,88,True,1,1,0,0,False,False,False
22201,12,88,True,1,1,0,0,False,False,False
22261,12,88,True,1,1,0,0,False,False,False
22321,12,88,True,1,1,0,0,False,False,False
22381,12,88,True,1,1,0,0,False,False,False
22441,12,88,True,1,1,0,0,False,False,False
22501,12,88,True,1,1,0,0,False,False,False
22561,12,88,True,1,1,0,0,False,False,False
22621,12,88,True,1,0,0,0,False,False,False
22681,12,88,True,1,0,0,0,False,False,False
22741,12,88,True,1,0,0,0,False,False,False
22801,12,88,True,1,0,0,0,False,False,False
22861,12,88,True,1,0,0,0,False,False,False
22921,12,88,True,1,0,0,0,False,False,False
22981,12,88,True,1,0,0,0,False,False,False
23041,12,88,True,1,0,0,0,False,False,False
23101,12,88,True,1,0,0,0,False,False,False
23161,12,88,True,1,0,0,0,False,False,False
23221,12,88,True,1,0,0,0,False,False,False
23281,12,88,True,1,0,0,0,False,False,False
23341,12,88,True,1,0,0,0,False,False,False
23401,12,88,True,1,0,0,0,False,False,False
23461,12,88,True,1,0,0,0,False,False,False
23521,12,88,True,1,0,0,0,False,False,False
23581,12,88,True,1,0,0,0,False,False,False
23641,12,88,True,1,0,0,0,False,False,False
23701,12,88,True,1,0,0,0,False,False,False
23761,12,88,True,1,0,0,0,False,False,False
23821,12,88,True,1,0,0,0,False,False,False
23881,12,88,True,1,0,0,0,False,False,False
23941,12,88,True,1,0,0,0,False,False,False
24001,12,88,True,0,0,0,0,False,False,False
24061,12,88,True,0,0,0,0,False,False,False
24121,12,88,True,0,0,0,0,False,False,False
24181,12,88,True,0,0,0,0,False,False,False
24241,12,88,True,0,0,0,0,False,False,False
24301,12,88,True,0,0,0,0,False,False,False
24361,12,88,True,0,0,0,0,False,False,False
24421,12,88,True,0,0,0,0,False,False,False
24481,12,88,True,0,0,0,0,False,False,False
24541,12,88,True,0,0,0,0,False,False,False
24601,12,88,True,0,0,0,0,False,False,False
24661,12,88,True,0,0,0,0,False,False,False
24721,12,88,True,0,0,0,0,False,False,False
24781,12,88,True,0,0,0,0,False,False,False
24841,12,88,True,0,0,0,0,False,False,False
26161,100,88,True,1,1,0,1,False,False,False
26221,100,88,True,0,1,0,1,False,False,False
26281,100,88,True,0,1,1,1,False,False,False
26341,100,88,True,0,1,1,1,False,False,False
26401,100,88,True,0,1,1,1,False,False,False
26461,100,88,True,0,1,1,1,False,False,False
26521,100,88,True,0,1,1,1,False,False,False
26581,100,88,True,0,1,1,1,False,False,False
26641,100,88,True,0,1,1,1,False,False,False
26701,100,88,True,0,0,1,1,False,False,False
26761,100,88,True,0,0,1,1,False,False,False
26821,100,88,True,0,0,1,1,False,False,False
26881,100,88,True,0,0,1,1,False,False,False
26941,100,88,True,0,0,1,1,False,False,False
27001,100,88,True,0,0,1,1,False,False,False
27061,100,88,True,0,0,1,1,False,False,False
27121,83,77,True,0,0,1,1,False,False,False
27181,83,77,True,0,0,1,1,False,False,False
27241,83,77,True,0,0,1,1,False,False,False
27301,83,77,True,0,0,1,1,False,False,False
27361,83,77,True,0,0,1,1,False,False,False
27421,83,77,True,0,0,1,1,False,False,False
31741,100,100,True,1,1,0,1,False,False,False
31801,100,100,True,1,1,0,1,False,False,False
31861,100,100,True,1,1,0,1,False,False,False
31921,100,100,True,1,1,0,1,False,False,False
31981,100,100,True,1,1,0,1,False,False,False
32041,100,100,True,1,1,0,1,False,False,False
32101,100,100,True,0,1,0,1,False,False,False
32161,100,100,True,0,1,0,1,False,False,False
32221,100,100,True,0,1,0,1,False,False,False
32281,100,100,True,0,1,0,1,False,False,False
32341,100,100,True,0,1,0,1,False,False,False
32401,77,86,True,0,1,0,1,False,False,False
32461,77,86,True,0,1,0,1,False,False,False
32521,77,86,True,0,1,0,1,False,False,False
32581,77,86,True,0,1,0,1,False,False,False
37201,100,0,False,0,0,0,0,False,True,False
37261,100,0,False,0,0,0,0,False,False,False
37321,100,0,False,0,0,0,0,False,False,False
37381,100,0,False,0,0,0,0,False,False,False
37441,100,0,False,0,0,0,0,False,False,False
41521,100,0,False,1,0,0,0,False,False,False
41581,100,0,False,1,0,0,0,False,False,False
41641,100,0,False,1,0,0,0,False,False,False
41701,100,0,False,1,0,0,0,False,False,False
41761,100,0,False,1,0,0,0,False,False,False
41821,100,0,False,1,0,0,0,False,False,False
41881,100,0,False,1,0,0,0,False,False,False
41941,100,0,False,1,0,0,0,False,False,False
42001,100,0,False,1,0,0,0,False,False,False
42061,100,0,False,1,0,0,0,False,False,False
42121,48,0,False,1,0,0,0,False,False,False
42181,48,0,False,1,0,0,0,False,False,False
42241,48,0,False,1,0,0,0,False,False,False
42301,48,0,False,1,0,0,0,False,False,False
42361,48,0,False,1,0,0,0,False,False,False
42421,48,0,False,1,0,0,0,False,False,False
42481,48,0,False,1,0,0,0,False,False,False
42541,48,0,False,1,0,0,0,False,False,False
42601,48,0,False,1,0,0,0,False,False,False
42661,48,0,False,1,0,0,0,False,False,False
42721,48,0,False,1,0,0,0,False,False,False
42781,48,0,False,1,0,0,0,False,False,False
42841,48,0,False,0,0,0,0,False,False,False
42901,48,0,False,0,0,0,0,False,False,False
42961,48,0,False,0,0,0,0,False,False,False
43021,48,0,False,0,0,0,0,False,False,False
43081,48,0,False,0,0,0,0,False,False,False
43141,48,0,False,0,0,0,0,False,False,False
43201,48,0,False,0,0,0,0,False,False,False
43261,48,0,False,0,0,0,0,False,False,False
43321,48,0,False,0,0,0,0,False,False,False
43381,48,0,False,0,0,0,0,False,False,False
43441,48,0,False,0,0,0,0,False,False,False
43501,48,0,False,0,0,0,0,False,False,False
43561,48,0,False,0,0,0,0,False,False,False
43621,46,0,False,0,0,0,0,False,False,False
43681,46,0,False,0,0,0,0,False,False,False
43741,46,0,False,0,0,0,0,False,False,False
43801,46,0,False,0,0,0,0,False,False,False
43861,46,0,False,0,0,0,0,False,False,False
43921,46,0,False,0,0,0,0,False,False,False
43981,46,0,False,0,0,0,0,False,False,False
44041,46,0,False,0,0,0,0,False,False,False
44101,46,0,False,0,0,0,0,False,False,False
44161,46,0,False,0,0,0,0,False,False,False
44221,46,0,False,0,0,0,0,False,False,False
44281,46,0,False,0,0,0,0,False,False,False
44341,26,0,False,0,0,0,0,False,False,False
47401,100,100,True,1,1,0,1,False,False,False
47461,100,100,True,1,1,0,1,False,False,False
47521,100,100,True,1,1,0,1,False,False,False
47581,100,100,True,1,1,0,1,False,False,False
47641,100,100,True,1,1,0,1,False,False,False
47701,100,100,True,1,1,0,1,False,False,False
47761,100,100,True,1,1,0,1,False,False,False
47821,100,100,True,1,1,0,1,False,False,False
47881,100,100,True,1,1,0,1,False,False,False
47941,100,100,True,1,1,0,1,False,False,False
48001,100,100,True,1,1,0,1,False,False,False
48061,100,100,True,1,1,0,1,False,False,False
48121,100,100,True,1,1,0,1,False,False,False
48181,100,100,True,1,1,0,1,False,False,False
48241,100,100,True,1,1,0,1,False,False,False
48301,100,100,True,1,1,0,1,False,False,False
48361,77,85,True,1,1,0,1,False,False,False
48421,77,85,True,1,1,0,1,False,False,False
48481,77,85,True,1,1,0,1,False,False,False
53581,100,100,True,1,1,0,0,False,False,False
53641,100,100,True,1,1,0,0,False,True,False
53701,100,100,True,1,1,0,0,False,True,False
53761,100,100,True,0,1,0,0,False,True,False
53821,100,100,True,0,1,0,0,False,True,False
53881,100,100,True,0,1,0,0,False,True,False
53941,100,100,True,0,1,0,0,False,True,False
54001,100,100,True,0,1,0,0,False,True,False
54061,100,100,True,0,1,0,0,False,True,False
54121,100,100,True,0,1,0,0,False,True,False
54181,100,100,True,0,1,0,0,False,True,False
54241,100,100,True,0,1,0,0,False,True,False
54301,100,100,True,0,0,0,0,False,True,False
54361,100,100,True,0,0,0,0,False,True,False
54421,100,100,True,0,0,0,0,False,True,False
54481,100,100,True,0,0,0,0,False,True,False
54541,100,100,True,0,0,0,0,False,True,False
54601,100,100,True,0,0,0,0,False,True,False
54661,100,100,True,0,0,0,0,False,True,False
54721,100,100,True,0,0,0,0,False,True,False
54781,100,100,True,0,0,0,0,False,True,False
54841,100,100,True,0,0,0,0,False,True,False
54901,100,100,True,0,0,0,0,False,True,False
54961,100,100,True,0,0,0,0,False,True,False
55021,100,100,True,0,0,0,0,False,True,False
55081,100,100,True,0,0,0,0,False,True,False
55141,100,100,True,0,0,0,0,False,True,False
55201,100,100,True,0,0,0,0,False,True,False
55261,100,100,True,0,0,0,0,False,True,False
55321,100,100,True,0,0,0,0,False,True,False
55381,100,100,True,0,0,0,0,False,True,False
55441,100,100,True,0,0,0,0,False,True,False
55501,100,100,True,0,0,0,0,False,True,False
55561,100,100,True,0,0,0,0,False,True,False
55621,100,100,True,0,0,0,0,False,True,False
55681,100,100,True,0,0,0,0,False,True,False
55741,100,100,True,0,0,0,0,False,True,False
55801,100,100,True,0,0,0,0,False,True,False
55861,100,100,True,0,0,0,0,False,True,False
55921,100,100,True,0,0,0,0,False,True,False
55981,100,100,True,0,0,0,0,False,True,False
56041,100,100,True,0,0,0,0,False,True,False
56101,100,100,True,0,0,0,0,False,True,False
56161,100,100,True,0,0,0,0,False,True,False
56221,100,100,True,0,0,0,0,False,True,False
56281,100,100,True,0,0,0,0,False,True,False
56341,100,100,True,0,0,0,0,False,True,False
56401,100,100,True,0,0,0,0,False,True,False
56461,100,100,True,0,0,0,0,False,True,False
56521,100,100,True,0,0,0,0,False,True,False
56581,100,100,True,0,0,0,0,False,True,False
56641,100,100,True,0,0,0,0,False,True,False
56701,100,100,True,0,0,0,0,False,True,False
56761,100,100,True,0,0,0,0,False,True,False
56821,100,100,True,0,0,0,0,False,True,False
56881,100,100,True,0,0,0,0,False,True,False
56941,100,100,True,0,0,0,0,False,True,False
57001,100,100,True,0,0,0,0,False,True,False
57061,100,100,True,0,0,0,0,False,True,False
58861,100,0,False,0,0,0,0,False,False,False
58921,100,0,False,0,0,0,0,False,False,False
58981,100,0,False,0,0,0,0,False,False,False
59041,100,0,False,0,0,0,0,False,False,False
59101,100,0,False,0,0,0,0,False,False,False
59161,100,0,False,0,0,0,0,False,False,False
59221,100,0,False,0,0,0,0,False,False,False
59281,100,0,False,0,0,0,0,False,False,False
59341,100,0,False,0,0,0,0,False,False,False
59401,100,0,False,0,0,0,0,False,False,False
59461,100,0,False,0,0,0,0,False,False,False
59521,100,0,False,0,0,0,0,False,False,False
59581,100,0,False,0,0,0,0,False,False,False
59641,100,0,False,0,0,0,0,False,False,False
59701,100,0,False,0,0,0,0,False,False,False
59761,100,0,False,0,0,0,0,False,False,False
59821,100,0,False,0,0,0,0,False,False,False
59881,100,0,False,0,0,0,0,False,False,False
59941,100,0,False,0,0,0,0,False,False,False
60001,100,0,False,0,0,0,0,False,False,False
60061,100,0,False,0,0,0,0,False,False,False
60121,100,0,False,0,0,0,0,False,False,False
60181,100,0,False,0,0,0,0,False,False,False
60241,100,0,False,0,0,0,0,False,False,False
60301,100,0,False,0,0,0,0,False,False,False
60361,100,0,False,0,0,0,0,False,False,False
60421,100,0,False,0,0,0,0,False,False,False
60481,100,0,False,0,0,0,0,False,False,False
60541,100,0,False,0,0,0,0,False,False,False
60601,100,0,False,0,0,0,0,False,False,False
60661,100,0,False,0,0,0,0,False,False,False
60721,100,0,False,0,0,0,0,False,False,False
60781,100,0,False,0,0,0,0,False,False,False
60841,100,0,False,0,0,0,0,False,False,False
60901,100,0,False,0,0,0,0,False,False,False
60961,100,0,False,0,0,0,0,False,False,False
61021,100,0,False,0,0,0,0,False,False,False
61081,100,0,False,0,0,0,0,False,False,False
61141,100,0,False,0,0,0,0,False,False,False
61201,100,0,False,0,0,0,0,False,False,False
61261,100,0,False,0,0,0,0,False,False,False
61321,100,0,False,0,0,0,0,False,False,False
61381,100,0,False,0,0,0,0,False,False,False
61441,100,0,False,0,0,0,0,False,False,False
61501,100,0,False,0,0,0,0,False,False,False
61561,100,0,False,0,0,0,0,False,False,False
61621,100,0,False,0,0,0,0,False,False,False
61681,100,0,False,0,0,0,0,False,False,False
61741,100,0,False,0,0,0,0,False,False,False
61801,69,0,False,0,0,0,0,False,False,False
61861,69,0,False,0,0,0,0,False,False,False
61921,69,0,False,0,0,0,0,False,False,False
61981,58,0,False,0,0,0,0,False,False,False
62041,58,0,False,0,0,0,0,False,False,False
62101,58,0,False,0,0,0,0,False,False,False
62161,58,0,False,0,0,0,0,False,False,False
62221,58,0,False,0,0,0,0,False,False,False
62281,58,0,False,0,0,0,0,False,False,False
62341,58,0,False,0,0,0,0,False,False,False
62401,58,0,False,0,0,0,0,False,False,False
62461,58,0,False,0,0,0,0,False,False,False
62521,58,0,False,0,0,0,0,False,False,False
62581,58,0,False,0,0,0,0,False,False,False
62641,58,0,False,0,0,0,0,False,False,False
62701,58,0,False,0,0,0,0,False,False,False
64501,100,100,True,1,1,0,0,False,True,False
64561,100,100,True,1,1,0,0,False,True,False
64621,100,100,True,1,1,0,0,False,True,False
64681,100,100,True,0,1,0,0,False,True,False
64741,100,100,True,0,1,0,0,False,True,False
64801,100,100,True,0,1,0,0,False,True,False
64861,100,100,True,0,1,0,0,False,True,False
64921,100,100,True,0,1,0,0,False,True,False
64981,100,100,True,0,1,0,0,False,True,False
65041,100,100,True,0,1,0,0,False,True,False
65101,100,100,True,0,1,0,0,False,True,False
65161,100,100,True,0,0,0,0,False,True,False
65221,100,100,True,0,0,0,0,False,True,False
65281,100,100,True,0,0,0,0,False,True,False
65341,100,100,True,0,0,0,0,False,False,False
65401,100,100,True,0,0,0,0,False,False,False
65461,100,100,True,0,0,0,0,False,False,False
65521,100,100,True,0,0,0,0,False,False,False
65581,100,100,True,0,0,0,0,False,False,False
65641,100,100,True,0,0,0,0,False,False,False
65701,100,100,True,0,0,0,0,False,False,False
65761,100,100,True,0,0,0,0,False,False,False
65821,100,100,True,0,0,0,0,False,False,False
65881,100,100,True,0,0,0,0,False,False,False
65941,100,100,True,0,0,0,0,False,False,False
66001,100,100,True,0,0,0,0,False,False,False
66061,100,100,True,0,0,0,0,False,False,False
66121,100,100,True,0,0,0,0,False,False,False
66181,100,100,True,0,0,0,0,False,False,False
66241,100,100,True,0,0,0,0,False,False,False
66301,100,100,True,0,0,0,0,False,False,False
66361,100,100,True,0,0,0,0,False,False,False
66421,100,100,True,0,0,0,0,False,False,False
66481,100,100,True,0,0,0,0,False,False,False
66541,100,100,True,0,0,0,0,False,False,False
66601,100,100,True,0,0,0,0,False,False,False
66661,100,100,True,0,0,0,0,False,False,False
66721,100,100,True,0,0,0,0,False,False,True
66781,100,100,True,0,0,0,0,False,False,True
66841,100,100,True,0,0,0,0,False,False,True
66901,100,100,True,0,0,0,0,False,False,True
66961,100,100,True,0,0,0,0,False,False,True
67021,100,100,True,0,1,0,0,False,False,True
67081,100,100,True,0,1,0,0,False,False,True
67141,100,100,True,0,1,0,0,False,False,True
67201,100,100,True,0,0,0,0,False,False,True
67261,100,100,True,0,0,0,0,False,False,True
67321,100,100,True,0,0,0,0,False,False,True
67381,100,100,True,0,0,0,0,False,False,True
67441,100,100,True,0,0,0,0,False,False,True
67501,100,100,True,0,1,0,0,False,False,True
67561,100,100,True,0,1,0,0,False,False,True
67621,100,100,True,0,1,0,0,False,False,True
67681,100,100,True,0,1,0,0,False,False,True
67741,100,100,True,0,1,0,0,False,False,True
67801,100,100,True,0,1,0,0,False,False,True
67861,100,100,True,0,1,0,0,False,False,True
67921,100,100,True,0,1,0,0,False,False,True
67981,100,100,True,0,1,0,0,False,False,True
69721,100,100,False,0,1,0,0,False,False,False
69781,100,100,False,0,1,0,0,False,False,False
69841,100,100,False,0,1,0,0,False,False,False
69901,100,100,False,0,1,0,0,False,False,False
69961,100,100,False,0,1,0,0,False,False,False
70021,100,100,False,0,1,0,0,False,False,False
70081,100,100,False,0,1,0,0,False,False,False
70141,100,100,False,0,1,0,0,False,False,False
70201,100,100,False,0,1,0,0,False,False,False
70261,100,100,False,0,1,0,0,False,False,False
70321,100,100,False,0,1,0,0,False,False,False
70381,100,100,False,0,1,0,0,False,False,False
70441,100,100,False,0,1,0,0,False,False,False
70501,100,100,False,0,1,0,0,False,False,False
70561,100,100,False,0,1,0,0,False,False,False
70621,100,100,False,0,1,0,0,False,False,False
70681,100,100,False,0,1,0,0,False,False,False
70741,100,100,False,0,1,0,0,False,False,False
70801,100,100,False,0,1,0,0,False,False,False
70861,100,100,False,0,1,0,0,False,False,False
70921,100,100,False,0,1,0,0,False,False,False
70981,16,100,False,0,1,0,0,False,False,False
71041,16,100,False,0,1,0,0,False,False,False
71101,16,100,False,0,1,0,0,False,False,False
71161,16,100,False,0,0,0,0,False,False,False
71221,16,100,False,0,0,0,0,False,False,False
71281,16,100,False,0,0,0,0,False,False,False
74041,100,100,True,1,1,0,0,False,False,False
74101,100,100,True,1,1,0,0,False,False,False
74161,100,100,True,1,1,0,0,False,False,False
74221,100,100,True,1,1,0,0,False,False,False
74281,100,100,True,1,1,0,0,False,False,False
74341,100,100,True,1,1,0,0,False,False,False
74401,100,100,True,1,1,0,0,False,False,False
74461,100,100,True,0,1,0,0,False,False,False
74521,100,100,True,0,0,0,0,False,False,False
74581,100,100,True,0,0,0,0,False,False,False
74641,100,100,True,0,0,0,0,False,False,False
74701,46,65,True,0,0,0,0,False,False,False
74761,14,55,True,0,0,0,0,False,False,False
77461,100,0,False,0,0,0,0,False,False,False
77521,100,0,False,0,0,0,0,False,False,False
77581,100,0,False,0,0,0,0,False,False,False
77641,100,0,False,0,0,0,0,False,False,False
77701,100,0,False,0,0,0,0,False,False,False
77761,100,0,False,0,0,0,0,False,False,False
77821,100,0,False,0,0,0,0,False,False,False
77881,100,0,False,0,0,0,0,False,False,False
77941,100,0,False,0,0,0,0,False,False,False
78001,100,0,False,0,0,0,0,False,False,False
78061,100,0,False,0,0,0,0,False,False,False
78121,100,0,False,0,0,0,0,False,False,False
78181,100,0,False,0,0,0,0,False,False,False
78241,100,0,False,0,0,0,0,False,False,False
78301,100,0,False,0,0,0,0,False,False,False
78361,100,0,False,0,0,0,0,False,False,False
78421,100,0,False,0,0,0,0,False,False,False
78481,100,0,False,0,0,0,0,False,False,False
78541,92,0,False,0,0,0,0,False,False,False
78601,77,0,False,0,0,0,0,False,False,False
78661,77,0,False,0,0,0,0,False,False,False
78721,77,0,False,0,0,0,0,False,False,False
83161,100,100,False,1,1,1,1,True,False,False
83221,100,100,False,1,1,1,1,True,False,False
83281,100,100,False,1,1,1,1,True,False,False
83341,100,100,False,1,1,1,1,True,False,False
83401,100,100,False,1,1,1,1,True,False,False
83461,100,100,False,1,1,1,1,True,False,False
83521,100,100,False,1,1,1,1,True,False,False
83581,100,100,False,1,1,1,1,True,False,False
83641,100,100,False,1,1,1,1,True,False,False
83701,100,100,False,1,1,1,1,True,False,False
83761,100,100,False,1,1,1,1,True,False,False
83821,100,100,False,1,1,1,1,True,False,False
83881,100,100,False,1,1,1,1,True,False,False
83941,100,100,False,1,0,1,1,True,False,False
84001,100,100,False,1,0,1,1,True,False,False
84061,100,100,False,1,0,1,1,True,False,False
84121,100,100,False,1,0,1,1,True,False,False
84181,100,100,False,1,0,1,1,True,False,False
84241,100,100,False,1,0,1,1,True,False,False
84301,100,100,False,1,0,1,1,True,False,False
84361,100,100,False,1,0,1,1,True,False,False
84421,100,100,False,1,0,1,1,True,False,False
84481,100,100,False,1,0,1,1,True,False,False
84541,100,100,False,1,0,1,1,True,False,False
84601,100,100,False,1,0,1,1,True,False,False
84661,100,100,False,1,0,1,1,True,False,False
84721,100,100,False,1,0,1,1,True,False,False
84781,100,100,False,1,0,1,1,True,False,False
84841,100,100,False,1,0,1,1,True,False,False
84901,100,100,False,1,0,1,1,True,False,False
84961,100,100,False,1,0,1,1,True,False,False
85021,100,100,False,1,0,1,1,True,False,False
85081,100,100,False,1,0,1,1,True,False,False
85141,100,100,False,1,0,1,1,True,False,False
85201,100,100,False,1,0,1,1,True,False,False
85261,100,100,False,1,0,1,1,True,False,False
85321,100,100,False,1,0,1,1,True,False,False
85381,100,100,False,1,0,1,1,True,False,False
85441,100,100,False,1,0,1,1,True,False,False
85501,100,100,False,1,0,1,1,True,False,False
85561,100,100,False,1,0,1,1,True,False,False
85621,100,100,False,1,0,1,1,True,False,False
85681,100,100,False,1,0,1,1,True,False,False
85741,100,100,False,1,0,1,1,True,False,False
85801,100,100,False,1,0,1,1,True,False,False
85861,100,100,False,1,0,1,1,True,False,False
85921,100,100,False,1,0,1,1,True,False,False
85981,100,100,False,1,0,1,1,True,False,False
90241,100,100,False,1,0,1,1,False,False,False
90301,100,100,False,1,0,1,1,False,False,False
90361,100,100,False,1,0,1,1,False,False,False
90421,100,100,False,1,0,1,1,False,False,False
90481,100,100,False,1,0,1,1,False,False,False
90541,100,100,False,1,0,1,1,False,False,False
90601,100,100,False,1,0,1,1,False,False,False
90661,100,100,False,1,0,1,1,False,False,False
90721,100,100,False,1,0,1,1,False,False,False
90781,100,100,False,1,0,1,1,False,False,False
90841,100,100,False,1,0,1,1,False,False,False
90901,100,100,False,1,0,1,0,False,False,False
90961,100,100,False,1,0,1,0,False,False,False
91021,100,100,False,1,0,0,0,False,False,False
91081,100,100,False,1,0,0,0,False,False,False
91141,100,100,False,1,0,0,0,False,False,False
91201,100,100,False,1,0,0,0,False,False,False
91261,100,100,False,1,0,0,0,False,False,False
91321,100,100,False,1,0,0,0,False,False,False
91381,100,100,False,1,0,0,0,False,False,False
91441,100,100,False,1,0,0,0,False,False,False
91501,100,100,False,1,0,0,0,False,False,False
91561,100,100,False,1,0,0,0,False,False,False
91621,100,100,False,1,0,0,0,False,False,False
91681,100,100,False,1,0,0,0,False,False,False
91741,100,100,False,1,0,0,0,False,False,False
91801,100,100,False,1,0,0,0,False,False,False
91861,100,100,False,1,0,0,0,False,False,False
91921,100,100,False,1,0,0,0,False,False,False
91981,100,100,False,1,0,0,0,False,False,False
100021,100,100,False,1,1,1,1,False,False,False
100081,100,100,False,1,1,1,1,False,False,False
100141,100,100,False,1,1,1,1,False,False,False
100201,100,100,False,1,1,1,1,False,False,False
100261,100,100,False,1,1,1,1,False,False,False
100321,100,100,False,1,1,1,1,False,False,False
100381,100,100,False,1,1,1,1,False,False,False
100441,100,100,False,1,1,1,1,False,False,False
100501,100,100,False,1,1,1,1,False,False,False
100561,100,100,False,1,1,1,1,False,False,False
100621,100,100,False,1,1,1,1,False,False,False
100681,100,100,False,1,1,1,1,False,False,False
100741,100,100,False,1,1,1,1,False,False,False
100801,100,100,False,1,1,1,1,False,False,False
100861,100,100,False,1,1,1,1,False,False,False
100921,100,100,False,1,1,1,1,False,False,False
100981,100,100,False,1,1,1,1,False,False,False
101041,100,100,False,1,1,1,1,False,False,False
101101,100,100,False,1,1,1,1,False,False,False
101161,100,100,False,1,0,1,1,False,False,False
101221,100,100,False,1,0,1,1,False,False,False
101281,100,100,False,1,0,1,1,False,False,False
101341,100,100,False,1,0,1,1,False,False,False
101401,100,100,False,1,0,0,1,False,False,False
101461,100,100,False,1,0,0,1,False,False,False
101521,100,100,False,1,0,0,1,False,False,False
101581,100,100,False,1,0,0,1,False,False,False
101641,100,100,False,1,0,0,1,False,False,False
101701,100,100,False,1,0,0,1,False,False,False
101761,100,100,False,1,0,0,1,False,False,False
101821,97,100,False,0,0,0,1,False,False,False
101881,97,100,False,0,0,0,1,False,False,False
101941,97,100,False,0,0,0,0,False,False,False
102001,97,100,False,0,0,0,0,False,False,False
102061,97,100,False,0,0,0,0,False,False,False
102121,16,91,False,0,0,0,0,False,False,False
102181,16,91,False,0,0,0,0,False,False,False
102241,16,91,False,0,0,0,0,False,False,False
102301,16,91,False,0,0,0,0,False,False,False
102361,16,91,False,0,0,0,0,False,False,False
102421,16,91,False,0,0,0,0,False,False,False
102481,16,91,False,0,0,0,0,False,False,False
102541,16,91,False,0,0,0,0,False,False,False
102601,16,91,False,0,0,0,0,False,False,False
102661,16,91,False,0,0,0,0,False,False,False
102721,16,91,False,0,0,0,0,False,False,False
102781,16,91,False,0,0,0,0,False,False,False
102841,16,91,False,0,0,0,0,False,False,False
102901,16,91,False,0,0,0,0,False,False,False
102961,16,91,False,0,0,0,0,False,False,False
103021,16,91,False,0,0,0,0,False,False,False
103081,16,91,False,0,0,0,0,False,False,False
103141,16,91,False,0,0,0,0,False,False,False
103201,16,91,False,0,0,0,0,False,False,False
103261,16,91,False,0,0,0,0,False,False,False
103321,16,91,False,0,0,0,0,False,False,False
103381,16,91,False,0,0,0,0,False,False,False
103441,16,91,False,0,0,1,0,False,False,False
103501,16,91,False,0,0,1,0,False,False,False
103561,16,91,False,0,0,1,0,False,False,False
103621,16,91,False,0,0,1,0,False,False,False
104941,100,91,False,1,1,1,1,False,False,False
105001,100,91,False,1,1,1,1,False,False,False
105061,100,91,False,1,1,1,1,False,False,False
105121,100,91,False,1,1,1,1,False,False,False
105181,100,91,False,1,1,1,1,False,False,False
105241,100,91,False,1,1,1,1,False,False,False
105301,100,91,False,1,1,1,1,False,False,False
105361,100,91,False,1,1,1,1,False,False,False
105421,100,91,False,1,1,1,1,False,False,False
105481,100,91,False,1,1,1,1,False,False,False
105541,100,91,False,1,1,1,1,False,False,False
105601,100,91,False,1,1,1,1,False,False,False
105661,100,91,False,1,1,1,1,False,False,False
105721,100,91,False,1,1,1,1,False,False,False
105781,100,91,False,1,1,1,1,False,False,False
105841,2,91,False,1,1,1,1,False,False,False
114121,100,100,False,1,1,0,0,False,False,False
114181,100,100,False,1,1,0,0,False,False,False
114241,100,100,False,1,1,0,0,False,False,False
114301,100,100,False,1,1,0,0,False,False,False
114361,100,100,False,1,1,0,0,False,False,False
114421,100,100,False,1,1,0,0,False,False,False
114481,100,100,False,1,1,0,0,False,False,False
114541,100,100,False,1,1,0,0,False,False,False
114601,100,100,False,1,1,0,0,False,False,False
114661,100,100,False,1,1,0,0,False,False,False
114721,100,100,False,1,1,0,0,False,False,False
114781,100,100,False,1,1,0,0,False,False,False
114841,100,100,False,1,1,0,0,False,False,False
114901,100,100,False,1,1,0,0,False,False,False
114961,100,100,False,1,1,0,0,False,False,False
115021,100,100,False,1,1,0,0,False,False,False
115081,100,100,False,1,1,0,0,False,False,False
115141,100,100,False,1,1,0,0,False,False,False
115201,100,100,False,1,1,0,0,False,False,False
115261,100,100,False,1,1,0,0,False,False,False
115321,100,100,False,1,1,0,0,False,False,False
115381,100,100,False,1,1,0,0,False,False,False
115441,100,100,False,0,1,0,0,False,False,False
115501,100,100,False,0,1,0,0,False,False,False
115561,100,100,False,0,1,0,0,False,False,False
115621,100,100,False,0,0,0,0,False,False,False
115681,100,100,False,0,0,0,0,False,False,False
115741,100,100,False,0,0,0,0,False,False,False
115801,100,100,False,0,0,0,0,False,False,False
115861,100,100,False,0,0,0,0,False,False,False
115921,100,100,False,0,0,0,0,False,False,False
115981,100,100,False,0,0,0,0,False,False,False
116041,100,100,False,0,0,0,0,False,False,False
116101,100,100,False,0,0,0,0,False,False,False
116161,100,100,False,0,0,0,0,False,False,False
116221,100,100,False,1,0,0,0,False,False,False
116281,100,100,False,1,0,1,0,False,False,False
121981,100,100,False,1,1,0,1,False,False,False
122041,100,100,False,1,1,0,1,False,False,False
122101,100,100,False,1,1,0,1,False,False,False
122161,100,100,False,1,1,0,1,False,False,False
122221,100,100,False,1,1,0,1,False,False,False
122281,100,100,False,1,1,0,1,False,False,False
122341,100,100,False,1,1,0,1,False,False,False
122401,100,100,False,1,1,0,0,False,False,False
122461,100,100,False,1,1,0,0,False,False,False
122521,100,100,False,1,0,0,0,False,False,False
122581,100,100,False,1,0,0,0,False,False,False
122641,100,100,False,1,0,0,0,False,False,False
122701,100,100,False,1,0,0,0,False,False,False
122761,100,100,False,1,0,0,0,False,False,False
122821,100,100,False,0,0,0,0,False,False,False
122881,100,100,False,0,0,0,0,False,False,False
122941,100,100,False,0,0,0,0,False,False,False
123001,100,100,False,0,0,0,0,False,False,False
123061,100,100,False,0,0,0,0,False,False,False
123121,100,100,False,0,0,0,0,False,False,False
123181,100,100,False,0,0,0,0,False,False,False
123241,100,100,False,0,0,0,0,False,False,False
123301,100,100,False,0,0,0,0,False,False,False
123361,100,100,False,0,0,0,0,False,False,False
123421,100,100,False,0,0,0,0,False,False,False
123481,100,100,False,0,0,0,0,False,False,False
123541,100,100,False,0,0,0,0,False,False,False
123601,100,100,False,0,0,0,0,False,False,False
123661,100,100,False,0,0,0,0,False,False,False
123721,100,100,False,0,0,0,0,False,False,False
123781,100,100,False,0,0,0,0,False,False,False
123841,78,96,False,0,0,0,0,False,False,False
123901,78,96,False,0,0,0,0,False,False,False
123961,78,96,False,0,0,0,0,False,False,False
124021,78,96,False,0,0,0,0,False,False,False
124081,78,96,False,0,0,0,0,False,False,False
124141,78,96,False,0,0,0,0,False,False,False
124201,78,96,False,0,0,0,0,False,False,False
124261,78,96,False,0,0,0,0,False,False,False
124321,78,96,False,0,0,0,0,False,False,False
124381,78,96,False,0,0,0,0,False,False,False
124441,78,96,False,0,0,0,0,False,False,False
124501,78,96,False,0,0,0,0,False,False,False
124561,78,96,False,0,0,0,0,False,False,False
124621,78,96,False,0,0,0,0,False,False,False
124681,78,96,False,0,0,0,0,False,False,False
124741,78,96,False,0,0,0,0,False,False,False
124801,78,96,False,0,0,0,0,False,False,False
124861,78,96,False,0,0,0,0,False,False,False
124921,78,96,False,0,0,0,0,False,False,False
124981,78,96,False,0,0,0,0,False,False,False
125041,78,96,False,0,0,0,0,False,False,False
125101,78,96,False,0,0,0,0,False,False,False
125161,78,96,False,0,0,0,0,False,False,False
125221,78,96,False,0,0,0,0,False,False,False
125281,78,96,False,0,0,0,0,False,False,False
125341,78,96,False,0,0,0,0,False,False,False
125401,78,96,False,0,0,0,0,False,False,False
125461,78,96,False,0,0,0,0,False,False,False
125521,78,96,False,0,0,0,0,False,False,False
125581,78,96,False,0,0,0,0,False,False,False
125641,78,96,False,0,0,0,0,False,False,False
125701,78,96,False,0,0,0,0,False,False,False
125761,78,96,False,0,0,0,0,False,False,False
127561,100,100,False,1,1,0,1,False,False,False
127621,100,100,False,1,1,0,1,False,False,False
127681,100,100,False,1,1,0,1,False,False,False
127741,100,100,False,1,1,0,1,False,False,False
127801,100,100,False,1,1,0,1,False,False,False
127861,100,100,False,1,1,0,1,False,False,False
127921,100,100,False,1,1,0,1,False,False,False
127981,100,100,False,1,1,0,1,False,False,False
128041,100,100,False,1,1,0,1,False,False,False
128101,100,100,False,1,1,0,1,False,False,False
128161,100,100,False,1,1,0,1,False,False,False
128221,100,100,False,1,1,0,1,False,False,False
128281,100,100,False,1,1,0,1,False,False,False
128341,100,100,False,1,1,0,1,False,False,False
128401,100,100,False,1,1,0,1,False,False,False
128461,100,100,False,1,1,0,1,False,False,False
128521,100,100,False,1,1,0,1,False,False,False
128581,100,100,False,1,1,0,1,False,False,False
128641,100,100,False,1,1,0,1,False,False,False
128701,100,100,False,1,1,0,1,False,False,False
128761,100,100,False,1,1,0,1,False,False,False
128821,100,100,False,1,1,0,1,False,False,False
128881,100,100,False,1,1,0,1,False,False,False
128941,100,100,False,1,1,0,1,False,False,False
129001,100,100,False,0,1,0,1,False,False,False
129061,100,100,False,0,1,0,1,False,False,False
129121,100,100,False,0,1,0,0,False,False,False
129181,100,100,False,0,1,0,0,False,False,False
129241,100,100,False,0,1,0,0,False,False,False
129301,100,100,False,0,1,0,0,False,False,False
129361,100,100,False,0,1,0,0,False,False,False
129421,100,100,False,0,1,0,0,False,False,False
129481,100,100,False,0,0,0,0,False,False,False
129541,100,100,False,0,0,0,0,False,False,False
129601,100,100,False,0,0,0,0,False,False,False
129661,100,100,False,0,0,0,0,False,False,False
129721,100,100,False,0,0,0,0,False,False,False
129781,100,100,False,0,0,0,0,False,False,False
129841,9,87,False,0,0,0,0,False,False,False
133861,100,100,True,1,1,1,1,True,False,False
133921,100,100,True,1,1,1,1,True,False,False
133981,100,100,True,1,1,1,1,True,False,False
134041,100,100,True,1,1,1,1,True,False,False
134101,100,100,True,1,1,1,1,True,False,False
134161,100,100,True,1,1,1,1,True,False,False
134221,100,100,True,1,1,1,1,True,False,False
134281,100,100,True,1,1,1,1,True,False,False
134341,100,100,True,1,1,0,1,True,False,False
134401,100,100,True,1,1,0,1,True,False,False
134461,100,100,True,1,1,0,1,True,False,False
134521,100,100,True,1,1,0,1,True,False,False
134581,100,100,True,1,1,0,1,True,False,False
134641,100,100,True,1,1,0,1,True,False,False
134701,100,100,True,1,1,0,1,True,False,False
134761,100,100,True,1,1,0,1,True,False,False
134821,100,100,True,1,1,0,1,True,False,False
134881,100,100,True,1,1,0,1,True,False,False
134941,100,100,True,1,1,0,1,True,False,False
135001,100,100,True,1,1,0,1,True,False,False
135061,100,100,True,1,1,0,1,True,False,False
135121,74,100,True,1,1,0,1,True,False,False
