0,1,2,3,4,5,6,7,8,9,10
5769,100,100,False,0,0,0,0,False,False,False
5829,100,100,False,0,0,0,0,False,False,False
5889,100,100,False,0,0,0,0,False,False,False
5949,100,100,False,0,0,0,0,False,False,False
6009,100,100,False,0,0,0,0,False,False,False
6069,100,100,False,0,0,0,0,False,False,False
6129,100,100,False,0,0,0,0,False,False,False
6189,100,100,False,0,0,0,0,False,False,False
6249,100,100,False,0,0,0,0,False,False,False
6309,100,100,False,0,0,0,0,False,False,False
6369,100,100,False,0,0,0,0,False,False,False
6429,100,100,False,0,0,0,0,False,False,False
6489,100,100,False,0,0,0,0,False,False,False
6549,100,100,False,0,0,0,0,False,False,False
6609,100,100,False,0,0,0,0,False,False,False
6669,100,100,False,0,0,0,0,False,False,False
6729,100,100,False,0,0,0,0,False,False,False
6789,100,100,False,0,0,0,0,False,False,False
6849,100,100,False,0,0,0,0,False,False,False
6909,100,100,False,0,0,0,0,False,False,False
6969,100,100,False,0,0,0,0,False,False,False
7029,100,100,False,0,0,0,0,False,False,False
7089,100,100,False,0,0,0,0,False,False,False
7149,89,94,False,0,0,0,0,False,False,False
7209,89,94,False,0,0,0,0,False,False,False
9549,100,100,True,0,0,0,0,False,False,False
9609,100,100,True,0,0,0,0,False,False,False
9669,100,100,True,0,0,0,0,False,False,False
9729,100,100,True,0,0,0,0,False,False,False
9789,100,100,True,0,0,0,0,False,False,False
9849,100,100,True,0,0,0,0,False,False,False
9909,100,100,True,0,0,0,0,False,False,False
9969,100,100,True,0,0,0,0,False,False,False
10029,100,100,True,0,0,0,0,False,False,False
10089,100,100,True,0,0,0,0,False,False,False
10149,100,100,True,0,0,0,0,False,False,False
10209,100,100,True,0,0,0,0,False,False,False
10269,100,100,True,0,0,0,0,False,False,False
14649,100,0,False,0,0,0,0,False,False,False
14709,100,0,False,0,0,0,0,False,False,False
14769,100,0,False,0,0,0,0,False,False,False
14829,100,0,False,0,0,0,0,False,False,False
14889,100,0,False,0,0,0,0,False,False,False
14949,100,0,False,0,0,0,0,False,False,False
15009,100,0,False,0,0,0,0,False,False,False
15069,100,0,False,0,0,0,0,False,False,False
15129,100,0,False,0,0,0,0,False,False,False
15189,100,0,False,0,0,0,0,False,False,False
15249,100,0,False,0,0,0,0,False,False,False
15309,100,0,False,0,0,0,0,False,False,False
15369,100,0,False,0,0,0,0,False,False,False
15429,100,0,False,0,0,0,0,False,False,False
15489,100,0,False,0,0,0,0,False,False,False
15549,100,0,False,0,0,0,0,False,False,False
15609,100,0,False,0,0,0,0,False,False,False
15669,100,0,False,0,0,0,0,False,False,False
15729,100,0,False,0,0,0,0,False,False,False
15789,100,0,False,0,0,0,0,False,False,False
15849,100,0,False,0,0,0,0,False,False,False
15909,100,0,False,0,0,0,0,False,False,False
15969,22,0,False,0,0,0,0,False,False,False
16029,22,0,False,0,0,0,0,False,False,False
16089,22,0,False,0,0,0,0,False,False,False
16149,22,0,False,0,0,0,0,False,False,False
16209,22,0,False,0,0,0,0,False,False,False
16269,22,0,False,0,0,0,0,False,False,False
16329,22,0,False,0,0,0,0,False,False,False
16389,22,0,False,0,0,0,0,False,False,False
16449,22,0,False,0,0,0,0,False,False,False
16509,22,0,False,0,0,0,0,False,False,False
16569,22,0,False,0,0,0,0,False,False,False
16629,22,0,False,0,0,0,0,False,False,False
16689,22,0,False,0,0,0,0,False,False,False
16749,22,0,False,0,0,0,0,False,False,False
16809,22,0,False,0,0,0,0,False,False,False
16869,22,0,False,0,0,0,0,False,False,False
16929,22,0,False,0,0,0,0,False,False,False
16989,22,0,False,0,0,0,0,False,False,False
17049,22,0,False,0,0,0,0,False,False,False
17109,22,0,False,0,0,0,0,False,False,False
17169,22,0,False,0,0,0,0,False,False,False
17229,22,0,False,0,0,0,0,False,False,False
17289,22,0,False,0,0,0,0,False,False,False
17349,22,0,False,0,0,0,0,False,False,False
17409,22,0,False,0,0,0,0,False,False,False
17469,22,0,False,0,0,0,0,False,False,False
17529,22,0,False,0,0,0,0,False,False,False
17589,22,0,False,0,0,0,0,False,False,False
17649,22,0,False,0,0,0,0,False,False,False
17709,22,0,False,0,0,0,0,False,False,False
17769,22,0,False,0,0,0,0,False,False,False
17829,22,0,False,0,0,0,0,False,False,False
17889,22,0,False,0,0,0,0,False,False,False
17949,22,0,False,0,0,0,0,False,False,False
18009,22,0,False,0,0,0,0,False,False,False
18069,22,0,False,0,0,0,0,False,False,False
18129,22,0,False,0,0,0,0,False,False,False
18189,22,0,False,0,0,0,0,False,False,False
18249,22,0,False,0,0,0,0,False,False,False
18309,22,0,False,0,0,0,0,False,False,False
18369,22,0,False,0,0,0,0,False,False,False
18429,22,0,False,0,0,0,0,False,False,False
18489,22,0,False,0,0,0,0,False,False,False
18549,22,0,False,0,0,0,0,False,False,False
18609,22,0,False,0,0,0,0,False,False,False
18669,22,0,False,0,0,0,0,False,False,False
18729,22,0,False,0,0,0,0,False,False,False
18789,22,0,False,0,0,0,0,False,False,False
18849,22,0,False,0,0,0,0,False,False,False
18909,22,0,False,0,0,0,0,False,False,False
18969,22,0,False,0,0,0,0,False,False,False
19029,22,0,False,0,0,0,0,False,False,False
19089,22,0,False,0,0,0,0,False,False,False
19149,22,0,False,0,0,0,0,False,False,False
19209,22,0,False,0,0,0,0,False,False,False
19269,22,0,False,1,0,0,0,False,False,False
19329,22,0,False,1,0,0,0,False,False,False
19389,22,0,False,1,0,0,0,False,False,False
19449,22,0,False,1,0,0,0,False,False,False
19509,22,0,False,1,0,0,0,False,False,False
19569,22,0,False,1,0,0,0,False,False,False
20889,100,100,True,1,0,0,1,False,False,False
20949,100,100,True,1,0,0,1,False,False,False
21009,100,100,True,1,0,0,1,False,False,False
21069,100,100,True,1,0,0,1,False,False,False
21129,100,100,True,1,0,0,1,False,False,False
21189,100,100,True,1,0,0,1,False,False,False
21249,100,100,True,1,0,0,1,False,False,False
21309,100,100,True,1,0,0,1,False,False,False
21369,100,100,True,1,0,0,1,False,False,False
21429,100,100,True,1,0,0,0,False,False,False
21489,100,100,True,1,0,0,0,False,False,False
21549,100,100,True,0,0,0,0,False,False,False
21609,100,100,True,0,0,0,0,False,False,False
21669,100,100,True,0,0,0,0,False,False,False
21729,100,100,True,0,0,0,0,False,False,False
21789,100,100,True,0,0,0,0,False,False,False
21849,100,100,True,0,0,0,0,False,False,False
21909,100,100,True,0,0,0,0,False,False,False
21969,100,100,True,0,0,0,0,False,False,False
22029,100,100,True,0,0,0,0,False,False,False
22089,100,100,True,0,0,0,0,False,False,False
22149,100,100,True,0,0,0,0,False,False,False
22209,100,100,True,0,0,0,0,False,False,False
22269,100,100,True,0,0,0,0,False,False,False
22329,100,100,True,0,0,0,0,False,False,False
22389,100,100,True,0,0,0,0,False,False,False
22449,100,100,True,0,0,0,0,False,False,False
22509,100,100,True,0,0,0,0,False,False,False
22569,100,100,True,0,0,0,0,False,False,False
22629,100,100,True,0,0,0,0,False,False,False
22689,73,97,True,0,0,0,0,False,False,False
22749,73,97,True,0,0,0,0,False,False,False
22809,73,97,True,0,0,0,0,False,False,False
22869,73,97,True,0,0,0,0,False,False,False
22929,73,97,True,0,0,0,0,False,False,False
22989,73,97,True,0,0,0,0,False,False,False
23049,73,97,True,0,0,0,0,False,False,False
26169,100,100,True,1,1,1,1,False,False,False
26229,100,100,True,1,1,1,1,False,False,False
26289,100,100,True,1,1,1,1,False,False,False
26349,100,100,True,1,1,1,1,False,False,False
26409,100,100,True,1,1,1,1,False,False,False
26469,100,100,True,1,1,1,1,False,False,False
26529,100,100,True,1,1,1,1,False,False,False
26589,100,100,True,1,1,1,1,False,False,False
26649,100,100,True,1,1,1,0,False,False,False
26709,100,100,True,1,1,1,0,False,False,False
26769,100,100,True,1,1,1,0,False,False,False
26829,100,100,True,1,1,1,0,False,False,False
26889,100,100,True,1,1,1,0,False,False,False
26949,100,100,True,1,1,1,0,False,False,False
27009,100,100,True,1,1,1,0,False,False,False
27069,100,100,True,1,1,1,0,False,False,False
27129,100,100,True,1,1,1,0,False,False,False
27189,100,100,True,1,1,1,0,False,False,False
27249,100,100,True,1,1,1,0,False,False,False
27309,100,100,True,1,1,1,0,False,False,False
27369,100,100,True,1,1,1,0,False,False,False
27429,100,100,True,1,1,1,0,False,False,False
27489,100,100,True,1,1,1,0,False,False,False
27549,100,100,True,1,1,1,0,False,False,False
27609,100,100,True,1,1,1,0,False,False,False
27669,100,100,True,1,0,1,0,False,False,False
27729,100,100,True,1,0,1,0,True,False,False
27789,100,100,True,1,0,1,0,True,False,False
27849,100,100,True,1,0,1,0,True,False,False
27909,79,99,True,1,0,1,0,True,False,False
31269,100,100,False,0,0,0,0,False,False,False
31329,100,100,False,0,0,0,0,False,False,False
31389,100,100,False,0,0,0,0,False,False,False
31449,100,100,False,0,0,0,0,False,False,False
31509,100,100,False,0,0,0,0,False,False,False
31569,100,100,False,0,0,0,0,False,False,False
31629,100,100,False,0,0,0,0,False,False,False
31689,100,100,False,0,0,0,0,False,False,False
31749,100,100,False,0,0,0,0,False,False,False
31809,100,100,False,0,0,0,0,False,False,False
31869,100,100,False,0,0,0,0,False,False,False
31929,100,100,False,0,0,0,0,False,False,False
31989,100,100,False,0,0,0,0,False,False,False
32049,100,100,False,0,0,0,0,False,False,False
32109,100,100,False,0,0,0,0,False,False,False
32169,100,100,False,0,0,0,0,False,False,False
32229,100,100,False,0,0,0,0,False,False,False
32289,100,100,False,0,0,0,0,False,False,False
36429,100,0,False,0,0,0,0,False,False,False
36489,100,0,False,0,0,0,0,False,False,False
36549,100,0,False,0,0,0,0,False,False,False
36609,100,0,False,0,0,0,0,False,False,False
36669,100,0,False,0,0,0,0,False,False,False
36729,95,0,False,0,0,0,0,False,False,False
36789,95,0,False,0,0,0,0,False,False,False
36849,95,0,False,0,0,0,0,False,False,False
36909,95,0,False,0,0,0,0,False,False,False
36969,95,0,False,0,0,0,0,False,False,False
37029,95,0,False,0,0,0,0,False,False,False
37089,95,0,False,0,0,0,0,False,False,False
37149,95,0,False,0,0,0,0,False,False,False
37209,95,0,False,0,0,0,0,False,False,False
37269,95,0,False,0,0,0,0,False,False,False
37329,95,0,False,0,0,0,0,False,False,False
37389,95,0,False,0,0,0,0,False,False,False
37449,95,0,False,0,0,0,0,False,False,False
37509,95,0,False,0,0,0,0,False,False,False
37569,95,0,False,0,0,0,0,False,False,False
37629,95,0,False,0,0,0,0,False,False,False
37689,95,0,False,0,0,0,0,False,False,False
43329,100,100,False,1,0,0,1,False,False,False
43389,100,100,False,1,0,0,1,False,False,False
43449,100,100,False,0,0,0,1,False,False,False
43509,100,100,False,0,0,0,1,False,False,False
43569,100,100,False,0,0,0,1,False,False,False
43629,100,100,False,0,0,0,1,False,False,False
43689,100,100,False,0,0,0,1,False,False,False
43749,100,100,False,0,0,0,1,False,False,False
43809,100,100,False,0,0,0,1,False,False,False
43869,100,100,False,0,0,0,1,False,False,False
43929,100,100,False,0,0,0,1,False,False,False
43989,100,100,False,0,0,0,0,False,False,False
44049,100,100,False,0,0,0,0,False,False,False
44109,100,100,False,0,0,0,0,False,False,False
44169,100,100,False,0,0,0,0,False,False,False
44229,100,100,False,0,0,0,0,False,False,False
44289,100,100,False,0,0,0,0,False,False,False
44349,100,100,False,0,0,0,0,False,False,False
44409,100,100,False,0,0,0,0,False,False,False
44469,100,100,False,0,0,0,0,False,False,False
44529,100,100,False,0,0,0,0,False,False,False
44589,100,100,False,0,0,0,0,False,False,False
44649,100,100,False,0,0,0,0,False,False,False
44709,100,100,False,0,0,0,0,False,False,False
44769,100,100,False,0,0,0,0,False,False,False
44829,100,100,False,0,0,0,0,False,False,False
44889,100,100,False,0,0,0,0,False,False,False
44949,100,100,False,0,0,0,0,False,False,False
45009,100,100,False,0,0,0,0,False,False,False
45069,100,100,False,0,0,0,0,False,False,False
45129,94,96,False,0,0,0,0,False,False,False
45189,94,96,False,0,0,0,0,False,False,False
45249,94,96,False,0,0,0,0,False,False,False
45309,94,96,False,0,0,0,0,False,False,False
45369,94,96,False,0,0,0,0,False,False,True
45429,94,96,False,0,0,0,0,False,False,True
45489,94,96,False,0,0,0,0,False,False,True
45549,94,96,False,0,0,0,0,False,False,True
45609,94,96,False,0,0,0,0,False,False,True
45669,94,96,False,0,0,0,0,False,False,True
45729,94,96,False,0,0,0,0,False,False,True
45789,94,96,False,0,0,0,0,False,False,True
45849,94,96,False,0,0,0,0,False,False,True
45909,94,96,False,0,0,0,0,False,False,True
45969,94,96,False,0,0,0,0,False,False,True
46029,94,96,False,0,0,0,0,False,False,True
46089,94,96,False,0,0,0,0,False,False,True
46149,94,96,False,0,0,0,0,False,False,True
46209,94,96,False,0,0,0,0,False,False,True
46269,94,96,False,0,0,0,0,False,False,True
46329,94,96,False,0,0,0,0,False,False,True
46389,94,96,False,0,0,0,0,False,False,True
46449,94,96,False,0,0,0,0,False,False,True
46509,94,96,False,0,0,0,0,False,False,True
46569,94,96,False,0,0,0,0,False,False,True
46629,94,96,False,0,0,0,0,False,False,True
46689,94,96,False,0,0,0,0,False,False,True
46749,94,96,False,0,0,0,0,False,False,True
46809,94,96,False,0,0,0,0,False,False,True
46869,94,96,False,0,0,0,0,False,False,True
46929,94,96,False,0,0,0,0,False,False,True
46989,94,96,False,0,0,0,0,False,False,True
47049,94,96,False,0,0,0,0,False,False,True
47109,94,96,False,0,0,0,0,False,False,True
47169,94,96,False,0,0,0,0,False,False,False
47229,94,96,False,0,0,0,0,False,False,False
47289,94,96,False,0,0,0,0,False,False,False
47349,94,96,False,0,0,0,0,False,False,False
47409,94,96,False,0,0,0,0,False,False,False
47469,94,96,False,0,0,0,0,False,False,False
47529,94,96,False,0,0,0,0,False,False,False
47589,94,96,False,0,0,0,0,False,False,False
48909,100,96,False,1,1,1,1,False,False,False
48969,100,96,False,1,1,1,1,False,False,False
49029,100,96,False,1,1,1,1,False,False,False
49089,100,96,False,1,1,1,1,False,False,False
49149,100,96,False,1,0,1,1,False,False,False
49209,100,96,False,1,0,1,1,False,False,False
49269,100,96,False,1,0,1,1,False,False,False
49329,100,96,False,1,0,1,1,False,False,False
49389,100,96,False,1,0,0,1,False,False,False
49449,100,96,False,1,0,0,1,False,False,False
49509,100,96,False,1,0,0,0,False,False,False
49569,100,96,False,1,0,0,0,False,False,False
49629,100,96,False,1,0,0,0,False,False,False
49689,100,96,False,1,0,0,0,False,False,False
49749,100,96,False,0,0,0,0,False,False,False
49809,100,96,False,0,0,0,0,False,False,False
49869,100,96,False,0,0,0,0,False,False,False
49929,100,96,False,0,0,0,0,False,False,False
49989,100,96,False,0,0,0,0,False,False,False
50049,100,96,False,0,0,0,0,False,False,False
50109,100,96,False,0,0,0,0,False,False,False
50169,100,96,False,0,0,0,0,False,False,False
50229,100,96,False,0,0,0,0,False,False,False
50289,100,96,False,0,0,0,0,False,False,False
50349,74,93,False,0,0,0,0,False,False,False
50409,74,93,False,0,0,0,0,False,False,False
50469,74,93,False,0,0,0,0,False,False,False
50529,74,93,False,0,0,0,0,False,False,False
50589,72,93,False,0,0,0,0,False,False,False
54909,100,0,False,0,0,0,0,False,False,False
54969,100,0,False,0,0,0,0,False,False,False
55029,100,0,False,0,0,0,0,False,False,False
55089,100,0,False,0,0,0,0,False,False,False
55149,100,0,False,0,0,0,0,False,False,False
55209,100,0,False,0,0,0,0,False,False,False
55269,100,0,False,0,0,0,0,False,False,False
55329,100,0,False,0,0,0,0,False,False,False
55389,100,0,False,0,0,0,0,False,False,False
55449,100,0,False,0,0,0,0,False,False,False
55509,100,0,False,0,0,0,0,False,False,False
55569,100,0,False,0,0,0,0,False,False,False
55629,100,0,False,0,0,0,0,False,False,False
55689,100,0,False,0,0,0,0,False,False,False
55749,100,0,False,0,0,0,0,False,False,False
55809,100,0,False,0,0,0,0,False,False,False
55869,22,0,False,0,0,0,0,False,False,False
55929,22,0,False,0,0,0,0,False,False,False
55989,22,0,False,0,0,0,0,False,False,False
56049,22,0,False,0,0,0,0,False,False,False
56109,22,0,False,0,0,0,0,False,False,False
56169,22,0,False,0,0,0,0,False,False,False
56229,22,0,False,0,0,0,0,False,False,False
56289,22,0,False,0,0,0,0,False,False,False
56349,22,0,False,0,0,0,0,False,False,False
56409,22,0,False,0,0,0,0,False,False,False
56469,22,0,False,0,0,0,0,False,False,False
56529,22,0,False,0,0,0,0,False,False,False
56589,22,0,False,0,0,0,0,False,False,False
56649,22,0,False,0,0,0,0,False,False,False
56709,22,0,False,0,0,0,0,False,False,False
56769,22,0,False,0,0,0,0,False,False,False
56829,22,0,False,0,0,0,0,False,False,False
56889,22,0,False,0,0,0,0,False,False,False
56949,22,0,False,0,0,0,0,False,False,False
57009,22,0,False,0,0,0,0,False,False,False
57069,22,0,False,0,0,0,0,False,False,False
57129,22,0,False,0,0,0,0,False,False,False
57189,22,0,False,0,0,0,0,False,False,False
57249,22,0,False,0,0,0,0,False,False,False
57309,22,0,False,0,0,0,0,False,False,False
57369,22,0,False,0,0,0,0,False,False,False
57429,22,0,False,0,0,0,0,False,False,False
57489,22,0,False,0,0,0,0,False,False,False
57549,22,0,False,0,0,0,0,False,False,False
57609,22,0,False,0,0,0,0,False,False,False
57669,22,0,False,0,0,0,0,False,False,False
57729,22,0,False,0,0,0,0,False,False,False
57789,22,0,False,0,0,0,0,False,False,False
57849,22,0,False,0,0,0,0,False,False,False
57909,22,0,False,0,0,0,0,False,False,False
59289,100,100,True,1,1,1,1,True,False,False
59349,100,100,True,1,1,1,1,True,False,False
59409,100,100,True,1,1,1,1,True,False,False
59469,100,100,True,1,1,1,1,True,False,False
59529,100,100,True,1,1,1,1,True,False,False
59589,100,100,True,1,1,1,1,True,False,False
59649,100,100,True,1,1,1,1,True,False,False
59709,100,100,True,1,1,1,1,True,False,False
59769,100,100,True,1,1,0,1,True,False,False
59829,100,100,True,1,1,0,1,True,False,False
59889,100,100,True,1,1,0,1,True,False,False
59949,100,100,True,1,1,0,1,True,False,False
60009,100,100,True,1,1,0,1,True,False,False
60069,100,100,True,1,1,0,1,True,False,False
60129,100,100,True,1,1,0,1,True,False,False
60189,100,100,True,1,1,0,1,True,False,False
60249,100,100,True,1,1,0,1,True,False,False
60309,100,100,True,1,1,0,1,True,False,False
60369,100,100,True,0,1,0,1,True,False,False
60429,100,100,True,0,1,0,1,True,False,False
60489,100,100,True,0,1,0,1,True,False,False
60549,100,100,True,0,1,0,1,True,False,False
60609,100,100,True,0,1,0,1,True,False,False
60669,100,100,True,0,1,0,1,True,False,False
60729,100,100,True,0,1,0,1,True,False,False
60789,100,100,True,0,1,0,1,True,False,False
60849,100,100,True,0,1,0,1,True,False,False
60909,100,100,True,0,1,0,0,True,False,False
60969,100,100,True,0,1,0,0,True,False,False
64149,100,100,True,0,1,1,1,True,False,False
64209,100,100,True,0,1,1,1,True,False,False
64269,100,100,True,0,1,1,1,True,False,False
64329,100,100,True,0,1,1,1,True,False,False
64389,100,100,True,0,1,1,1,True,False,False
64449,100,100,True,0,1,1,1,True,False,False
64509,100,100,True,0,1,1,1,True,False,False
64569,100,100,True,0,1,1,1,True,False,False
70509,100,0,False,1,1,0,0,False,False,False
70569,100,0,False,0,1,0,0,False,True,False
70629,100,0,False,0,1,0,0,False,True,False
70689,100,0,False,0,1,0,0,False,True,False
70749,100,0,False,0,1,0,0,False,True,False
70809,100,0,False,0,1,0,0,False,True,False
70869,100,0,False,0,1,0,0,False,True,False
70929,100,0,False,0,1,0,0,False,True,False
70989,100,0,False,0,1,0,0,False,True,False
71049,100,0,False,0,1,0,0,False,True,False
71109,100,0,False,0,1,0,0,False,True,False
71169,100,0,False,0,1,0,0,False,True,False
71229,100,0,False,0,1,0,0,False,True,False
71289,100,0,False,0,1,0,0,False,True,False
71349,100,0,False,0,1,0,0,False,True,False
71409,100,0,False,0,1,0,0,False,True,False
71469,100,0,False,0,1,0,0,False,True,False
71529,100,0,False,0,1,0,0,False,True,False
71589,100,0,False,0,1,0,0,False,True,False
71649,100,0,False,0,1,0,0,False,True,False
71709,100,0,False,0,1,0,0,False,True,False
71769,100,0,False,0,1,0,0,False,True,False
71829,100,0,False,0,0,0,0,False,True,False
71889,100,0,False,0,0,0,0,False,True,False
71949,100,0,False,0,0,0,0,False,True,False
72009,100,0,False,0,0,0,0,False,True,False
72069,100,0,False,0,0,0,0,False,True,False
72129,100,0,False,0,0,0,0,False,True,False
72189,100,0,False,0,0,0,0,False,True,False
72249,100,0,False,0,0,0,0,False,True,False
72309,100,0,False,0,0,0,0,False,True,False
72369,100,0,False,0,0,0,0,False,True,False
72429,100,0,False,0,0,0,0,False,True,False
72489,100,0,False,0,0,0,0,False,True,False
72549,100,0,False,0,0,0,0,False,True,False
72609,100,0,False,0,0,0,0,False,True,False
72669,100,0,False,0,0,0,0,False,True,False
72729,100,0,False,0,0,0,0,False,True,False
72789,100,0,False,0,0,0,0,False,True,False
72849,100,0,False,0,0,0,0,False,True,False
72909,100,0,False,0,0,0,0,False,True,False
72969,100,0,False,0,0,0,0,False,True,False
73029,100,0,False,0,0,0,0,False,True,False
73089,100,0,False,0,0,0,0,False,True,False
73149,100,0,False,0,0,0,0,False,True,False
73209,100,0,False,0,0,0,0,False,True,False
73269,100,0,False,0,0,0,0,False,True,False
73329,100,0,False,0,0,0,0,False,True,False
73389,100,0,False,0,0,0,0,False,True,False
73449,100,0,False,0,0,0,0,False,True,False
73509,100,0,False,0,0,0,0,False,True,False
73569,100,0,False,0,0,0,0,False,True,False
73629,100,0,False,0,0,0,0,False,True,False
73689,100,0,False,0,0,0,0,False,True,False
73749,100,0,False,0,0,0,0,False,True,False
75549,100,0,False,1,1,0,0,False,False,False
75609,100,0,False,1,1,0,0,False,False,False
75669,100,0,False,1,1,0,0,False,False,False
75729,100,0,False,1,1,0,0,False,False,False
75789,100,0,False,1,1,0,0,False,False,False
75849,100,0,False,1,1,0,0,False,False,False
75909,100,0,False,1,1,0,0,False,False,False
75969,100,0,False,1,1,0,0,False,False,False
76029,100,0,False,1,1,0,0,False,False,False
76089,100,0,False,1,1,0,0,False,False,False
76149,100,0,False,1,1,0,0,False,False,False
76209,100,0,False,1,1,0,0,False,False,False
76269,100,0,False,1,1,0,0,False,False,False
76329,100,0,False,1,1,0,0,False,False,False
76389,100,0,False,1,1,0,0,False,False,False
76449,100,0,False,1,1,0,0,False,False,False
76509,100,0,False,1,0,0,0,False,False,False
76569,100,0,False,1,0,0,0,False,False,False
76629,100,0,False,1,0,0,0,False,False,False
76689,100,0,False,1,0,0,0,False,False,False
76749,100,0,False,1,0,0,0,False,False,False
76809,100,0,False,1,0,0,0,False,False,False
76869,100,0,False,1,0,0,0,False,False,False
76929,100,0,False,1,0,0,0,False,False,False
76989,100,0,False,1,0,0,0,False,False,False
77049,100,0,False,1,0,0,0,False,False,False
77109,100,0,False,1,0,0,0,False,False,False
77169,100,0,False,1,0,0,0,False,False,False
77229,100,0,False,1,0,0,0,False,False,False
77289,100,0,False,1,0,0,0,False,False,False
77349,100,0,False,1,0,0,0,False,False,False
77409,100,0,False,1,0,0,0,False,False,False
77469,66,0,False,1,0,0,0,False,False,False
77529,66,0,False,1,0,0,0,False,False,False
77589,66,0,False,1,0,0,0,False,False,False
79389,100,0,False,1,0,0,0,False,False,False
79449,100,0,False,0,0,0,0,False,False,False
79509,100,0,False,0,0,0,0,False,False,False
79569,100,0,False,0,0,0,0,False,False,False
79629,100,0,False,0,0,0,0,False,False,False
79689,100,0,False,0,0,0,0,False,False,False
79749,100,0,False,0,0,0,0,False,False,False
79809,100,0,False,0,0,0,0,False,False,False
79869,100,0,False,0,0,0,0,False,False,False
79929,100,0,False,0,0,0,0,False,False,False
79989,99,0,False,0,0,0,0,False,False,False
80049,99,0,False,0,0,0,0,False,False,False
80109,99,0,False,0,0,0,0,False,False,False
80169,99,0,False,0,0,0,0,False,False,False
80229,99,0,False,0,0,0,0,False,False,False
80289,99,0,False,0,0,0,0,False,False,False
80349,99,0,False,0,0,0,0,False,False,False
80409,99,0,False,0,0,0,0,False,False,False
80469,99,0,False,0,0,0,0,False,False,False
80529,99,0,False,0,0,0,0,False,False,False
80589,99,0,False,0,0,0,0,False,False,False
80649,99,0,False,0,0,0,0,False,False,False
80709,99,0,False,0,0,0,0,False,False,False
80769,99,0,False,0,0,0,0,False,False,False
80829,99,0,False,0,0,0,0,False,False,False
80889,99,0,False,0,0,0,0,False,False,False
80949,99,0,False,0,0,0,0,False,False,False
81009,99,0,False,0,0,0,0,False,False,False
81069,99,0,False,0,0,0,0,False,False,False
81129,99,0,False,0,0,0,0,False,False,False
81189,99,0,False,0,0,0,0,False,False,False
81249,99,0,False,0,0,0,0,False,False,False
81309,99,0,False,0,0,0,0,False,False,False
81369,99,0,False,0,0,0,0,False,False,False
81429,99,0,False,0,0,0,0,False,False,False
81489,99,0,False,0,0,0,0,False,False,False
81549,99,0,False,0,0,0,0,False,False,False
81609,99,0,False,0,0,0,0,False,False,False
81669,99,0,False,0,0,0,0,False,True,False
81729,99,0,False,0,0,0,0,False,True,False
87729,100,100,True,1,1,0,0,False,False,False
87789,100,100,True,1,1,0,0,False,False,False
87849,100,100,True,1,1,0,0,False,False,False
87909,100,100,True,1,1,0,0,False,False,False
87969,100,100,True,1,1,0,0,False,False,False
88029,100,100,True,1,1,0,0,False,False,False
88089,100,100,True,1,1,0,0,False,False,False
88149,100,100,True,1,1,0,0,False,False,False
88209,100,100,True,1,1,0,0,False,False,False
88269,100,100,True,1,1,0,0,False,False,False
88329,100,100,True,1,0,0,0,False,False,False
88389,100,100,True,1,0,0,0,False,False,False
88449,100,100,True,1,0,0,0,False,False,False
88509,100,100,True,1,0,0,0,False,False,False
88569,100,100,True,1,0,0,0,False,False,False
88629,100,100,True,1,0,0,0,False,False,False
88689,100,100,True,1,0,0,0,False,False,False
88749,100,100,True,1,0,0,0,False,False,False
88809,100,100,True,1,0,0,0,False,False,False
88869,100,100,True,1,0,0,0,False,False,False
88929,100,100,True,1,0,0,0,False,False,False
88989,100,100,True,1,0,0,0,False,True,False
89049,100,100,True,1,0,0,0,False,True,False
89109,100,100,True,1,0,0,0,False,True,False
89169,100,100,True,1,0,0,0,False,True,False
89229,100,100,True,0,0,0,0,False,True,False
89289,100,100,True,0,0,0,0,False,True,False
89349,100,100,True,0,0,0,0,False,True,False
89409,100,100,True,0,0,0,0,False,True,False
89469,100,100,True,0,0,0,0,False,True,False
89529,100,100,True,0,0,0,0,False,True,False
89589,100,100,True,0,0,0,0,False,True,False
89649,100,100,True,0,0,0,0,False,True,False
89709,100,100,True,0,0,0,0,False,True,False
89769,100,100,True,0,0,0,0,False,True,False
89829,100,100,True,0,0,0,0,False,True,False
89889,100,100,True,0,0,0,0,False,True,False
89949,100,100,True,0,0,0,0,False,True,False
90009,100,100,True,0,0,0,0,False,True,False
90069,100,100,True,0,0,0,0,False,True,False
90129,100,100,True,0,0,0,0,False,True,False
90189,100,100,True,0,0,0,0,False,True,False
90249,100,100,True,0,0,0,0,False,True,False
90309,100,100,True,0,0,0,0,False,True,False
90369,100,100,True,0,0,0,0,False,True,False
90429,100,100,True,0,0,0,0,False,True,False
90489,100,100,True,0,0,0,0,False,True,False
90549,100,100,True,0,0,0,0,False,True,False
90609,100,100,True,0,0,0,0,False,True,False
90669,100,100,True,0,0,0,0,False,True,False
90729,100,100,True,1,0,0,0,False,True,False
90789,100,100,True,1,0,0,0,False,True,False
90849,100,100,True,1,0,0,0,False,True,False
90909,100,100,True,0,0,0,0,False,True,False
90969,100,100,True,0,0,0,0,False,True,False
91029,100,100,True,0,0,0,0,False,True,False
91089,100,100,True,0,0,0,0,False,True,False
91149,100,100,True,0,0,0,0,False,True,False
91209,100,100,True,0,0,0,0,False,True,False
91269,100,100,True,0,0,0,0,False,True,False
91329,100,100,True,0,0,0,0,False,True,False
91389,100,100,True,0,0,0,0,False,False,False
91449,100,100,True,0,0,0,0,False,False,False
91509,100,100,True,0,0,0,0,False,False,False
91569,100,100,True,0,0,0,0,False,False,False
91629,100,100,True,0,0,0,0,False,False,False
91689,100,100,True,0,0,0,0,False,False,False
91749,100,100,True,0,0,0,0,False,False,False
91809,100,100,True,0,0,0,0,False,False,False
91869,100,100,True,0,0,0,0,False,False,False
91929,100,100,True,0,0,0,0,False,False,False
91989,100,100,True,0,0,0,0,False,False,False
92049,100,100,True,0,0,0,0,False,False,False
92109,100,100,True,0,0,0,0,False,False,False
92169,100,100,True,0,0,0,0,False,False,False
92229,100,100,True,0,0,0,0,False,False,False
92289,100,100,True,0,0,0,0,False,False,False
92349,100,100,True,0,0,0,0,False,False,False
92409,100,100,True,0,0,0,0,False,False,False
92469,100,100,True,0,0,0,0,False,False,True
92529,100,100,True,0,0,0,0,False,False,True
92589,100,100,True,0,0,0,0,False,False,True
92649,100,100,True,0,0,0,0,False,False,True
92709,100,100,True,0,0,0,0,False,False,True
92769,100,100,True,0,0,0,0,False,False,True
92829,100,100,True,0,0,0,0,False,False,True
92889,100,100,True,0,0,0,0,False,False,True
92949,100,100,True,0,0,0,0,False,False,True
93009,100,100,True,0,0,0,0,False,False,True
93069,100,100,True,0,0,0,0,False,False,True
93129,100,100,True,0,0,0,0,False,False,True
93189,100,100,True,0,0,0,0,False,False,True
93249,100,100,True,0,0,0,0,False,False,True
93309,100,100,True,0,0,0,0,False,False,True
93369,100,100,True,0,0,0,0,False,False,True
93429,100,100,True,0,0,0,0,False,False,True
93489,100,100,True,0,0,0,0,False,False,True
93549,100,100,True,0,0,0,0,False,False,True
93609,100,100,True,0,0,0,0,False,False,True
93669,100,100,True,0,0,0,0,False,False,True
93729,100,100,True,0,0,0,0,False,False,True
93789,100,100,True,0,0,0,0,False,False,True
93849,100,100,True,0,0,0,0,False,False,True
93909,100,100,True,0,0,0,0,False,False,True
93969,100,100,True,0,0,0,0,False,False,True
94029,100,100,True,0,0,0,0,False,False,True
94089,100,100,True,0,0,0,0,False,False,True
94149,100,100,True,0,0,0,0,False,False,True
94209,100,100,True,0,0,0,0,False,False,True
94269,100,100,True,0,0,0,0,False,False,True
94329,100,100,True,0,0,0,0,False,False,True
94389,100,100,True,0,0,0,0,False,False,True
94449,100,100,True,0,0,0,0,False,False,True
94509,100,100,True,0,0,0,0,False,False,True
95889,100,100,True,1,1,0,1,False,False,False
95949,100,100,True,1,1,0,1,False,False,False
96009,100,100,True,0,1,0,1,False,False,False
96069,100,100,True,0,1,0,1,False,False,False
96129,100,100,True,0,1,0,1,False,False,False
96189,100,100,True,0,1,0,1,False,False,False
96249,100,100,True,0,1,0,1,False,False,False
96309,100,100,True,0,1,0,1,False,False,False
96369,100,100,True,0,0,0,1,False,False,False
96429,100,100,True,0,0,0,1,False,True,False
96489,100,100,True,0,0,0,1,False,True,False
96549,100,100,True,0,0,0,1,False,True,False
96609,100,100,True,0,0,0,1,False,True,False
96669,100,100,True,0,0,0,1,False,True,False
96729,100,100,True,0,0,0,1,False,True,False
96789,100,100,True,0,0,0,1,False,True,False
96849,100,100,True,0,0,0,1,False,True,False
96909,100,100,True,0,0,0,1,False,True,False
96969,100,100,True,0,0,0,1,False,True,False
97029,100,100,True,0,0,0,0,False,True,False
97089,100,100,True,0,0,0,0,False,True,False
97149,100,100,True,0,0,0,0,False,True,False
97209,100,100,True,0,0,0,0,False,True,False
97269,100,100,True,0,0,0,0,False,True,False
97329,100,100,True,0,0,0,1,False,True,False
97389,100,100,True,0,0,0,1,False,True,False
97449,18,83,True,0,0,0,1,False,True,False
97509,18,83,True,0,0,0,1,False,True,False
97569,18,83,True,0,0,0,1,False,True,False
97629,18,83,True,0,0,0,1,False,True,False
97689,18,83,True,0,0,0,1,False,True,False
97749,18,83,True,0,0,0,1,False,True,False
97809,18,83,True,0,0,0,1,False,True,False
97869,18,83,True,0,0,0,1,False,True,False
97929,18,83,True,0,0,0,1,False,True,False
97989,18,83,True,0,0,0,1,False,True,False
98049,18,83,True,0,0,0,1,False,True,False
98109,18,83,True,0,0,0,0,False,True,False
98169,18,83,True,0,0,0,0,False,True,False
98229,18,83,True,0,0,0,0,False,True,False
98289,18,83,True,0,0,0,0,False,True,False
98349,18,83,True,0,0,0,0,False,True,False
98409,18,83,True,0,0,0,0,False,True,False
98469,18,83,True,0,0,0,0,False,True,False
98529,18,83,True,0,0,0,0,False,True,False
98589,18,83,True,0,0,0,0,False,True,False
98649,18,83,True,0,0,0,0,False,True,False
98709,18,83,True,0,0,0,0,False,False,True
98769,18,83,True,0,0,0,0,False,False,True
98829,18,83,True,0,0,0,0,False,False,True
98889,18,83,True,0,0,0,0,False,False,True
98949,18,83,True,0,0,0,0,False,False,True
99009,18,83,True,0,0,0,0,False,False,True
99069,18,83,True,0,0,0,0,False,False,True
99129,18,83,True,0,0,0,0,False,False,True
99189,18,83,True,0,0,0,0,False,False,True
99249,18,83,True,0,0,0,0,False,False,True
99309,18,83,True,0,0,0,0,False,False,True
99369,18,83,True,0,0,0,0,False,False,True
99429,18,83,True,0,0,0,0,False,False,True
99489,18,83,True,0,0,0,0,False,False,True
99549,18,83,True,0,0,0,0,False,False,True
99609,18,83,True,0,0,0,0,False,False,True
99669,18,83,True,0,0,0,0,False,False,True
99729,18,83,True,0,0,0,0,False,False,True
99789,18,83,True,0,0,0,0,False,False,True
99849,18,83,True,0,0,0,0,False,False,True
99909,18,83,True,0,0,0,0,False,False,True
99969,18,83,True,0,0,0,0,False,False,True
100029,18,83,True,0,0,0,0,False,False,True
100089,18,83,True,0,0,0,0,False,False,True
100149,18,83,True,0,0,0,0,False,False,True
100209,18,83,True,0,0,0,0,False,False,True
100269,18,83,True,0,0,0,0,False,False,True
100329,18,83,True,0,0,0,0,False,False,True
100389,18,83,True,0,0,0,0,False,False,True
100449,18,83,True,0,0,0,0,False,False,True
100509,18,83,True,0,0,0,0,False,False,True
100569,18,83,True,0,0,0,0,False,False,True
100629,18,83,True,0,0,0,0,False,False,True
100689,18,83,True,0,0,0,0,False,False,True
100749,18,83,True,0,0,0,0,False,False,True
100809,18,83,True,0,0,0,0,False,False,True
100869,18,83,True,0,0,0,0,False,False,True
100929,18,83,True,0,0,0,0,False,False,True
100989,18,83,True,0,0,0,0,False,False,True
101049,18,83,True,0,0,0,0,False,False,True
101109,18,83,True,0,0,0,0,False,False,True
101169,18,83,True,0,0,0,0,False,False,True
101229,18,83,True,0,0,0,0,False,False,True
101289,18,83,True,0,0,0,0,False,False,True
102609,100,83,True,1,1,0,1,False,False,False
102669,100,83,True,1,1,0,1,False,False,False
102729,100,83,True,1,1,0,1,False,False,False
102789,100,83,True,0,1,0,1,False,False,False
102849,100,83,True,0,1,0,1,False,False,False
102909,100,83,True,0,1,0,1,False,False,False
102969,100,83,True,0,1,0,1,False,False,False
103029,100,83,True,0,1,0,1,False,False,False
103089,100,83,True,0,0,0,1,False,False,False
103149,100,83,True,0,0,0,1,False,False,False
103209,100,83,True,0,0,0,1,False,True,False
103269,100,83,True,0,0,0,1,False,True,False
103329,100,83,True,0,0,0,1,False,True,False
103389,100,83,True,0,0,0,1,False,True,False
103449,100,83,True,0,0,0,1,False,True,False
103509,100,83,True,0,0,0,1,False,True,False
103569,100,83,True,0,0,0,1,False,True,False
103629,100,83,True,0,0,0,1,False,True,False
103689,100,83,True,0,0,0,1,False,True,False
103749,100,83,True,0,0,0,1,False,True,False
103809,100,83,True,0,0,0,0,False,True,False
103869,100,83,True,0,0,0,0,False,True,False
103929,100,83,True,0,0,0,0,False,True,False
103989,100,83,True,0,0,0,0,False,True,False
104049,100,83,True,0,0,0,0,False,True,False
104109,100,83,True,0,0,0,0,False,True,False
104169,100,83,True,0,0,0,0,False,True,False
104229,100,83,True,0,0,0,0,False,True,False
104289,100,83,True,0,0,0,0,False,True,False
104349,100,83,True,0,0,0,0,False,True,False
104409,100,83,True,0,0,0,0,False,True,False
104469,100,83,True,0,0,0,0,False,True,False
104529,100,83,True,0,0,0,0,False,True,False
104589,100,83,True,0,0,0,0,False,True,False
104649,100,83,True,0,0,0,0,False,True,False
104709,100,83,True,0,0,0,0,False,True,False
104769,100,83,True,0,0,0,0,False,True,False
104829,100,83,True,0,0,0,0,False,True,False
104889,100,83,True,0,0,0,0,False,True,False
104949,100,83,True,0,0,0,0,False,True,False
105009,100,83,True,0,0,0,0,False,True,False
105069,100,83,True,0,0,0,0,False,True,False
105129,100,83,True,0,0,0,0,False,True,False
105189,100,83,True,0,0,0,0,False,True,False
105249,100,83,True,0,0,0,0,False,True,False
105309,100,83,True,0,0,0,0,False,True,False
105369,100,83,True,0,0,0,0,False,True,False
105429,100,83,True,0,0,0,0,False,True,False
105489,100,83,True,0,0,0,0,False,True,False
105549,100,83,True,0,0,0,0,False,True,False
105609,100,83,True,0,0,0,0,False,True,False
105669,100,83,True,0,0,0,0,False,True,False
105729,100,83,True,0,0,0,0,False,True,False
105789,100,83,True,0,0,0,0,False,True,False
105849,100,83,True,0,0,0,0,False,True,False
105909,100,83,True,0,0,0,0,False,True,False
105969,100,83,True,0,0,0,0,False,True,False
106029,100,83,True,0,0,0,0,False,True,False
106089,100,83,True,0,0,0,0,False,True,False
106149,100,83,True,0,0,0,0,False,True,False
106209,100,83,True,0,0,0,0,False,True,False
106269,100,83,True,0,0,0,0,False,True,False
106329,100,83,True,0,0,0,0,False,False,True
106389,100,83,True,0,0,0,0,False,False,True
106449,100,83,True,0,0,0,0,False,False,True
106509,100,83,True,0,0,0,0,False,False,True
106569,100,83,True,0,0,0,0,False,False,True
106629,100,83,True,0,0,0,0,False,False,True
106689,100,83,True,0,0,0,0,False,False,True
106749,100,83,True,0,0,0,0,False,False,True
106809,100,83,True,0,0,0,0,False,False,True
106869,100,83,True,0,0,0,0,False,False,True
106929,100,83,True,0,0,0,0,False,False,True
108969,100,100,True,1,1,0,1,False,True,False
109029,100,100,True,1,1,0,1,False,True,False
109089,100,100,True,1,1,0,1,False,True,False
109149,100,100,True,0,1,0,1,False,True,False
109209,100,100,True,0,1,0,1,False,True,False
109269,100,100,True,0,1,0,1,False,True,False
109329,100,100,True,0,1,0,1,False,True,False
109389,100,100,True,0,1,0,1,False,True,False
109449,100,100,True,0,1,0,1,False,True,False
109509,100,100,True,0,0,0,1,False,True,False
109569,100,100,True,0,0,0,1,False,True,False
109629,100,100,True,0,0,0,1,False,True,False
109689,100,100,True,0,0,0,1,False,True,False
109749,100,100,True,0,0,0,1,False,True,False
109809,100,100,True,0,0,0,1,False,True,False
109869,100,100,True,0,0,0,1,False,True,False
109929,100,100,True,0,0,0,1,False,True,False
109989,100,100,True,0,0,0,1,False,True,False
110049,100,100,True,0,0,0,1,False,True,False
110109,100,100,True,0,0,0,1,False,True,False
110169,100,100,True,0,0,0,1,False,True,False
110229,100,100,True,0,0,0,1,False,True,False
110289,100,100,True,0,0,0,1,False,True,False
110349,100,100,True,1,0,0,1,False,True,False
110409,100,100,True,1,0,0,1,False,True,False
110469,100,100,True,1,0,0,1,False,True,False
110529,100,100,True,1,0,0,1,False,True,False
110589,100,100,True,1,0,0,1,False,True,False
110649,100,100,True,1,0,0,1,False,True,False
110709,100,100,True,1,0,0,1,False,True,False
110769,100,100,True,0,0,0,1,False,True,False
110829,100,100,True,0,0,0,1,False,True,False
110889,100,100,True,0,0,0,1,False,True,False
110949,100,100,True,0,0,0,1,False,True,False
111009,100,100,True,0,0,0,1,False,True,False
111069,100,100,True,0,0,0,1,False,True,False
111129,100,100,True,0,0,0,1,False,True,False
111189,100,100,True,0,0,0,1,False,True,False
111249,100,100,True,0,0,0,1,False,False,False
111309,100,100,True,0,0,0,1,False,False,False
111369,100,100,True,0,0,0,1,False,False,False
111429,100,100,True,0,0,0,1,False,False,False
111489,100,100,True,0,0,0,1,False,False,False
111549,100,100,True,0,0,0,1,False,False,False
111609,100,100,True,0,0,0,1,False,False,False
111669,100,100,True,0,0,0,1,False,False,False
111729,100,100,True,0,0,0,1,False,False,False
111789,100,100,True,0,0,0,1,False,False,False
111849,100,100,True,0,0,0,1,False,False,False
111909,100,100,True,0,0,0,1,False,False,False
111969,100,100,True,0,0,0,1,False,False,False
112029,100,100,True,0,0,0,1,False,False,False
112089,100,100,True,0,0,0,1,False,False,False
112149,100,100,True,0,0,0,1,False,False,False
115569,100,100,True,1,1,0,1,False,False,False
115629,100,100,True,1,1,0,1,False,False,False
115689,100,100,True,1,1,0,1,False,False,False
115749,100,100,True,1,1,0,1,False,False,False
115809,100,100,True,1,1,0,1,False,False,False
115869,100,100,True,0,1,0,1,False,False,False
115929,100,100,True,0,1,0,1,False,False,False
115989,100,100,True,0,1,0,1,False,False,False
116049,100,100,True,0,1,0,1,False,False,False
116109,100,100,True,0,1,0,1,False,False,False
116169,100,100,True,0,1,0,1,False,False,False
116229,100,100,True,0,1,0,1,False,False,False
116289,100,100,True,0,1,0,1,False,False,False
116349,100,100,True,0,1,0,0,False,False,False
116409,100,100,True,0,1,0,0,False,False,False
116469,100,100,True,0,1,0,0,False,False,False
116529,100,100,True,0,1,0,0,False,False,False
116589,100,100,True,0,1,0,0,False,False,False
116649,100,100,True,0,1,0,0,False,False,False
116709,100,100,True,0,1,0,0,False,False,False
116769,100,100,True,0,1,0,0,False,False,False
116829,100,100,True,0,1,0,0,False,False,False
116889,100,100,True,0,1,0,0,False,False,False
116949,100,100,True,0,1,0,0,False,False,False
117009,100,100,True,0,1,0,0,False,False,False
117069,100,100,True,0,1,0,0,False,False,False
117129,100,100,True,0,1,0,0,False,False,False
117189,100,100,True,0,1,0,0,False,False,False
117249,100,100,True,0,1,0,0,False,False,False
117309,100,100,True,0,1,0,0,False,False,False
117369,100,100,True,0,1,0,0,False,False,False
117429,100,100,True,0,1,0,0,False,False,False
117489,100,100,True,0,1,0,0,False,False,False
117549,100,100,True,0,1,0,0,False,False,False
117609,100,100,True,0,1,0,0,False,False,False
117669,100,100,True,0,1,0,0,False,False,False
117729,100,100,True,0,1,0,0,False,False,False
117789,100,100,True,0,1,0,0,False,False,False
117849,100,100,True,0,1,0,0,False,False,False
117909,100,100,True,0,1,0,0,False,False,False
117969,100,100,True,0,1,0,0,False,False,False
118029,100,100,True,0,1,0,0,False,False,False
118089,100,100,True,0,1,0,0,False,False,False
118149,100,100,True,0,1,0,0,False,False,False
118209,100,100,True,0,1,0,0,False,False,False
118269,100,100,True,0,1,0,0,False,False,False
118329,100,100,True,0,1,0,0,False,False,False
118389,100,100,True,0,1,0,0,False,False,False
118449,100,100,True,0,1,0,0,False,False,False
118509,100,100,True,0,1,0,0,False,False,False
118569,100,100,True,0,1,0,0,False,False,False
118629,100,100,True,0,1,0,0,False,False,False
118689,100,100,True,0,1,0,0,False,False,False
118749,100,100,True,0,1,0,0,False,False,False
118809,100,100,True,0,1,0,0,False,False,False
118869,100,100,True,0,1,0,0,False,False,False
118929,100,100,True,0,1,0,0,False,False,False
118989,100,100,True,0,1,0,0,False,False,False
119049,100,100,True,0,1,0,0,False,False,False
119109,100,100,True,0,1,0,0,False,False,False
119169,100,100,True,0,1,0,0,False,False,False
119229,100,100,True,0,1,0,0,False,False,False
119289,100,100,True,0,1,0,0,False,False,False
119349,100,100,True,0,1,0,0,False,False,False
119409,100,100,True,0,1,0,0,False,False,False
119469,100,100,True,0,1,0,0,False,False,False
119529,100,100,True,0,1,0,0,False,False,False
119589,100,100,True,0,1,0,0,False,False,False
119649,100,100,True,0,1,0,0,False,False,False
119709,100,100,True,0,1,0,0,False,False,False
119769,100,100,True,0,1,0,0,False,False,False
119829,100,100,True,0,1,0,0,False,False,False
119889,100,100,True,0,1,0,0,False,False,False
119949,100,100,True,0,1,0,0,False,False,False
120009,100,100,True,0,1,0,0,False,False,False
121329,100,100,True,1,1,0,1,False,False,False
121389,100,100,True,1,1,0,1,False,False,False
121449,100,100,True,1,1,0,1,False,False,False
121509,100,100,True,1,1,0,1,False,False,False
121569,100,100,True,1,1,0,1,False,False,False
121629,100,100,True,1,1,0,1,False,False,False
121689,100,100,True,0,1,0,1,False,False,False
121749,100,100,True,0,1,0,1,False,False,False
121809,100,100,True,0,1,0,1,False,False,False
121869,100,100,True,0,1,0,0,False,False,False
121929,100,100,True,0,1,0,0,False,False,False
121989,100,100,True,0,1,0,0,False,False,False
122049,100,100,True,0,1,0,0,False,False,False
122109,100,100,True,0,1,0,0,False,False,False
122169,100,100,True,0,1,0,0,False,False,False
122229,100,100,True,0,1,0,0,False,False,False
122289,100,100,True,0,1,0,0,False,False,False
122349,100,100,True,0,1,0,0,False,False,False
122409,100,100,True,0,1,0,0,False,False,False
122469,100,100,True,0,1,0,0,False,False,False
122529,100,100,True,0,1,0,0,False,False,False
122589,100,100,True,0,1,0,0,False,False,False
122649,100,100,True,0,1,0,0,False,False,False
122709,100,100,True,0,1,0,0,False,False,False
122769,100,100,True,0,1,0,0,False,False,False
122829,100,100,True,0,1,0,0,False,False,False
122889,100,100,True,0,1,0,0,False,False,False
122949,100,100,True,0,1,0,0,False,False,False
123009,100,100,True,0,1,0,0,False,False,False
123069,100,100,True,0,1,0,0,False,False,False
123129,100,100,True,1,1,0,0,False,False,False
123189,100,100,True,1,1,0,0,False,False,False
123249,100,100,True,1,1,0,0,False,False,False
123309,100,100,True,0,1,0,0,False,False,False
123369,100,100,True,0,1,0,0,False,False,False
123429,100,100,True,0,1,0,0,False,False,False
123489,100,100,True,0,1,0,0,False,False,False
123549,100,100,True,0,1,0,0,False,False,False
123609,100,100,True,0,1,0,0,False,False,False
123669,100,100,True,0,1,0,0,False,False,False
123729,100,100,True,0,1,0,0,False,False,False
123789,100,100,True,0,1,0,0,False,False,False
123849,100,100,True,0,1,0,0,False,False,False
123909,100,100,True,0,0,0,0,False,False,False
123969,100,100,True,0,0,0,0,False,False,False
124029,100,100,True,0,0,0,0,False,False,False
124089,100,100,True,0,0,0,0,False,False,False
124149,100,100,True,0,0,0,0,False,False,False
124209,100,100,True,0,0,0,0,False,False,False
124269,100,100,True,0,0,0,0,False,False,False
124329,100,100,True,0,0,0,0,False,False,False
124389,100,100,True,0,0,0,0,False,False,False
124449,100,100,True,0,0,0,0,False,False,False
124509,100,100,True,0,0,0,0,False,False,False
124569,100,100,True,1,0,0,0,False,False,False
124629,100,100,True,1,0,0,0,False,False,False
124689,100,100,True,1,0,0,0,False,False,False
124749,100,100,True,1,0,0,0,False,False,False
124809,100,100,True,1,0,0,0,False,False,False
124869,100,100,True,1,0,0,0,False,False,False
124929,100,100,True,1,0,0,0,False,False,False
124989,100,100,True,1,0,0,0,False,False,False
125049,100,100,True,0,0,0,0,False,False,False
125109,100,100,True,1,0,0,0,False,False,False
125169,100,100,True,1,0,0,0,False,False,False
125229,100,100,True,1,0,0,0,False,False,False
125289,100,100,True,1,0,0,0,False,False,False
125349,100,100,True,1,0,0,0,False,False,False
125409,100,100,True,1,0,0,0,False,False,False
125469,100,100,True,1,0,0,0,False,True,False
125529,100,100,True,0,0,0,0,False,True,False
125589,100,100,True,0,0,0,0,False,True,False
125649,100,100,True,0,0,0,0,False,True,False
125709,100,100,True,0,0,0,0,False,True,False
125769,100,100,True,0,0,0,0,False,True,False
125829,100,100,True,0,0,0,0,False,True,False
125889,100,100,True,0,0,0,0,False,True,False
125949,100,100,True,0,0,0,0,False,True,False
126009,100,100,True,0,0,0,0,False,True,False
126069,100,100,True,0,0,0,0,False,True,False
126129,100,100,True,0,0,0,0,False,True,False
126189,100,100,True,0,0,0,0,False,True,False
126249,100,100,True,0,0,0,0,False,True,False
126309,100,100,True,0,0,0,1,False,True,False
126369,100,100,True,0,0,0,1,False,True,False
126429,100,100,True,0,0,0,1,False,True,False
138609,100,100,True,1,1,0,1,False,False,False
138669,100,100,True,1,1,0,1,False,False,False
138729,100,100,True,1,1,0,1,False,False,False
138789,100,100,True,1,1,0,1,False,False,False
138849,100,100,True,1,1,0,1,False,False,False
138909,100,100,True,1,1,0,1,False,False,False
138969,100,100,True,1,1,0,1,False,False,False
139029,100,100,True,1,1,0,1,False,False,False
139089,100,100,True,1,1,0,1,False,False,False
139149,100,100,True,1,1,0,1,False,False,False
139209,100,100,True,1,1,0,1,False,False,False
139269,100,100,True,1,1,0,1,False,False,False
139329,100,100,True,1,1,0,1,False,False,False
139389,100,100,True,1,1,0,1,False,False,False
139449,60,74,True,1,1,0,1,False,False,False
139509,60,74,True,1,1,0,1,False,False,False
139569,60,74,True,1,1,0,1,False,False,False
139629,60,74,True,1,1,0,1,False,False,False
139689,60,74,True,1,1,0,1,False,False,False
139749,60,74,True,1,1,0,1,False,False,False
139809,60,74,True,1,1,0,1,False,False,False
139869,60,74,True,1,1,0,1,False,False,False
139929,60,74,True,1,1,0,1,False,False,False
139989,60,74,True,1,1,0,1,False,False,False
140049,60,74,True,1,1,0,1,False,False,False
140109,60,74,True,1,1,0,1,False,False,False
140169,60,74,True,1,1,0,1,False,False,False
140229,60,74,True,1,1,0,1,False,False,False
140289,60,74,True,1,1,0,1,False,False,False
140349,60,74,True,1,1,0,1,False,False,False
140409,60,74,True,1,1,0,1,False,False,False
140469,60,74,True,1,1,0,1,False,False,False
140529,60,74,True,1,1,0,1,False,False,False
140589,60,74,True,1,1,0,1,False,False,False
140649,60,74,True,1,1,0,1,False,False,False
140709,60,74,True,1,1,0,1,False,False,False
140769,60,74,True,0,1,0,1,False,False,False
140829,60,74,True,0,1,0,1,False,False,False
140889,60,74,True,0,1,0,1,False,False,False
140949,60,74,True,0,1,0,1,False,False,False
141009,60,74,True,0,1,0,1,False,False,False
141069,60,74,True,0,1,0,0,False,False,False
141129,60,74,True,0,1,0,0,False,False,False
143769,100,100,True,1,1,0,1,False,False,False
143829,100,100,True,0,1,0,1,False,False,False
143889,100,100,True,0,1,0,1,False,False,False
143949,100,100,True,0,1,0,1,False,False,False
144009,100,100,True,0,1,0,1,False,False,False
144069,100,100,True,0,1,0,1,False,False,False
144129,100,100,True,0,1,0,1,False,False,False
144189,100,100,True,0,1,0,1,False,False,False
144249,100,100,True,0,1,0,1,False,False,False
144309,100,100,True,0,1,0,1,False,False,False
144369,65,84,True,0,1,0,1,False,False,False
144429,65,84,True,0,1,0,1,False,False,False
144489,65,84,True,0,1,0,1,False,False,False
144549,65,84,True,0,1,0,1,False,False,False
144609,65,84,True,0,1,0,1,False,False,False
144669,65,84,True,0,1,0,0,False,False,False
144729,65,84,True,0,1,0,0,False,False,False
144789,65,84,True,0,1,0,0,False,False,False
144849,65,84,True,0,1,0,0,False,False,False
144909,65,84,True,0,1,0,0,False,False,False
144969,65,84,True,0,1,0,0,False,False,False
145029,65,84,True,0,1,0,0,False,False,False
145089,65,84,True,0,1,0,0,False,False,False
145149,65,84,True,0,1,0,0,False,False,False
145209,65,84,True,0,1,0,0,False,False,False
145269,65,84,True,0,1,0,0,False,False,False
145329,65,84,True,0,1,0,0,False,False,False
145389,65,84,True,0,1,0,0,False,False,False
145449,65,84,True,0,1,0,0,False,False,False
145509,65,84,True,0,1,0,0,False,False,False
145569,65,84,True,0,1,0,0,False,False,False
145629,65,84,True,0,1,0,0,False,False,False
145689,65,84,True,0,1,0,0,False,False,False
145749,65,84,True,0,1,0,0,False,False,False
145809,65,84,True,0,1,0,0,False,False,False
145869,65,84,True,0,1,0,0,False,False,False
145929,65,84,True,0,1,0,0,False,False,False
145989,65,84,True,0,1,0,0,False,False,False
146049,65,84,True,0,1,0,0,False,False,False
146109,65,84,True,0,1,0,0,False,False,False
146169,65,84,True,0,1,0,0,False,False,False
146229,65,84,True,0,1,0,0,False,False,False
146289,65,84,True,0,1,0,0,False,False,False
146349,65,84,True,0,1,0,0,False,False,False
146409,65,84,True,0,1,0,0,False,False,True
146469,65,84,True,0,1,0,0,False,False,True
147849,100,84,True,1,1,0,1,False,False,False
147909,100,84,True,1,1,0,1,False,False,False
147969,100,84,True,1,1,0,1,False,False,False
148029,100,84,True,1,1,0,1,False,False,False
148089,100,84,True,1,1,0,1,False,False,False
148149,100,84,True,1,1,0,1,False,False,False
148209,100,84,True,1,1,0,1,False,False,False
148269,100,84,True,1,1,0,1,False,False,False
148329,100,84,True,1,1,0,1,False,False,False
148389,100,84,True,1,1,0,1,False,False,False
148449,100,84,True,1,1,0,1,False,False,False
148509,100,84,True,1,1,0,1,False,False,False
148569,100,84,True,1,1,0,1,False,False,False
148629,100,84,True,1,1,0,1,False,False,False
148689,100,84,True,1,1,0,1,False,False,False
148749,100,84,True,1,1,0,1,False,False,False
148809,100,84,True,1,1,0,1,False,False,False
148869,100,84,True,1,1,0,1,False,False,False
148929,100,84,True,1,1,0,1,False,False,False
148989,100,84,True,1,1,0,1,False,False,False
149049,100,84,True,1,1,0,1,False,False,False
149109,100,84,True,1,1,0,1,False,False,False
149169,100,84,True,1,1,0,1,False,False,False
149229,100,84,True,1,1,0,1,False,False,False
149289,100,84,True,1,1,0,1,False,False,False
149349,100,84,True,1,1,0,1,False,False,False
149409,100,84,True,1,1,0,1,False,False,False
149469,100,84,True,1,1,0,1,False,False,False
149529,100,84,True,1,1,0,1,False,False,False
149589,100,84,True,1,1,0,1,False,False,False
149649,100,84,True,1,1,0,1,False,False,False
149709,100,84,True,1,1,0,1,False,False,False
149769,100,84,True,1,1,0,1,False,False,False
149829,100,84,True,1,1,0,1,False,False,False
149889,100,84,True,1,1,0,1,False,False,False
149949,100,84,True,1,1,0,1,False,False,False
150009,47,74,True,1,1,0,1,False,False,False
154689,100,100,True,1,1,0,1,False,False,False
154749,100,100,True,1,1,0,1,False,False,False
154809,100,100,True,1,1,0,1,False,False,False
154869,100,100,True,1,1,0,1,False,False,False
154929,100,100,True,0,1,0,1,False,False,False
154989,100,100,True,0,1,0,1,False,False,False
155049,100,100,True,0,1,0,1,False,False,False
155109,100,100,True,0,1,0,0,False,False,False
155169,100,100,True,0,1,0,0,False,False,False
155229,100,100,True,0,1,0,0,False,False,False
155289,100,100,True,0,1,0,0,False,False,False
155349,100,100,True,0,1,0,0,False,False,False
155409,100,100,True,0,1,0,0,False,False,False
155469,100,100,True,0,1,0,0,False,False,False
155529,100,100,True,0,1,0,0,False,False,False
155589,100,100,True,0,1,0,0,False,False,False
155649,100,100,True,0,1,0,0,False,False,False
155709,100,100,True,0,1,0,0,False,False,False
155769,100,100,True,0,1,0,0,False,False,False
155829,100,100,True,0,1,0,0,False,False,False
155889,100,100,True,0,1,0,0,False,False,False
155949,100,100,True,0,1,0,0,False,False,False
156009,100,100,True,0,1,0,0,False,False,False
156069,100,100,True,0,1,0,0,False,False,False
156129,100,100,True,0,1,0,0,False,False,False
156189,100,100,True,0,1,0,0,False,False,False
156249,100,100,True,0,1,0,0,False,False,False
156309,100,100,True,0,1,0,0,False,False,False
156369,100,100,True,1,1,0,0,False,False,False
156429,100,100,True,1,1,0,0,False,False,False
156489,100,100,True,1,1,0,0,False,False,False
156549,100,100,True,1,1,0,0,False,False,False
156609,100,100,True,1,1,0,0,False,False,False
156669,100,100,True,1,1,0,0,False,False,False
156729,100,100,True,1,1,0,0,False,False,False
156789,100,100,True,1,1,0,0,False,False,False
156849,100,100,True,1,1,0,0,False,False,False
156909,100,100,True,1,1,0,0,False,False,False
156969,100,100,True,1,1,0,0,False,False,False
157029,100,100,True,1,1,0,0,False,False,False
157089,100,100,True,1,1,0,0,False,False,False
157149,100,100,True,1,1,0,0,False,False,False
157209,100,100,True,1,1,0,0,False,False,False
157269,100,100,True,1,1,0,0,False,False,False
157329,11,81,True,1,1,0,0,False,False,False
157389,11,81,True,1,1,0,0,False,False,False
157449,11,81,True,1,1,0,0,False,False,False
157509,11,81,True,1,1,0,0,False,False,False
157569,11,81,True,1,1,0,0,False,False,False
157629,11,81,True,1,1,0,0,False,False,False
157689,11,81,True,0,1,0,0,False,False,False
157749,3,81,True,0,1,0,0,False,False,False
164229,100,100,True,1,1,0,1,False,False,False
164289,100,100,True,1,1,0,1,False,False,False
164349,100,100,True,1,1,0,1,False,False,False
164409,100,100,True,0,1,0,1,False,False,False
164469,100,100,True,0,1,0,1,False,False,False
164529,100,100,True,0,1,0,1,False,False,False
164589,100,100,True,0,1,0,1,False,False,False
164649,100,100,True,0,1,0,1,False,False,False
164709,100,100,True,0,1,0,1,False,False,False
164769,100,100,True,0,1,0,1,False,False,False
164829,100,100,True,0,1,0,1,False,False,False
164889,94,96,True,0,0,0,1,False,False,False
164949,94,96,True,0,0,0,1,False,False,False
165009,94,96,True,0,0,0,1,False,False,False
165069,94,96,True,0,0,0,1,False,False,False
165129,94,96,True,0,0,0,1,False,False,False
165189,94,96,True,0,0,0,1,False,False,False
165249,94,96,True,0,0,0,1,False,False,False
165309,94,96,True,0,0,0,1,False,False,False
165369,94,96,True,0,0,0,1,False,False,False
165429,94,96,True,0,0,0,1,False,False,False
165489,94,96,True,0,0,0,1,False,False,False
165549,94,96,True,0,0,0,1,False,False,False
165609,94,96,True,0,0,0,1,False,False,False
165669,94,96,True,0,0,0,1,False,False,False
165729,94,96,True,0,0,0,1,False,False,False
165789,94,96,True,0,0,0,1,False,False,False
165849,94,96,True,0,0,0,1,False,False,False
165909,94,96,True,0,0,0,1,False,False,False
165969,94,96,True,0,0,0,1,False,False,False
166029,94,96,True,0,0,0,1,False,True,False
166089,94,96,True,0,0,1,1,False,True,False
166149,94,96,True,0,0,1,1,False,True,False
166209,94,96,True,0,0,1,0,False,True,False
166269,94,96,True,0,0,1,0,False,True,False
166329,94,96,True,0,0,1,0,False,True,False
166389,94,96,True,0,0,1,0,False,True,False
166449,94,96,True,0,0,1,0,False,True,False
166509,94,96,True,0,0,1,0,False,True,False
166569,94,96,True,0,0,1,0,False,True,False
166629,94,96,True,0,0,1,0,False,True,False
166689,94,96,True,0,0,1,0,False,True,False
166749,94,96,True,0,0,1,0,False,True,False
166809,94,96,True,0,0,1,0,False,True,False
166869,94,96,True,0,0,1,0,False,True,False
166929,94,96,True,0,0,1,0,False,True,False
166989,94,96,True,0,0,1,0,False,True,False
167049,94,96,True,0,0,1,0,False,True,False
167109,94,96,True,0,0,1,0,False,True,False
167169,94,96,True,0,0,1,0,False,False,True
167229,94,96,True,0,0,1,0,False,False,True
167289,42,86,True,0,0,0,0,False,False,True
167349,42,86,True,0,0,0,0,False,False,True
167409,42,86,True,0,0,0,0,False,False,True
167469,42,86,True,0,0,0,0,False,False,True
167529,42,86,True,0,0,0,0,False,False,True
167589,16,83,True,0,0,0,0,False,False,True
167649,16,83,True,0,0,0,0,False,False,True
167709,16,83,True,0,0,0,0,False,False,True
167769,16,83,True,0,0,0,0,False,False,True
167829,16,83,True,0,0,0,0,False,False,True
167889,16,83,True,0,0,0,0,False,False,True
167949,16,83,True,0,0,0,0,False,False,True
168009,12,81,True,0,0,0,0,False,False,True
168069,12,81,True,0,0,0,0,False,False,True
170289,100,100,True,1,1,0,1,False,False,False
170349,100,100,True,1,1,0,1,False,False,False
170409,100,100,True,1,1,0,1,False,False,False
170469,100,100,True,1,1,0,1,False,False,False
170529,100,100,True,1,1,0,1,False,False,False
170589,100,100,True,1,1,0,1,False,False,False
170649,100,100,True,1,1,0,1,False,False,False
170709,100,100,True,1,1,0,1,False,False,False
170769,100,100,True,1,1,0,1,False,False,False
170829,100,100,True,1,1,0,1,False,False,False
170889,100,100,True,1,1,0,1,False,False,False
170949,100,100,True,1,1,0,1,False,False,False
171009,100,100,True,1,1,0,1,False,False,False
171069,100,100,True,1,1,0,1,False,False,False
171129,100,100,True,1,1,0,1,False,False,False
171189,100,100,True,1,1,0,1,False,False,False
171249,100,100,True,1,1,0,1,False,False,False
171309,100,100,True,1,1,0,1,False,False,False
171369,100,100,True,1,1,0,1,False,False,False
171429,100,100,True,1,1,0,1,False,False,False
171489,100,100,True,1,1,0,1,False,False,False
171549,100,100,True,1,1,0,1,False,False,False
171609,100,100,True,1,1,0,1,False,False,False
171669,100,100,True,1,1,0,1,False,False,False
171729,100,100,True,1,1,0,1,False,False,False
171789,100,100,True,1,1,0,1,False,False,False
171849,100,100,True,1,1,0,1,False,False,False
171909,100,100,True,1,1,0,1,False,False,False
171969,100,100,True,1,1,0,1,False,False,False
172029,100,100,True,1,1,0,1,False,False,False
172089,100,100,True,1,1,0,1,False,False,False
172149,100,100,True,1,1,0,1,False,False,False
172209,100,100,True,1,1,0,1,False,False,False
172269,100,100,True,1,1,0,1,False,False,False
172329,100,100,True,1,1,0,1,False,False,False
172389,100,100,True,1,1,0,1,False,False,False
172449,100,100,True,1,1,0,1,False,False,False
172509,100,100,True,1,1,0,1,False,False,False
172569,100,100,True,1,1,0,1,False,False,False
172629,100,100,True,1,1,0,1,False,False,False
172689,100,100,True,1,1,0,1,False,False,False
172749,100,100,True,1,1,0,1,False,False,False
172809,100,100,True,1,1,0,1,False,False,False
172869,100,100,True,1,1,0,1,False,False,False
172929,100,100,True,1,1,0,1,False,False,False
172989,100,100,True,1,1,0,1,False,False,False
173049,100,100,True,1,1,0,1,False,False,False
173109,100,100,True,1,1,0,1,False,False,False
173169,100,100,True,1,1,0,1,False,False,False
173229,100,100,True,1,1,0,1,False,False,False
173289,100,100,True,1,1,0,1,False,False,False
173349,100,100,True,1,1,0,1,False,False,False
173409,100,100,True,1,1,0,1,False,False,False
173469,100,100,True,1,1,0,1,False,False,False
173529,100,100,True,1,1,0,1,False,False,False
173589,100,100,True,1,1,0,1,False,False,False
173649,100,100,True,1,1,0,1,False,False,False
173709,100,100,True,1,1,0,1,False,False,False
173769,100,100,True,1,1,0,1,False,False,False
173829,100,100,True,1,1,0,1,False,False,False
173889,100,100,True,1,1,0,1,False,False,False
173949,100,100,True,1,1,0,1,False,False,False
174009,100,100,True,1,1,0,1,False,False,False
174069,100,100,True,1,1,0,1,False,False,False
174129,100,100,True,1,1,0,1,False,False,False
174189,100,100,True,1,1,0,1,False,False,False
174249,100,100,True,1,1,0,1,False,False,False
174309,100,100,True,1,1,0,1,False,False,False
174369,100,100,True,1,1,0,1,False,False,False
174429,100,100,True,1,1,0,1,False,False,False
174489,100,100,True,1,1,0,1,False,False,False
174549,100,100,True,1,1,0,1,False,False,False
174609,100,100,True,1,1,0,1,False,False,False
174669,100,100,True,1,1,0,1,False,False,False
174729,100,100,True,1,1,0,1,False,False,False
174789,100,100,True,1,1,0,1,False,False,False
174849,100,100,True,1,1,0,1,False,False,False
174909,100,100,True,0,1,0,1,False,False,False
174969,100,100,True,0,1,0,1,False,False,False
175029,100,100,True,0,1,0,1,False,False,False
175089,100,100,True,0,0,0,1,False,False,False
175149,100,100,True,0,0,0,1,False,False,False
175209,100,100,True,0,0,0,0,False,False,False
175269,100,100,True,0,0,0,0,False,False,False
175329,100,100,True,0,0,0,0,False,False,False
175389,100,100,True,0,0,0,0,False,False,False
175449,100,100,True,0,0,0,0,False,False,False
175509,100,100,True,0,0,0,0,False,False,False
175569,100,100,True,0,0,0,0,False,False,False
175629,100,100,True,0,0,0,0,False,False,False
175689,41,96,True,0,0,0,0,False,False,True
175749,41,96,True,0,0,0,0,False,False,True
175809,41,96,True,0,0,0,0,False,False,True
175869,41,96,True,0,0,0,0,False,False,True
175929,41,96,True,0,0,0,0,False,False,True
175989,41,96,True,0,0,0,0,False,False,True
176049,41,96,True,0,0,0,0,False,False,True
180309,100,100,False,1,1,1,1,True,False,False
180369,100,100,False,1,1,1,1,True,False,False
180429,100,100,False,1,1,1,1,True,False,False
180489,100,100,False,1,1,1,1,True,False,False
180549,100,100,False,1,1,1,1,True,False,False
180609,100,100,False,1,1,1,1,True,False,False
180669,100,100,False,1,1,1,1,True,False,False
180729,100,100,False,1,1,1,1,True,False,False
180789,100,100,False,1,1,1,0,True,False,False
180849,100,100,False,1,1,1,0,True,False,False
180909,100,100,False,1,1,1,0,True,False,False
180969,100,100,False,0,1,1,0,True,False,False
181029,100,100,False,0,1,1,0,True,False,False
181089,100,100,False,0,1,1,0,True,False,False
181149,100,100,False,0,1,1,0,True,False,False
181209,100,100,False,0,1,1,0,True,False,False
181269,100,100,False,0,1,1,0,True,False,False
181329,100,100,False,0,1,1,0,True,False,False
181389,100,100,False,0,1,1,0,True,False,False
181449,100,100,False,0,1,1,0,True,False,False
181509,100,100,False,0,1,1,0,True,False,False
181569,100,100,False,0,1,1,0,True,False,False
181629,100,100,False,0,1,1,0,True,False,False
181689,100,100,False,0,1,1,0,True,False,False
181749,100,100,False,0,1,1,0,True,False,False
181809,100,100,False,0,1,1,0,True,False,False
181869,100,100,False,0,1,1,0,True,False,False
181929,100,100,False,0,1,1,0,True,False,False
181989,100,100,False,0,1,1,0,True,False,False
182049,100,100,False,0,1,1,0,True,False,False
182109,100,100,False,0,1,1,0,True,False,False
182169,100,100,False,0,0,1,0,True,False,False
182229,100,100,False,0,0,1,0,True,False,False
182289,100,100,False,0,0,1,0,True,False,False
182349,100,100,False,0,0,1,0,True,False,False
182409,100,100,False,0,0,1,0,True,False,False
182469,100,100,False,0,0,0,0,True,False,False
182529,91,94,False,0,0,0,0,True,False,False
182589,91,94,False,0,0,0,0,True,False,False
182649,91,94,False,0,0,0,0,True,False,False
182709,91,94,False,0,0,0,0,True,False,False
182769,91,94,False,0,0,0,0,True,False,False
182829,91,94,False,0,0,0,0,True,False,False
182889,91,94,False,0,0,0,0,True,False,False
184269,100,94,False,1,1,1,1,True,False,False
184329,100,94,False,1,1,1,1,True,False,False
184389,100,94,False,1,1,1,1,True,False,False
184449,100,94,False,1,1,1,1,True,False,False
184509,100,94,False,1,1,1,1,True,False,False
184569,100,94,False,1,1,1,1,True,False,False
184629,100,94,False,1,1,1,1,True,False,False
184689,100,94,False,1,1,1,1,True,False,False
184749,100,94,False,1,1,1,1,True,False,False
184809,100,94,False,1,1,1,0,True,False,False
184869,100,94,False,1,1,1,0,True,False,False
184929,100,94,False,1,1,1,0,True,False,False
184989,100,94,False,1,1,1,0,True,False,False
185049,100,94,False,1,1,1,0,True,False,False
185109,100,94,False,1,1,1,0,True,False,False
185169,100,94,False,1,1,1,0,True,False,False
185229,100,94,False,1,1,1,0,True,False,False
185289,100,94,False,1,1,1,0,True,False,False
185349,100,94,False,1,1,1,0,True,False,False
185409,100,94,False,1,1,1,0,True,False,False
185469,100,94,False,1,1,1,0,True,False,False
185529,100,94,False,1,1,1,0,True,False,False
185589,100,94,False,1,1,1,0,True,False,False
185649,100,94,False,1,1,1,0,True,False,False
185709,100,94,False,1,1,1,0,True,False,False
185769,100,94,False,1,1,1,0,True,False,False
185829,100,94,False,1,1,1,0,True,False,False
185889,100,94,False,1,1,1,0,True,False,False
185949,100,94,False,1,1,1,0,True,False,False
186009,100,94,False,1,1,1,0,True,False,False
186069,100,94,False,1,1,1,0,True,False,False
186129,100,94,False,1,1,0,0,True,False,False
186189,100,94,False,1,1,0,0,True,False,False
186249,92,89,False,1,1,0,0,True,False,False
186309,92,89,False,1,1,0,0,True,False,False
186369,92,89,False,1,1,0,0,True,False,False
186429,92,89,False,1,1,0,0,True,False,False
186489,92,89,False,0,1,0,0,True,False,False
186549,92,89,False,0,0,0,0,True,False,False
186609,92,89,False,0,0,0,0,True,False,False
186669,92,89,False,0,0,0,0,True,False,False
186729,92,89,False,0,0,0,0,True,False,False
186789,92,89,False,0,0,0,0,True,False,False
186849,92,89,False,0,0,0,0,True,False,False
