0,1,2,3,4,5,6,7,8,9,10
4698,100.0,100.0,False,0,0,0,0,False,False,False
4758,100.0,100.0,False,0,0,0,0,False,False,False
4818,100.0,100.0,False,0,0,0,0,False,False,False
4878,100.0,100.0,False,0,0,0,0,False,False,False
4938,100.0,100.0,False,0,0,0,0,False,False,False
4998,100.0,100.0,False,0,0,0,0,False,False,False
5058,100.0,100.0,False,0,0,0,0,False,False,False
5118,100.0,100.0,False,0,0,0,0,False,False,False
5178,100.0,100.0,False,0,0,0,0,False,False,False
5238,100.0,100.0,False,0,0,0,0,False,False,False
5298,100.0,100.0,False,0,0,0,0,False,False,False
5358,100.0,100.0,False,0,0,0,0,False,False,False
5418,100.0,100.0,False,0,0,0,0,False,False,False
5478,100.0,100.0,False,0,0,0,0,False,False,False
5538,100.0,100.0,False,0,0,0,0,False,False,False
5598,100.0,100.0,False,0,0,0,0,False,False,False
5658,100.0,100.0,False,0,0,0,0,False,False,False
5718,100.0,100.0,False,0,0,0,0,False,False,False
5778,100.0,100.0,False,0,0,0,0,False,False,False
5838,100.0,100.0,False,0,0,0,0,False,False,False
5898,100.0,100.0,False,0,0,0,0,False,False,False
5958,100.0,100.0,False,0,0,0,0,False,False,False
6018,100.0,100.0,False,0,0,0,0,False,False,False
6078,100.0,100.0,False,0,0,0,0,False,False,False
6138,100.0,100.0,False,0,0,0,0,False,False,False
6198,100.0,100.0,False,0,0,0,0,False,False,False
6258,100.0,100.0,False,0,0,0,0,False,False,False
6318,100.0,100.0,False,0,0,0,0,False,False,False
6378,100.0,100.0,False,0,0,0,0,False,False,False
6438,100.0,100.0,False,0,0,0,0,False,False,False
6498,100.0,100.0,False,0,0,0,0,False,False,False
6558,100.0,100.0,False,0,0,0,0,False,False,False
6618,100.0,100.0,False,0,0,0,0,False,False,False
6678,100.0,100.0,False,0,0,0,0,False,False,False
6738,100.0,100.0,False,0,0,0,0,False,False,False
6798,100.0,100.0,False,0,0,0,0,False,False,False
6858,100.0,100.0,False,0,0,0,0,False,False,False
6918,100.0,100.0,False,0,0,0,0,False,False,False
6978,100.0,100.0,False,0,0,0,0,False,False,False
7038,100.0,100.0,False,0,0,0,0,False,False,False
7098,100.0,100.0,False,0,0,0,0,False,False,False
7158,84.0,91.0,False,0,0,0,0,False,False,False
10698,100.0,100.0,True,1,0,0,1,False,False,False
10758,100.0,100.0,True,1,0,0,1,False,False,False
10818,100.0,100.0,True,1,0,0,1,False,False,False
10878,100.0,100.0,True,1,0,0,1,False,False,False
10938,100.0,100.0,True,1,0,0,1,False,False,False
10998,100.0,100.0,True,1,0,0,1,False,False,False
11058,100.0,100.0,True,1,0,0,1,False,False,False
11118,100.0,100.0,True,1,0,0,1,False,False,False
11178,100.0,100.0,True,1,0,0,1,False,False,False
11238,100.0,100.0,True,1,0,0,0,False,False,False
11298,100.0,100.0,True,1,0,0,0,False,False,False
11358,100.0,100.0,True,1,0,0,0,False,False,False
11418,100.0,100.0,True,1,0,0,0,False,False,False
11478,100.0,100.0,True,1,0,0,0,False,False,False
11538,100.0,100.0,True,1,0,0,0,False,False,False
11598,100.0,100.0,True,1,0,0,0,False,False,False
11658,100.0,100.0,True,1,0,0,0,False,False,False
11718,100.0,100.0,True,1,0,0,0,False,False,False
11778,100.0,100.0,True,1,0,0,0,False,False,False
11838,100.0,100.0,True,1,0,0,0,False,False,False
11898,100.0,100.0,True,1,0,0,0,False,False,False
11958,100.0,100.0,True,1,0,0,0,False,False,False
12018,100.0,100.0,True,1,0,0,0,False,False,False
12078,100.0,100.0,True,1,0,0,0,False,False,False
12138,100.0,100.0,True,1,0,0,0,False,False,False
12198,100.0,100.0,True,1,0,0,0,False,False,False
12258,100.0,100.0,True,1,0,0,0,False,False,False
12318,100.0,100.0,True,1,0,0,0,False,False,False
12378,100.0,100.0,True,1,0,0,0,False,False,False
12438,100.0,100.0,True,0,0,0,0,False,False,False
12498,100.0,100.0,True,0,0,0,0,False,False,False
12558,100.0,100.0,True,0,0,0,0,False,False,False
12618,100.0,100.0,True,0,0,0,0,False,False,False
12678,100.0,100.0,True,0,0,0,0,False,False,False
12738,100.0,100.0,True,0,0,0,0,False,False,False
12798,100.0,100.0,True,0,0,0,0,False,False,False
12858,100.0,100.0,True,0,0,0,0,False,False,False
12918,100.0,100.0,True,0,0,0,0,False,False,False
12978,100.0,100.0,True,0,0,0,0,False,False,False
13038,100.0,100.0,True,0,0,0,0,False,False,False
13098,100.0,100.0,True,0,0,0,0,False,False,False
13158,100.0,100.0,True,0,0,0,0,False,False,False
13218,100.0,100.0,True,0,0,0,0,False,False,False
13278,100.0,100.0,True,0,0,0,0,False,False,False
13338,100.0,100.0,True,0,0,0,0,False,False,False
13398,100.0,100.0,True,0,0,0,0,False,False,False
13458,100.0,100.0,True,0,0,0,0,False,False,False
13518,100.0,100.0,True,0,0,0,0,False,False,False
13578,100.0,100.0,True,0,0,0,0,False,False,False
13638,100.0,100.0,True,0,0,0,0,False,False,False
13698,100.0,100.0,True,0,0,0,0,False,False,False
13758,100.0,100.0,True,0,0,0,0,False,False,False
13818,100.0,100.0,True,0,0,0,0,False,False,False
13878,100.0,100.0,True,0,0,0,0,False,False,False
13938,100.0,100.0,True,0,0,0,0,False,False,False
13998,100.0,100.0,True,0,0,0,0,False,False,False
14058,100.0,100.0,True,0,0,0,0,False,False,False
14118,100.0,100.0,True,0,0,0,0,False,False,False
14178,100.0,100.0,True,0,0,0,0,False,False,False
14238,100.0,100.0,True,0,0,0,0,False,False,False
14298,100.0,100.0,True,0,0,0,0,False,False,False
14358,100.0,100.0,True,0,0,0,0,False,False,False
14418,100.0,100.0,True,0,0,0,0,False,False,False
14478,100.0,100.0,True,0,0,0,0,False,False,False
14538,100.0,100.0,True,0,0,0,0,False,False,False
14598,100.0,100.0,True,0,0,0,0,False,False,False
14658,100.0,100.0,True,0,0,0,0,False,False,False
14718,100.0,100.0,True,0,0,0,0,False,False,False
14778,100.0,100.0,True,0,0,0,0,False,False,False
14838,100.0,100.0,True,0,0,0,0,False,False,False
14898,100.0,100.0,True,0,0,0,0,False,False,False
14958,100.0,100.0,True,0,0,0,0,False,False,False
15018,100.0,100.0,True,0,0,0,0,False,False,False
19998,100.0,100.0,False,0,0,0,0,False,False,False
20058,100.0,100.0,False,0,0,0,0,False,False,False
20118,100.0,100.0,False,0,0,0,0,False,False,False
20178,100.0,100.0,False,0,0,0,0,False,False,False
20238,100.0,100.0,False,0,0,0,0,False,False,False
20298,100.0,100.0,False,0,0,0,0,False,False,False
20358,100.0,100.0,False,0,0,0,0,False,False,False
20418,100.0,100.0,False,0,0,0,0,False,False,False
20478,100.0,100.0,False,0,0,0,0,False,False,False
20538,100.0,100.0,False,0,0,0,0,False,False,False
20598,100.0,100.0,False,0,0,0,0,False,False,False
20658,100.0,100.0,False,0,0,0,0,False,False,False
20718,100.0,100.0,False,0,0,0,0,False,False,False
20778,100.0,100.0,False,0,0,0,0,False,False,False
20838,100.0,100.0,False,0,0,0,0,False,False,False
20898,100.0,100.0,False,0,0,0,0,False,False,False
20958,100.0,100.0,False,0,0,0,0,False,False,False
21018,100.0,100.0,False,0,0,0,0,False,False,False
21078,100.0,100.0,False,0,0,0,0,False,False,False
21138,100.0,100.0,False,0,0,0,0,False,False,False
21198,100.0,100.0,False,0,0,0,0,False,False,False
21258,100.0,100.0,False,0,0,0,0,False,False,False
21318,100.0,100.0,False,0,0,0,0,False,False,False
21378,100.0,100.0,False,0,0,0,0,False,False,False
21438,100.0,100.0,False,0,0,0,0,False,False,False
21498,100.0,100.0,False,0,0,0,0,False,False,False
21558,100.0,100.0,False,0,0,0,0,False,False,False
21618,100.0,100.0,False,0,0,0,0,False,False,False
21678,100.0,100.0,False,0,0,0,0,False,False,False
21738,100.0,100.0,False,0,0,0,0,False,False,False
21798,100.0,100.0,False,0,0,0,0,False,False,False
21858,100.0,100.0,False,0,0,0,0,False,False,False
21918,100.0,100.0,False,0,0,0,0,False,False,False
21978,100.0,100.0,False,0,0,0,0,False,False,False
22038,100.0,100.0,False,0,0,0,0,False,False,False
22098,100.0,100.0,False,0,0,0,0,False,False,False
22158,100.0,100.0,False,0,0,0,0,False,False,False
22218,100.0,100.0,False,0,0,0,0,False,False,False
22278,100.0,100.0,False,0,0,0,0,False,False,False
22338,91.0,99.0,False,0,0,0,0,False,False,False
22398,91.0,99.0,False,0,0,0,0,False,False,False
22458,91.0,99.0,False,0,0,0,0,False,False,False
22518,91.0,99.0,False,0,0,0,0,False,False,False
22578,91.0,99.0,False,0,0,0,0,False,False,False
22638,91.0,99.0,False,0,0,0,0,False,False,False
22698,91.0,99.0,False,0,0,0,0,False,False,False
22758,91.0,99.0,False,0,0,0,0,False,False,False
22818,91.0,99.0,False,0,0,0,0,False,False,False
22878,91.0,99.0,False,0,0,0,0,False,False,False
22938,91.0,99.0,False,0,0,0,0,False,False,False
22998,91.0,99.0,False,0,0,0,0,False,False,False
23058,91.0,99.0,False,0,0,0,0,False,False,False
23118,91.0,99.0,False,0,0,0,0,False,False,False
23178,91.0,99.0,False,0,0,0,0,False,False,False
23238,91.0,99.0,False,0,0,0,0,False,False,False
23298,91.0,99.0,False,0,0,0,0,False,False,False
23358,91.0,99.0,False,0,0,0,0,False,False,False
23418,91.0,99.0,False,0,0,0,0,False,False,False
23478,91.0,99.0,False,0,0,0,0,False,False,False
23538,77.0,95.0,False,0,0,0,0,False,False,False
23598,77.0,95.0,False,0,0,0,0,False,False,False
23658,1.0,74.0,False,0,0,0,0,False,False,False
23718,1.0,74.0,False,0,0,0,0,False,False,False
23778,1.0,74.0,False,0,0,0,0,False,False,False
26478,100.0,100.0,True,1,0,0,0,False,False,False
26538,100.0,100.0,True,1,0,0,0,False,False,False
26598,100.0,100.0,True,1,0,0,0,False,False,False
26658,100.0,100.0,True,1,0,0,0,False,False,False
26718,100.0,100.0,True,1,0,0,0,False,False,False
26778,100.0,100.0,True,1,0,0,0,False,False,False
26838,100.0,100.0,True,1,0,0,0,False,False,False
26898,100.0,100.0,True,1,0,0,0,False,False,False
26958,100.0,100.0,True,1,0,0,0,False,False,False
27018,100.0,100.0,True,1,0,0,0,False,False,False
27078,100.0,100.0,True,1,0,0,0,False,False,False
27138,79.0,86.0,True,1,0,0,0,False,False,False
27198,79.0,86.0,True,1,0,0,0,False,False,False
27258,79.0,86.0,True,1,0,0,0,False,False,False
27318,79.0,86.0,True,1,0,0,0,False,False,False
27378,79.0,86.0,True,1,0,0,0,False,False,False
27438,79.0,86.0,True,1,0,0,0,False,False,False
38178,100.0,100.0,True,1,1,1,1,False,False,False
38238,100.0,100.0,True,1,1,1,1,False,False,False
38298,100.0,100.0,True,1,1,1,1,False,False,False
38358,100.0,100.0,True,1,1,1,1,False,False,False
38418,100.0,100.0,True,1,1,1,1,False,False,False
38478,100.0,100.0,True,1,1,1,1,False,False,False
38538,100.0,100.0,True,1,1,1,1,False,False,False
38598,100.0,100.0,True,1,1,1,1,False,False,False
38658,100.0,100.0,True,1,1,1,0,False,False,False
38718,100.0,100.0,True,1,1,1,0,False,False,False
38778,100.0,100.0,True,0,1,1,0,False,False,False
38838,100.0,100.0,True,0,1,1,0,False,False,False
38898,100.0,100.0,True,0,1,1,0,False,False,False
38958,100.0,100.0,True,0,1,1,0,False,False,False
39018,100.0,100.0,True,0,1,1,0,False,False,False
39078,100.0,100.0,True,0,1,1,0,False,False,False
39138,100.0,100.0,True,0,1,1,0,False,False,False
39198,100.0,100.0,True,0,1,1,0,False,False,False
39258,100.0,100.0,True,0,1,1,0,False,False,False
39318,100.0,100.0,True,0,1,1,0,False,False,False
39378,100.0,100.0,True,0,1,1,0,False,False,False
39438,100.0,100.0,True,0,1,1,0,False,False,False
39498,100.0,100.0,True,0,1,1,0,False,False,False
39558,100.0,100.0,True,0,1,1,0,False,False,False
39618,100.0,100.0,True,0,1,1,0,False,False,False
39678,100.0,100.0,True,0,1,1,0,False,False,False
39738,100.0,100.0,True,0,1,1,0,False,False,False
39798,100.0,100.0,True,0,1,1,0,False,False,False
39858,100.0,100.0,True,0,1,1,0,False,False,False
39918,100.0,100.0,True,0,1,1,0,False,False,False
39978,100.0,100.0,True,0,1,1,0,False,False,False
40038,100.0,100.0,True,0,1,1,0,False,False,False
40098,100.0,100.0,True,0,1,1,0,False,False,False
40158,100.0,100.0,True,0,1,1,0,False,False,False
40218,100.0,100.0,True,0,1,1,0,False,False,False
40278,100.0,100.0,True,0,1,1,0,False,False,False
40338,100.0,100.0,True,0,1,1,0,False,False,False
40398,100.0,100.0,True,0,1,1,0,False,False,False
40458,100.0,100.0,True,0,1,1,0,False,False,False
40518,100.0,100.0,True,0,1,1,0,False,False,False
40578,100.0,100.0,True,0,1,1,0,False,False,False
40638,100.0,100.0,True,0,1,1,0,False,False,False
40698,100.0,100.0,True,0,1,1,0,False,False,False
40758,100.0,100.0,True,0,1,1,0,False,False,False
40818,100.0,100.0,True,0,1,1,0,False,False,False
40878,100.0,100.0,True,0,1,1,0,False,False,False
40938,100.0,100.0,True,0,1,1,0,False,False,False
40998,100.0,100.0,True,0,1,1,0,False,False,False
41058,100.0,100.0,True,0,1,1,1,False,False,False
41118,100.0,100.0,True,0,1,1,1,False,False,False
41178,100.0,100.0,True,0,1,1,1,True,False,False
42498,100.0,100.0,True,1,1,1,1,True,False,False
42558,100.0,100.0,True,1,1,1,1,True,False,False
42618,100.0,100.0,True,1,1,1,1,True,False,False
42678,100.0,100.0,True,1,1,1,1,True,False,False
42738,100.0,100.0,True,1,1,1,1,True,False,False
42798,100.0,100.0,True,1,1,1,1,True,False,False
42858,100.0,100.0,True,1,1,1,1,True,False,False
42918,100.0,100.0,True,1,0,1,1,True,False,False
42978,100.0,100.0,True,1,0,1,1,True,False,False
43038,100.0,100.0,True,1,0,1,1,True,False,False
43098,100.0,100.0,True,1,0,1,1,True,False,False
43158,100.0,100.0,True,1,0,1,1,True,False,False
43218,100.0,100.0,True,1,0,1,1,True,False,False
43278,100.0,100.0,True,1,0,1,1,True,False,False
43338,100.0,100.0,True,1,0,1,1,True,False,False
43398,100.0,100.0,True,1,0,1,1,True,False,False
43458,100.0,100.0,True,1,0,1,0,True,False,False
43518,100.0,100.0,True,1,0,1,0,True,False,False
43578,100.0,100.0,True,1,0,1,0,True,False,False
43638,100.0,100.0,True,1,0,1,0,True,False,False
43698,100.0,100.0,True,1,0,1,0,True,False,False
43758,100.0,100.0,True,1,0,1,0,True,False,False
43818,100.0,100.0,True,1,0,1,0,True,False,False
43878,100.0,100.0,True,1,0,1,0,True,False,False
43938,100.0,100.0,True,1,0,1,0,True,False,False
43998,100.0,100.0,True,1,0,1,0,True,False,False
44058,100.0,100.0,True,1,0,1,0,True,False,False
44118,100.0,100.0,True,1,0,1,0,True,False,False
44178,100.0,100.0,True,1,0,1,0,True,False,False
44238,100.0,100.0,True,1,0,1,0,True,False,False
44298,100.0,100.0,True,1,0,1,0,True,False,False
44358,100.0,100.0,True,1,0,1,0,True,False,False
44418,100.0,100.0,True,1,0,1,0,True,False,False
44478,100.0,100.0,True,1,0,1,0,True,False,False
44538,100.0,100.0,True,1,0,1,0,True,False,False
44598,100.0,100.0,True,1,0,1,0,True,False,False
44658,100.0,100.0,True,1,0,1,0,True,False,False
44718,100.0,100.0,True,1,0,1,0,True,False,False
44778,100.0,100.0,True,1,0,1,0,True,False,False
44838,100.0,100.0,True,1,0,1,0,True,False,False
46158,100.0,100.0,True,1,1,1,1,True,False,False
46218,100.0,100.0,True,1,1,1,1,True,False,False
46278,100.0,100.0,True,1,1,1,1,True,False,False
46338,100.0,100.0,True,1,1,1,1,True,False,False
46398,100.0,100.0,True,1,1,1,1,True,False,False
46458,100.0,100.0,True,1,1,1,1,True,False,False
46518,100.0,100.0,True,1,1,1,1,True,False,False
46578,100.0,100.0,True,1,1,1,1,True,False,False
46638,100.0,100.0,True,1,1,1,1,True,False,False
46698,100.0,100.0,True,1,1,1,1,True,False,False
46758,100.0,100.0,True,1,1,1,1,True,False,False
46818,100.0,100.0,True,1,1,1,1,True,False,False
46878,100.0,100.0,True,1,1,1,1,True,False,False
46938,100.0,100.0,True,1,1,1,1,True,False,False
46998,100.0,100.0,True,1,1,1,1,True,False,False
47058,100.0,100.0,True,1,1,1,1,True,False,False
47118,100.0,100.0,True,0,1,1,1,True,False,False
47178,100.0,100.0,True,0,1,1,1,True,False,False
47238,100.0,100.0,True,0,1,1,1,True,False,False
47298,100.0,100.0,True,0,1,1,1,True,False,False
47358,100.0,100.0,True,0,1,0,1,True,False,False
47418,100.0,100.0,True,0,1,0,1,True,False,False
47478,100.0,100.0,True,0,1,0,1,True,False,False
47538,100.0,100.0,True,0,1,0,1,True,False,False
47598,100.0,100.0,True,0,1,0,1,True,False,False
47658,100.0,100.0,True,0,1,0,1,True,False,False
47718,100.0,100.0,True,0,1,0,1,True,False,False
47778,100.0,100.0,True,0,1,0,1,True,False,False
47838,100.0,100.0,True,0,1,0,1,True,False,False
47898,100.0,100.0,True,0,1,0,1,True,False,False
47958,100.0,100.0,True,0,1,0,1,True,False,False
48018,100.0,100.0,True,0,1,0,1,True,False,False
48078,100.0,100.0,True,0,1,0,1,True,False,False
48138,100.0,100.0,True,0,1,0,1,True,False,False
48198,100.0,100.0,True,0,1,0,1,True,False,False
48258,100.0,100.0,True,0,1,0,1,True,False,False
48318,100.0,100.0,True,0,1,0,1,True,False,False
48378,100.0,100.0,True,0,1,0,1,True,False,False
48438,100.0,100.0,True,0,1,0,1,True,False,False
48498,100.0,100.0,True,0,1,0,1,True,False,False
48558,100.0,100.0,True,0,1,0,1,True,False,False
48618,100.0,100.0,True,0,1,0,1,True,False,False
48678,100.0,100.0,True,0,1,0,1,True,False,False
48738,100.0,100.0,True,0,1,0,1,True,False,False
48798,100.0,100.0,True,0,1,0,1,True,False,False
48858,100.0,100.0,True,0,1,0,1,True,False,False
48918,100.0,100.0,True,0,1,0,1,True,False,False
48978,100.0,100.0,True,0,1,0,1,True,False,False
49038,100.0,100.0,True,0,1,0,1,True,False,False
49098,100.0,100.0,True,0,1,0,1,True,False,False
49158,100.0,100.0,True,0,1,0,1,True,False,False
49218,100.0,100.0,True,0,1,0,1,True,False,False
54918,100.0,100.0,False,1,1,1,1,True,False,False
54978,100.0,100.0,False,1,1,1,1,True,False,False
55038,100.0,100.0,False,1,1,1,1,True,False,False
55098,100.0,100.0,False,1,1,1,1,True,False,False
55158,100.0,100.0,False,1,1,1,1,True,False,False
55218,100.0,100.0,False,1,1,1,1,True,False,False
55278,100.0,100.0,False,1,1,1,1,True,False,False
55338,100.0,100.0,False,1,1,1,1,True,False,False
55398,100.0,100.0,False,1,1,1,1,True,False,False
55458,100.0,100.0,False,1,1,1,0,True,False,False
55518,100.0,100.0,False,1,1,1,0,True,False,False
55578,100.0,100.0,False,1,1,1,0,True,False,False
55638,100.0,100.0,False,1,1,1,0,True,False,False
55698,100.0,100.0,False,1,1,1,0,True,False,False
55758,100.0,100.0,False,0,1,1,0,True,False,False
55818,100.0,100.0,False,0,1,1,0,True,False,False
55878,100.0,100.0,False,0,1,1,0,True,False,False
55938,100.0,100.0,False,0,1,1,0,True,False,False
55998,100.0,100.0,False,0,1,1,0,True,False,False
56058,100.0,100.0,False,0,1,1,0,True,False,False
56118,100.0,100.0,False,0,1,1,0,True,False,False
56178,100.0,100.0,False,0,1,1,0,True,False,False
56238,100.0,100.0,False,0,1,1,0,True,False,False
56298,100.0,100.0,False,0,1,1,0,True,False,False
56358,100.0,100.0,False,0,1,1,0,True,False,False
56418,100.0,100.0,False,0,1,1,0,True,False,False
56478,100.0,100.0,False,0,1,1,0,True,False,False
56538,100.0,100.0,False,0,1,0,0,True,False,False
56598,100.0,100.0,False,0,1,0,0,True,False,False
56658,100.0,100.0,False,0,1,0,0,True,False,False
56718,100.0,100.0,False,0,1,0,0,True,False,False
56778,100.0,100.0,False,0,1,0,0,True,False,False
56838,100.0,100.0,False,0,1,0,0,True,False,False
56898,100.0,100.0,False,0,1,0,0,True,False,False
56958,100.0,100.0,False,0,1,0,0,True,False,False
57018,100.0,100.0,False,0,1,0,0,True,False,False
57078,100.0,100.0,False,0,1,0,0,True,False,False
57138,100.0,100.0,False,0,1,0,0,True,False,False
57198,100.0,100.0,False,0,1,0,0,True,False,False
57258,100.0,100.0,False,0,1,0,0,True,False,False
57318,100.0,100.0,False,0,1,0,0,True,False,False
57378,100.0,100.0,False,0,0,0,0,True,False,False
57438,100.0,100.0,False,0,0,0,0,True,False,False
57498,100.0,100.0,False,0,0,0,0,True,False,False
57558,100.0,100.0,False,0,0,0,0,True,False,False
57618,100.0,100.0,False,0,0,0,0,True,False,False
57678,100.0,100.0,False,0,0,0,0,True,False,False
57738,100.0,100.0,False,0,0,0,0,True,False,False
57798,100.0,100.0,False,0,0,0,0,True,False,False
57858,65.0,96.0,False,0,0,0,0,True,False,False
57918,65.0,96.0,False,0,0,0,0,True,False,False
57978,65.0,96.0,False,0,0,0,0,True,False,False
58038,65.0,96.0,False,0,0,0,0,True,False,False
58098,65.0,96.0,False,0,0,0,0,True,False,False
58158,65.0,96.0,False,0,0,0,0,True,False,False
58218,65.0,96.0,False,0,0,0,0,True,False,False
58278,65.0,96.0,False,0,0,0,0,True,False,False
58338,65.0,96.0,False,0,0,0,0,True,False,False
58398,65.0,96.0,False,0,0,0,1,True,False,False
58458,65.0,96.0,False,0,0,0,1,True,False,False
58518,65.0,96.0,False,0,0,0,1,True,False,False
58578,65.0,96.0,False,1,0,0,1,True,False,False
58638,65.0,96.0,False,1,0,0,1,True,False,False
58698,65.0,96.0,False,1,0,0,1,True,False,False
60018,100.0,100.0,True,1,1,1,1,True,False,False
60078,100.0,100.0,True,1,1,1,1,True,False,False
60138,100.0,100.0,True,1,1,1,1,True,False,False
60198,100.0,100.0,True,1,1,1,1,True,False,False
60258,100.0,100.0,True,1,1,1,1,True,False,False
60318,100.0,100.0,True,1,1,1,1,True,False,False
60378,100.0,100.0,True,1,1,1,1,True,False,False
60438,100.0,100.0,True,1,0,1,1,True,False,False
60498,100.0,100.0,True,1,0,1,1,True,False,False
60558,100.0,100.0,True,1,0,1,1,True,False,False
60618,100.0,100.0,True,1,0,1,1,True,False,False
60678,100.0,100.0,True,1,0,1,1,True,False,False
60738,100.0,100.0,True,1,0,0,1,True,False,False
60798,100.0,100.0,True,1,0,0,1,True,False,False
60858,100.0,100.0,True,1,0,0,0,True,False,False
60918,100.0,100.0,True,1,0,0,0,True,False,False
60978,100.0,100.0,True,1,0,0,0,True,False,False
61038,100.0,100.0,True,1,0,0,0,True,False,False
61098,100.0,100.0,True,1,0,0,0,True,False,False
61158,100.0,100.0,True,1,0,0,0,True,False,False
61218,100.0,100.0,True,1,0,0,0,True,False,False
61278,100.0,100.0,True,1,0,0,0,True,False,False
61338,100.0,100.0,True,0,0,0,0,True,False,False
61398,100.0,100.0,True,0,0,0,0,True,False,False
61458,100.0,100.0,True,0,0,0,0,True,False,False
61518,100.0,100.0,True,0,0,0,0,True,False,False
61578,100.0,100.0,True,0,0,0,0,True,False,False
61638,100.0,100.0,True,0,0,0,0,True,False,False
61698,100.0,100.0,True,0,0,0,0,True,False,False
61758,100.0,100.0,True,0,0,0,0,True,False,False
61818,100.0,100.0,True,0,0,0,0,True,False,False
61878,100.0,100.0,True,0,0,0,0,True,False,False
61938,100.0,100.0,True,0,0,0,0,True,False,False
61998,100.0,100.0,True,0,0,0,0,True,False,False
62058,100.0,100.0,True,0,0,0,0,True,False,False
62118,100.0,100.0,True,0,0,0,0,True,False,False
62178,100.0,100.0,True,0,0,0,0,True,False,False
62238,100.0,100.0,True,0,0,0,0,True,False,False
62298,100.0,100.0,True,0,1,0,0,True,False,False
62358,100.0,100.0,True,0,1,0,0,True,False,False
62418,100.0,100.0,True,0,1,0,0,True,False,False
62478,100.0,100.0,True,0,1,0,0,True,False,False
62538,100.0,100.0,True,0,1,0,0,True,False,False
62598,100.0,100.0,True,0,1,0,0,True,False,False
62658,100.0,100.0,True,0,1,0,0,True,False,False
62718,100.0,100.0,True,0,1,0,0,True,False,False
62778,100.0,100.0,True,0,1,0,0,True,False,False
62838,100.0,100.0,True,0,1,0,0,True,False,False
62898,100.0,100.0,True,0,1,0,0,True,False,False
62958,100.0,100.0,True,0,1,0,0,True,False,False
63018,100.0,100.0,True,0,1,0,0,True,False,False
63078,100.0,100.0,True,0,1,0,0,True,False,False
63138,100.0,100.0,True,0,1,0,0,True,False,False
63198,100.0,100.0,True,0,1,0,0,True,False,False
63258,100.0,100.0,True,0,1,0,0,True,False,False
63318,100.0,100.0,True,0,1,0,0,True,False,False
63378,100.0,100.0,True,0,1,0,0,True,False,False
63438,100.0,100.0,True,0,1,0,0,True,False,False
63498,100.0,100.0,True,0,1,0,0,True,False,False
63558,100.0,100.0,True,0,1,0,0,True,False,False
63618,100.0,100.0,True,0,1,0,0,True,False,False
63678,100.0,100.0,True,0,1,0,0,True,False,False
63738,100.0,100.0,True,0,1,0,0,True,False,False
63798,100.0,100.0,True,0,1,0,0,True,False,False
63858,100.0,100.0,True,0,1,0,0,True,False,False
63918,100.0,100.0,True,0,1,0,0,True,False,False
63978,100.0,100.0,True,0,1,0,0,True,False,False
64038,100.0,100.0,True,0,1,0,0,True,False,False
64098,100.0,100.0,True,0,1,0,0,True,False,False
64158,100.0,100.0,True,0,1,0,0,True,False,False
64218,100.0,100.0,True,0,1,0,0,True,False,False
64278,100.0,100.0,True,0,1,0,0,True,False,False
64338,100.0,100.0,True,0,1,0,0,True,False,False
64398,100.0,100.0,True,0,1,0,0,True,False,False
64458,100.0,100.0,True,0,1,0,0,True,False,False
64518,100.0,100.0,True,0,1,0,0,True,False,False
64578,100.0,100.0,True,0,1,0,0,True,False,False
64638,100.0,100.0,True,0,1,0,0,True,False,False
64698,100.0,100.0,True,0,1,0,0,True,False,False
64758,100.0,100.0,True,0,1,0,0,True,False,False
64818,100.0,100.0,True,0,1,0,0,True,False,False
64878,100.0,100.0,True,0,1,0,0,True,False,False
64938,100.0,100.0,True,0,1,0,0,True,False,False
64998,100.0,100.0,True,0,1,0,0,True,False,False
65058,100.0,100.0,True,0,1,0,0,True,False,False
65118,100.0,100.0,True,0,1,0,0,True,False,False
65178,100.0,100.0,True,0,1,0,0,True,False,False
66558,100.0,100.0,True,1,1,1,1,True,False,False
66618,100.0,100.0,True,1,1,1,1,True,False,False
66678,100.0,100.0,True,1,1,1,1,True,False,False
66738,100.0,100.0,True,1,1,1,1,True,False,False
66798,100.0,100.0,True,1,1,1,1,True,False,False
66858,100.0,100.0,True,1,1,1,1,True,False,False
66918,100.0,100.0,True,1,1,1,1,True,False,False
66978,100.0,100.0,True,1,1,1,1,True,False,False
67038,100.0,100.0,True,1,1,1,1,True,False,False
67098,100.0,100.0,True,1,1,1,1,True,False,False
67158,100.0,100.0,True,1,1,1,1,True,False,False
67218,100.0,100.0,True,1,1,1,1,True,False,False
67278,100.0,100.0,True,1,1,1,1,True,False,False
67338,100.0,100.0,True,1,1,1,0,True,False,False
67398,100.0,100.0,True,1,1,1,0,True,False,False
67458,100.0,100.0,True,1,1,1,0,True,False,False
67518,100.0,100.0,True,1,1,1,0,True,False,False
67578,100.0,100.0,True,1,1,1,0,True,False,False
67638,100.0,100.0,True,1,1,1,0,True,False,False
67698,100.0,100.0,True,1,1,1,0,True,False,False
67758,100.0,100.0,True,1,1,1,0,True,False,False
67818,100.0,100.0,True,1,1,1,0,True,False,False
67878,100.0,100.0,True,1,1,0,0,True,False,False
67938,100.0,100.0,True,1,1,0,0,True,False,False
67998,100.0,100.0,True,1,1,0,0,True,False,False
68058,88.0,92.0,True,1,1,0,0,True,False,False
68118,88.0,92.0,True,1,1,0,0,True,False,False
68178,88.0,92.0,True,1,1,0,0,True,False,False
68238,88.0,92.0,True,1,1,0,0,True,False,False
68298,21.0,83.0,True,1,1,0,0,True,False,False
73578,100.0,100.0,True,1,1,1,1,True,False,False
73638,100.0,100.0,True,1,1,1,1,True,False,False
73698,100.0,100.0,True,1,1,1,1,True,False,False
73758,100.0,100.0,True,1,1,1,1,True,False,False
73818,100.0,100.0,True,1,1,1,1,True,False,False
73878,100.0,100.0,True,1,1,1,1,True,False,False
73938,100.0,100.0,True,1,1,1,1,True,False,False
73998,100.0,100.0,True,1,1,1,0,True,False,False
74058,100.0,100.0,True,1,1,1,0,True,False,False
74118,100.0,100.0,True,1,1,1,0,True,False,False
74178,100.0,100.0,True,1,1,0,0,True,False,False
74238,100.0,100.0,True,1,1,0,0,True,False,False
74298,100.0,100.0,True,1,1,0,0,True,False,False
74358,100.0,100.0,True,1,1,0,0,True,False,False
74418,100.0,100.0,True,0,1,0,0,True,False,False
74478,100.0,100.0,True,0,1,0,0,True,False,False
74538,100.0,100.0,True,0,1,0,0,True,False,False
74598,100.0,100.0,True,0,1,0,0,True,False,False
74658,100.0,100.0,True,0,1,0,0,True,False,False
74718,100.0,100.0,True,0,1,0,0,True,False,False
74778,100.0,100.0,True,0,1,0,0,True,False,False
74838,100.0,100.0,True,0,1,0,0,True,False,False
74898,100.0,100.0,True,0,1,0,0,True,False,False
74958,100.0,100.0,True,0,1,0,0,True,False,False
75018,100.0,100.0,True,0,1,0,0,True,False,False
75078,100.0,100.0,True,0,1,0,0,True,False,False
75138,100.0,100.0,True,0,1,0,0,True,False,False
75198,100.0,100.0,True,0,1,0,0,True,False,False
75258,100.0,100.0,True,0,1,0,0,True,False,False
75318,100.0,100.0,True,0,1,0,0,True,False,False
75378,100.0,100.0,True,0,1,0,0,True,False,False
75438,100.0,100.0,True,0,1,0,0,True,False,False
75498,100.0,100.0,True,0,1,0,0,True,False,False
75558,100.0,100.0,True,0,1,0,0,True,False,False
75618,100.0,100.0,True,0,1,0,0,True,False,False
75678,100.0,100.0,True,0,1,0,0,True,False,False
75738,100.0,100.0,True,0,1,0,0,True,False,False
75798,100.0,100.0,True,0,1,0,0,True,False,False
75858,100.0,100.0,True,0,1,0,0,True,False,False
75918,100.0,100.0,True,0,1,0,0,True,False,False
75978,100.0,100.0,True,0,1,0,0,True,False,False
76038,100.0,100.0,True,0,1,0,0,True,False,False
76098,100.0,100.0,True,0,1,0,0,True,False,False
76158,100.0,100.0,True,0,1,0,0,True,False,False
76218,100.0,100.0,True,0,1,0,0,True,False,False
76278,100.0,100.0,True,0,1,0,0,True,False,False
76338,100.0,100.0,True,0,1,0,0,True,False,False
76398,100.0,100.0,True,0,1,0,0,True,False,False
76458,100.0,100.0,True,0,1,0,0,True,False,False
76518,100.0,100.0,True,0,1,0,0,True,False,False
76578,100.0,100.0,True,0,1,0,0,True,False,False
76638,100.0,100.0,True,0,1,0,0,True,False,False
76698,100.0,100.0,True,0,1,0,0,True,False,False
76758,100.0,100.0,True,0,1,0,0,True,False,False
76818,100.0,100.0,True,0,1,0,0,True,False,False
76878,100.0,100.0,True,0,1,0,0,True,False,False
76938,100.0,100.0,True,0,1,0,0,True,False,False
76998,100.0,100.0,True,0,1,0,0,True,False,False
77058,100.0,100.0,True,0,1,0,0,True,False,False
77118,100.0,100.0,True,0,1,0,0,True,False,False
77178,100.0,100.0,True,0,1,0,0,True,False,False
77238,100.0,100.0,True,0,1,0,0,True,False,False
77298,100.0,100.0,True,0,1,0,0,True,False,False
77358,100.0,100.0,True,0,0,0,0,True,False,False
77418,100.0,100.0,True,0,0,0,0,True,False,False
77478,100.0,100.0,True,0,0,0,0,True,False,False
77538,100.0,100.0,True,0,0,0,0,True,False,False
77598,100.0,100.0,True,0,0,0,0,True,False,False
77658,100.0,100.0,True,0,0,0,0,True,False,False
77718,100.0,100.0,True,0,0,0,0,True,False,False
77778,100.0,100.0,True,0,0,0,0,True,False,False
77838,100.0,100.0,True,0,0,0,0,True,False,False
77898,100.0,100.0,True,0,0,0,0,True,False,False
77958,100.0,100.0,True,0,0,0,0,True,False,False
78018,100.0,100.0,True,0,0,0,0,True,False,False
78078,100.0,100.0,True,0,0,0,0,True,False,False
78138,100.0,100.0,True,0,0,0,0,True,False,False
78198,100.0,100.0,True,0,0,0,0,True,False,False
78258,100.0,100.0,True,0,0,0,0,True,False,False
78318,100.0,100.0,True,0,0,0,0,True,False,False
78378,100.0,100.0,True,0,0,0,0,True,False,False
78438,100.0,100.0,True,0,0,0,0,True,False,False
78498,100.0,100.0,True,0,0,0,0,True,False,False
78558,100.0,100.0,True,0,0,0,0,True,False,False
78618,100.0,100.0,True,0,0,0,0,True,False,False
78678,100.0,100.0,True,0,0,0,0,True,False,False
78738,100.0,100.0,True,0,0,0,0,True,False,False
78798,100.0,100.0,True,0,0,0,0,True,False,False
78858,100.0,100.0,True,0,0,0,0,True,False,False
78918,100.0,100.0,True,0,0,0,0,True,False,False
78978,100.0,100.0,True,0,0,0,0,True,False,False
79038,100.0,100.0,True,0,0,0,0,True,False,False
79098,100.0,100.0,True,0,0,0,0,True,False,False
79158,100.0,100.0,True,0,0,0,0,True,False,False
79218,100.0,100.0,True,0,0,0,0,True,False,False
79278,100.0,100.0,True,0,0,0,0,True,False,False
79338,100.0,100.0,True,0,0,0,0,True,False,False
79398,100.0,100.0,True,0,0,0,0,True,False,False
79458,100.0,100.0,True,0,0,0,0,True,False,False
79518,100.0,100.0,True,0,0,0,0,True,False,False
79578,100.0,100.0,True,0,0,0,0,True,False,False
79638,100.0,100.0,True,1,0,0,0,True,False,False
79698,100.0,100.0,True,1,0,0,0,True,False,False
79758,100.0,100.0,True,1,0,0,0,True,False,False
79818,100.0,100.0,True,1,0,0,0,True,False,False
79878,100.0,100.0,True,1,0,0,0,True,False,False
79938,100.0,100.0,True,1,0,0,0,True,False,False
79998,100.0,100.0,True,1,0,0,0,True,False,True
80058,100.0,100.0,True,1,0,0,0,True,False,True
80118,100.0,100.0,True,1,0,0,0,True,False,True
80178,100.0,100.0,True,1,0,0,0,True,False,True
80238,100.0,100.0,True,1,0,0,0,True,False,True
80298,100.0,100.0,True,1,0,0,0,True,False,True
80358,100.0,100.0,True,1,0,0,0,True,False,True
80418,100.0,100.0,True,1,0,0,0,True,False,True
80478,100.0,100.0,True,1,0,0,0,True,False,True
80538,100.0,100.0,True,1,0,0,0,True,False,True
92658,100.0,100.0,True,1,1,1,1,True,False,False
92718,100.0,100.0,True,1,1,1,1,True,False,False
92778,100.0,100.0,True,1,1,1,1,True,False,False
92838,100.0,100.0,True,1,1,1,1,True,False,False
92898,100.0,100.0,True,1,1,1,1,True,False,False
92958,100.0,100.0,True,1,1,1,1,True,False,False
93018,100.0,100.0,True,1,1,1,1,True,False,False
93078,100.0,100.0,True,1,1,1,1,True,False,False
93138,100.0,100.0,True,1,1,1,1,True,False,False
93198,100.0,100.0,True,1,1,1,1,True,False,False
93258,100.0,100.0,True,1,1,1,1,True,False,False
93318,100.0,100.0,True,1,1,1,1,True,False,False
93378,100.0,100.0,True,1,1,1,1,True,False,False
93438,100.0,100.0,True,1,1,1,1,True,False,False
93498,100.0,100.0,True,1,1,1,1,True,False,False
93558,100.0,100.0,True,1,1,1,1,True,False,False
93618,100.0,100.0,True,1,1,1,1,True,False,False
93678,100.0,100.0,True,1,1,1,1,True,False,False
93738,100.0,100.0,True,1,1,1,1,True,False,False
93798,100.0,100.0,True,1,1,1,1,True,False,False
93858,100.0,100.0,True,1,1,1,1,True,False,False
93918,100.0,100.0,True,1,1,1,1,True,False,False
93978,86.0,99.0,True,1,1,1,1,True,False,False
94038,86.0,99.0,True,1,1,1,1,True,False,False
94098,86.0,99.0,True,1,1,1,1,True,False,False
94158,86.0,99.0,True,1,1,1,1,True,False,False
94218,86.0,99.0,True,1,1,1,0,True,False,False
94278,86.0,99.0,True,1,1,0,0,True,False,False
94338,86.0,99.0,True,1,0,0,0,True,False,False
94398,86.0,99.0,True,1,0,0,0,True,False,False
94458,86.0,99.0,True,1,0,0,0,True,False,False
94518,86.0,99.0,True,1,0,0,0,True,False,False
94578,86.0,99.0,True,1,0,0,0,True,False,False
94638,86.0,99.0,True,1,0,0,0,True,False,False
94698,86.0,99.0,True,1,0,0,0,True,False,False
94758,86.0,99.0,True,1,0,0,0,True,False,False
94818,86.0,99.0,True,1,0,0,0,True,False,False
94878,86.0,99.0,True,1,0,0,0,True,False,False
94938,86.0,99.0,True,0,0,0,0,True,False,False
94998,86.0,99.0,True,0,0,0,0,True,False,False
95058,86.0,99.0,True,0,0,0,0,True,False,False
95118,86.0,99.0,True,0,0,0,0,True,False,False
95178,86.0,99.0,True,0,0,0,0,True,False,False
95238,86.0,99.0,True,0,0,0,0,True,False,False
95298,86.0,99.0,True,1,0,0,0,True,False,False
95358,86.0,99.0,True,1,0,0,0,True,False,False
95418,86.0,99.0,True,1,0,0,0,True,False,False
95478,86.0,99.0,True,1,0,0,0,True,False,False
95538,86.0,99.0,True,1,0,0,0,True,False,False
95598,86.0,99.0,True,1,0,0,0,True,False,False
95658,86.0,99.0,True,1,0,0,0,True,False,False
95718,86.0,99.0,True,1,0,0,0,True,False,False
95778,86.0,99.0,True,1,0,0,0,True,False,False
95838,86.0,99.0,True,1,0,0,0,True,False,False
95898,86.0,99.0,True,1,0,0,0,True,False,False
95958,86.0,99.0,True,1,0,0,0,True,False,False
96018,86.0,99.0,True,1,0,0,0,True,False,False
96078,86.0,99.0,True,1,0,0,0,True,False,False
96138,86.0,99.0,True,1,0,0,0,True,False,False
96198,86.0,99.0,True,1,0,0,0,True,False,False
96258,86.0,99.0,True,1,0,0,0,True,False,False
96318,86.0,99.0,True,1,0,0,0,True,False,False
96378,86.0,99.0,True,1,0,0,0,True,False,False
96438,86.0,99.0,True,1,0,0,0,True,False,False
96498,86.0,99.0,True,1,0,0,0,True,False,False
96558,86.0,99.0,True,1,0,0,0,True,False,False
96618,86.0,99.0,True,1,0,0,0,True,False,False
96678,86.0,99.0,True,1,0,0,0,True,False,False
96738,86.0,99.0,True,1,0,0,0,True,False,False
96798,86.0,99.0,True,1,0,0,0,True,False,False
96858,86.0,99.0,True,0,0,0,0,True,False,False
96918,86.0,99.0,True,0,0,0,0,True,False,False
96978,86.0,99.0,True,0,0,0,0,True,False,False
97038,86.0,99.0,True,0,0,0,0,True,False,False
97098,86.0,99.0,True,0,0,0,0,True,False,False
97158,86.0,99.0,True,0,0,0,0,True,False,False
97218,86.0,99.0,True,0,0,0,0,True,False,False
97278,86.0,99.0,True,0,0,0,0,True,False,False
97338,86.0,99.0,True,0,0,0,0,True,False,False
97398,86.0,99.0,True,0,0,0,0,True,False,False
97458,86.0,99.0,True,0,0,0,0,True,False,False
97518,86.0,99.0,True,0,0,0,0,True,False,False
97578,86.0,99.0,True,0,0,0,0,True,False,False
97638,86.0,99.0,True,0,0,0,0,True,False,False
97698,86.0,99.0,True,0,0,0,0,True,False,False
97758,86.0,99.0,True,0,0,0,0,True,False,False
97818,86.0,99.0,True,0,0,0,0,True,False,False
97878,86.0,99.0,True,0,0,0,0,True,False,False
97938,86.0,99.0,True,0,0,0,0,True,False,False
97998,86.0,99.0,True,0,0,0,0,True,False,False
98058,86.0,99.0,True,0,0,0,0,True,False,False
98118,86.0,99.0,True,0,0,0,0,True,False,False
98178,86.0,99.0,True,0,0,0,0,True,False,False
98238,86.0,99.0,True,0,0,0,0,True,False,False
98298,86.0,99.0,True,0,0,0,0,True,False,False
98358,86.0,99.0,True,0,0,0,0,True,False,False
98418,86.0,99.0,True,0,0,0,0,True,False,False
98478,86.0,99.0,True,0,0,0,0,True,False,False
98538,86.0,99.0,True,0,0,0,0,True,False,False
98598,86.0,99.0,True,0,0,0,0,True,False,False
98658,86.0,99.0,True,0,0,0,0,True,False,False
98718,86.0,99.0,True,0,0,0,0,True,False,False
98778,86.0,99.0,True,0,0,0,0,True,False,False
98838,86.0,99.0,True,0,0,0,0,True,False,False
98898,86.0,99.0,True,0,0,0,0,True,False,False
98958,86.0,99.0,True,0,0,0,0,True,False,False
99018,86.0,99.0,True,0,0,0,0,True,False,False
99078,86.0,99.0,True,0,0,0,0,True,False,False
99138,86.0,99.0,True,0,0,0,0,True,False,False
99198,86.0,99.0,True,0,0,0,0,True,False,False
99258,86.0,99.0,True,0,0,0,0,True,False,False
99318,86.0,99.0,True,0,0,0,0,True,False,False
99378,86.0,99.0,True,0,0,0,0,True,False,False
99438,86.0,99.0,True,0,0,0,0,True,False,False
99498,86.0,99.0,True,0,0,0,0,True,False,False
99558,86.0,99.0,True,0,0,0,0,True,False,False
99618,86.0,99.0,True,0,0,0,0,True,False,False
99678,86.0,99.0,True,0,0,0,0,True,False,False
99738,86.0,99.0,True,0,0,0,0,True,False,False
99798,86.0,99.0,True,0,0,0,0,True,False,False
99858,86.0,99.0,True,0,0,0,0,True,False,False
99918,86.0,99.0,True,0,0,0,0,True,False,False
99978,86.0,99.0,True,0,0,0,0,True,False,False
100038,86.0,99.0,True,0,0,0,0,True,False,False
100098,86.0,99.0,True,0,0,0,0,True,False,False
100158,86.0,99.0,True,0,0,0,0,True,False,False
100218,86.0,99.0,True,0,0,0,0,True,False,False
100278,86.0,99.0,True,0,0,0,0,True,False,False
102018,100.0,0.0,False,1,1,0,0,False,True,False
102078,100.0,0.0,False,1,1,0,0,False,True,False
102138,100.0,0.0,False,1,1,0,0,False,True,False
102198,100.0,0.0,False,1,1,0,0,False,True,False
102258,100.0,0.0,False,1,1,0,0,False,True,False
102318,100.0,0.0,False,0,1,0,0,False,True,False
102378,100.0,0.0,False,0,1,0,0,False,True,False
102438,100.0,0.0,False,0,1,0,0,False,True,False
102498,100.0,0.0,False,0,1,0,0,False,True,False
102558,100.0,0.0,False,0,1,0,0,False,True,False
102618,100.0,0.0,False,0,1,0,0,False,True,False
102678,100.0,0.0,False,0,1,0,0,False,True,False
102738,100.0,0.0,False,0,1,0,0,False,True,False
102798,100.0,0.0,False,0,1,0,0,False,True,False
102858,100.0,0.0,False,0,1,0,0,False,True,False
102918,100.0,0.0,False,0,1,0,0,False,True,False
102978,100.0,0.0,False,0,1,0,0,False,True,False
103038,100.0,0.0,False,0,1,0,0,False,True,False
103098,100.0,0.0,False,0,1,0,0,False,True,False
103158,100.0,0.0,False,0,1,0,0,False,True,False
103218,100.0,0.0,False,0,1,0,0,False,True,False
103278,100.0,0.0,False,0,1,0,0,False,True,False
103338,100.0,0.0,False,0,1,0,0,False,True,False
103398,100.0,0.0,False,0,1,0,0,False,True,False
103458,100.0,0.0,False,0,1,0,0,False,True,False
103518,100.0,0.0,False,0,1,0,0,False,True,False
103578,100.0,0.0,False,0,1,0,0,False,True,False
103638,100.0,0.0,False,0,1,0,0,False,True,False
103698,100.0,0.0,False,0,1,0,0,False,True,False
103758,100.0,0.0,False,0,1,0,0,False,True,False
103818,6.0,0.0,False,0,1,0,0,False,True,False
103878,6.0,0.0,False,0,1,0,0,False,True,False
103938,6.0,0.0,False,0,1,0,0,False,True,False
103998,6.0,0.0,False,0,1,0,0,False,True,False
104058,6.0,0.0,False,0,1,0,0,False,True,False
104118,6.0,0.0,False,0,1,0,0,False,True,False
104178,6.0,0.0,False,0,1,0,0,False,True,False
104238,6.0,0.0,False,0,1,0,0,False,True,False
104298,6.0,0.0,False,0,1,0,0,False,True,False
104358,6.0,0.0,False,0,1,0,0,False,True,False
104418,6.0,0.0,False,0,1,0,0,False,True,False
104478,6.0,0.0,False,0,1,0,0,False,True,False
104538,6.0,0.0,False,0,1,0,0,False,True,False
104598,6.0,0.0,False,0,1,0,0,False,True,False
104658,6.0,0.0,False,0,1,0,0,False,True,False
104718,6.0,0.0,False,0,1,0,0,False,True,False
104778,6.0,0.0,False,0,1,0,0,False,True,False
104838,6.0,0.0,False,0,1,0,0,False,True,False
104898,6.0,0.0,False,0,1,0,0,False,True,False
104958,6.0,0.0,False,0,1,0,0,False,True,False
105018,6.0,0.0,False,0,1,0,0,False,True,False
105078,6.0,0.0,False,0,1,0,0,False,True,False
105138,6.0,0.0,False,0,1,0,0,False,True,False
106938,100.0,0.0,False,0,0,0,0,False,False,False
106998,100.0,0.0,False,0,0,0,0,False,False,False
107058,100.0,0.0,False,0,0,0,0,False,False,False
107118,100.0,0.0,False,0,0,0,0,False,False,False
107178,100.0,0.0,False,0,0,0,0,False,False,False
107238,100.0,0.0,False,0,0,0,0,False,False,False
107298,100.0,0.0,False,0,0,0,0,False,False,False
107358,100.0,0.0,False,0,0,0,0,False,True,False
107418,100.0,0.0,False,0,0,0,0,False,True,False
107478,100.0,0.0,False,0,0,0,0,False,True,False
107538,100.0,0.0,False,0,0,0,0,False,True,False
107598,100.0,0.0,False,0,0,0,0,False,True,False
107658,100.0,0.0,False,0,0,0,0,False,True,False
107718,100.0,0.0,False,0,0,0,0,False,True,False
107778,100.0,0.0,False,0,0,0,0,False,True,False
107838,100.0,0.0,False,0,0,0,0,False,True,False
107898,100.0,0.0,False,0,0,0,0,False,True,False
107958,100.0,0.0,False,0,0,0,0,False,True,False
108018,100.0,0.0,False,0,0,0,0,False,True,False
108078,100.0,0.0,False,0,0,0,0,False,True,False
108138,100.0,0.0,False,0,0,0,0,False,True,False
108198,100.0,0.0,False,0,0,0,0,False,True,False
108258,100.0,0.0,False,0,0,0,0,False,True,False
108318,100.0,0.0,False,0,0,0,0,False,True,False
108378,100.0,0.0,False,0,0,0,0,False,True,False
108438,100.0,0.0,False,0,0,0,0,False,True,False
108498,100.0,0.0,False,0,0,0,0,False,True,False
108558,100.0,0.0,False,0,0,0,0,False,True,False
108618,83.0,0.0,False,0,0,0,0,False,True,False
108678,83.0,0.0,False,0,0,0,0,False,True,False
108738,83.0,0.0,False,0,0,0,0,False,True,False
108798,83.0,0.0,False,0,0,0,0,False,True,False
108858,83.0,0.0,False,0,0,0,0,False,True,False
108918,83.0,0.0,False,0,0,0,0,False,True,False
108978,83.0,0.0,False,0,0,0,0,False,True,False
109038,83.0,0.0,False,0,0,0,0,False,True,False
109098,83.0,0.0,False,0,0,0,0,False,True,False
112398,100.0,100.0,True,1,1,0,1,False,False,False
112458,100.0,100.0,True,1,1,0,1,False,False,False
112518,100.0,100.0,True,0,1,0,1,False,False,False
112578,100.0,100.0,True,0,1,0,1,False,False,False
112638,100.0,100.0,True,0,1,0,1,False,False,False
112698,100.0,100.0,True,0,1,0,0,False,False,False
112758,100.0,100.0,True,0,1,0,0,False,False,False
112818,100.0,100.0,True,0,1,0,0,False,False,False
112878,100.0,100.0,True,0,1,0,0,False,False,False
112938,100.0,100.0,True,0,1,0,0,False,False,False
112998,100.0,100.0,True,0,1,0,0,False,False,False
113058,100.0,100.0,True,0,1,0,0,False,False,False
113118,100.0,100.0,True,0,0,0,0,False,False,False
113178,100.0,100.0,True,0,0,0,0,False,False,False
113238,100.0,100.0,True,0,0,0,0,False,False,False
113298,100.0,100.0,True,0,0,0,0,False,False,False
113358,100.0,100.0,True,0,0,0,0,False,False,False
113418,100.0,100.0,True,0,0,0,0,False,False,False
113478,100.0,100.0,True,0,0,0,0,False,False,False
113538,100.0,100.0,True,0,0,0,0,False,False,False
113598,53.0,100.0,True,0,0,0,0,False,False,False
113658,44.0,100.0,True,0,0,0,0,False,False,False
113718,44.0,100.0,True,0,0,0,0,False,False,False
113778,44.0,100.0,True,0,0,0,0,False,False,False
113838,44.0,100.0,True,0,0,0,0,False,False,False
113898,44.0,100.0,True,0,0,0,0,False,False,False
113958,44.0,100.0,True,0,0,0,0,False,False,False
114018,44.0,100.0,True,0,0,0,0,False,False,False
114078,44.0,100.0,True,0,0,0,0,False,False,False
114138,44.0,100.0,True,0,0,0,0,False,False,False
114198,44.0,100.0,True,0,0,0,0,False,False,False
114258,44.0,100.0,True,0,0,0,0,False,False,False
114318,44.0,100.0,True,0,0,0,0,False,False,False
114378,44.0,100.0,True,0,0,0,0,False,False,False
114438,44.0,100.0,True,0,0,0,0,False,False,False
114498,44.0,100.0,True,0,0,0,0,False,False,False
114558,44.0,100.0,True,0,0,0,0,False,False,False
114618,44.0,100.0,True,0,0,0,0,False,False,False
114678,44.0,100.0,True,0,0,0,0,False,False,False
114738,44.0,100.0,True,0,0,0,0,False,False,False
114798,44.0,100.0,True,0,0,0,0,False,False,False
114858,44.0,100.0,True,0,0,0,0,False,False,False
114918,10.0,78.0,True,0,0,0,0,False,False,False
114978,10.0,78.0,True,0,0,0,0,False,False,False
115038,10.0,78.0,True,0,0,0,0,False,False,False
115098,10.0,78.0,True,0,0,0,0,False,False,False
115158,10.0,78.0,True,1,0,0,0,False,False,False
115218,10.0,78.0,True,1,0,0,0,False,False,False
115278,10.0,78.0,True,1,0,0,0,False,False,False
115338,10.0,78.0,True,1,0,0,0,False,False,False
115398,10.0,78.0,True,1,0,0,0,False,False,False
115458,10.0,78.0,True,1,0,0,0,False,False,False
115518,10.0,78.0,True,1,0,0,0,False,False,False
115578,10.0,78.0,True,1,0,0,0,False,False,False
115638,10.0,78.0,True,1,0,0,0,False,False,False
115698,10.0,78.0,True,1,0,0,0,False,False,False
115758,10.0,78.0,True,1,0,0,0,False,False,False
115818,10.0,78.0,True,1,0,0,0,False,False,False
115878,10.0,78.0,True,1,0,0,0,False,False,False
115938,10.0,78.0,True,1,0,0,0,False,False,False
115998,10.0,78.0,True,1,0,0,0,False,False,False
116058,10.0,78.0,True,1,0,0,0,False,False,False
116118,10.0,78.0,True,1,0,0,0,False,False,False
116178,10.0,78.0,True,1,0,0,0,False,False,False
116238,10.0,78.0,True,1,0,0,0,False,False,False
116298,10.0,78.0,True,1,0,0,0,False,False,False
116358,10.0,78.0,True,1,0,0,0,False,False,True
116418,10.0,78.0,True,1,0,0,0,False,False,True
116478,10.0,78.0,True,1,0,0,0,False,False,True
116538,10.0,78.0,True,1,0,0,0,False,False,True
116598,10.0,78.0,True,1,0,0,0,False,False,True
116658,10.0,78.0,True,1,0,0,0,False,False,True
116718,10.0,78.0,True,1,0,0,0,False,False,True
116778,10.0,78.0,True,1,0,0,0,False,False,True
116838,10.0,78.0,True,1,0,0,0,False,False,True
116898,10.0,78.0,True,1,0,0,0,False,False,True
116958,10.0,78.0,True,1,0,0,0,False,False,True
118338,100.0,78.0,True,1,1,0,1,False,True,False
118398,100.0,78.0,True,1,1,0,1,False,True,False
118458,100.0,78.0,True,1,1,0,1,False,True,False
118518,100.0,78.0,True,1,1,0,1,False,True,False
118578,100.0,78.0,True,1,1,0,1,False,True,False
118638,100.0,78.0,True,0,1,0,1,False,True,False
118698,100.0,78.0,True,0,1,0,1,False,True,False
118758,100.0,78.0,True,0,1,0,1,False,True,False
118818,100.0,78.0,True,0,1,0,1,False,True,False
118878,100.0,78.0,True,0,1,0,1,False,True,False
118938,100.0,78.0,True,0,1,0,1,False,True,False
118998,100.0,78.0,True,0,1,0,1,False,True,False
119058,100.0,78.0,True,0,1,0,0,False,True,False
119118,100.0,78.0,True,0,1,0,0,False,False,False
119178,100.0,78.0,True,0,1,0,0,False,False,False
119238,100.0,78.0,True,0,1,0,0,False,False,False
119298,100.0,78.0,True,0,1,0,0,False,False,False
119358,100.0,78.0,True,0,1,0,0,False,False,False
119418,100.0,78.0,True,0,1,0,0,False,False,False
119478,100.0,78.0,True,0,1,0,0,False,False,False
119538,100.0,78.0,True,0,1,0,0,False,False,False
119598,100.0,78.0,True,0,1,0,0,False,False,False
119658,100.0,78.0,True,0,1,0,0,False,False,False
119718,100.0,78.0,True,0,1,0,0,False,False,False
119778,100.0,78.0,True,0,1,0,0,False,False,False
119838,100.0,78.0,True,0,1,0,0,False,False,False
119898,100.0,78.0,True,0,1,0,0,False,False,False
119958,100.0,78.0,True,0,1,0,0,False,False,False
120018,100.0,78.0,True,0,1,0,0,False,False,False
120078,100.0,78.0,True,0,1,0,0,False,False,False
120138,100.0,78.0,True,0,1,0,0,False,False,False
120198,100.0,78.0,True,0,1,0,0,False,False,False
120258,100.0,78.0,True,0,1,0,0,False,False,False
120318,100.0,78.0,True,0,1,0,0,False,False,False
120378,100.0,78.0,True,0,1,0,0,False,False,False
120438,100.0,78.0,True,0,1,0,0,False,False,False
120498,100.0,78.0,True,0,1,0,0,False,False,False
120558,100.0,78.0,True,0,1,0,0,False,False,False
120618,100.0,78.0,True,0,1,0,0,False,False,False
120678,100.0,78.0,True,0,1,0,0,False,False,False
120738,100.0,78.0,True,0,1,0,0,False,False,False
120798,100.0,78.0,True,0,1,0,0,False,False,False
120858,100.0,78.0,True,0,1,0,0,False,False,False
120918,100.0,78.0,True,0,1,0,0,False,False,False
120978,100.0,78.0,True,0,1,0,0,False,False,False
121038,100.0,78.0,True,0,1,0,0,False,False,False
121098,100.0,78.0,True,0,1,0,0,False,False,False
121158,100.0,78.0,True,0,1,0,0,False,False,False
121218,100.0,78.0,True,0,1,0,0,False,False,False
121278,100.0,78.0,True,0,1,0,0,False,False,False
121338,100.0,78.0,True,0,1,0,0,False,False,False
121398,100.0,78.0,True,0,1,0,0,False,False,False
121458,100.0,78.0,True,0,1,0,0,False,False,False
121518,100.0,78.0,True,0,1,0,0,False,False,False
121578,100.0,78.0,True,0,1,0,0,False,False,False
121638,100.0,78.0,True,0,1,0,0,False,False,False
121698,100.0,78.0,True,0,1,0,0,False,False,False
121758,100.0,78.0,True,0,1,0,0,False,False,True
121818,100.0,78.0,True,0,1,0,0,False,False,True
121878,100.0,78.0,True,0,1,0,0,False,False,True
121938,100.0,78.0,True,0,1,0,0,False,False,True
121998,100.0,78.0,True,0,1,0,0,False,False,True
122058,100.0,78.0,True,0,1,0,0,False,False,True
122118,100.0,78.0,True,0,1,0,0,False,False,True
122178,100.0,78.0,True,0,1,0,0,False,False,True
122238,100.0,78.0,True,0,1,0,0,False,False,True
122298,100.0,78.0,True,0,1,0,0,False,False,True
122358,100.0,78.0,True,0,1,0,0,False,False,True
123678,100.0,78.0,True,1,1,0,1,False,False,False
123738,100.0,78.0,True,1,1,0,1,False,False,False
123798,100.0,78.0,True,1,1,0,1,False,False,False
123858,100.0,78.0,True,0,1,0,1,False,False,False
123918,100.0,78.0,True,0,1,0,1,False,False,False
123978,100.0,78.0,True,0,1,0,1,False,False,False
124038,100.0,78.0,True,0,1,0,1,False,False,False
124098,100.0,78.0,True,0,1,0,1,False,False,False
124158,100.0,78.0,True,0,1,0,1,False,False,False
124218,100.0,78.0,True,0,1,0,1,False,False,False
124278,100.0,78.0,True,0,1,0,1,False,False,False
124338,100.0,78.0,True,0,1,0,1,False,False,False
124398,100.0,78.0,True,0,1,0,1,False,False,False
124458,100.0,78.0,True,0,0,0,1,False,False,False
124518,100.0,78.0,True,0,1,0,1,False,False,False
124578,100.0,78.0,True,0,0,0,1,False,False,False
124638,100.0,78.0,True,0,0,0,1,False,False,False
124698,100.0,78.0,True,0,0,0,1,False,False,False
124758,100.0,78.0,True,0,0,0,1,False,False,False
124818,100.0,78.0,True,0,0,0,1,False,False,False
124878,100.0,78.0,True,0,0,0,1,False,False,False
124938,100.0,78.0,True,0,0,0,1,False,False,False
124998,100.0,78.0,True,0,0,0,1,False,False,False
125058,100.0,78.0,True,0,0,0,1,False,False,False
125118,100.0,78.0,True,0,0,0,1,False,False,False
125178,100.0,78.0,True,0,0,0,1,False,False,False
125238,100.0,78.0,True,0,0,0,1,False,False,False
125298,100.0,78.0,True,0,0,0,1,False,False,False
125358,100.0,78.0,True,0,0,0,1,False,False,False
125418,100.0,78.0,True,0,0,0,1,False,False,False
125478,100.0,78.0,True,0,0,0,1,False,False,False
125538,100.0,78.0,True,0,0,0,1,False,False,False
125598,100.0,78.0,True,0,0,0,0,False,False,False
125658,100.0,78.0,True,0,0,0,0,False,False,False
125718,100.0,78.0,True,0,0,0,0,False,False,False
125778,100.0,78.0,True,0,0,0,0,False,False,False
125838,100.0,78.0,True,0,0,0,0,False,False,False
125898,100.0,78.0,True,0,0,0,0,False,False,False
125958,100.0,78.0,True,0,0,0,0,False,False,False
126018,100.0,78.0,True,0,0,0,0,False,False,False
126078,100.0,78.0,True,0,0,0,0,False,False,False
126138,100.0,78.0,True,0,0,0,0,False,False,False
126198,100.0,78.0,True,0,0,0,0,False,False,False
126258,100.0,78.0,True,0,0,0,0,False,False,False
126318,100.0,78.0,True,0,0,0,0,False,False,False
126378,100.0,78.0,True,0,0,0,0,False,False,False
126438,100.0,78.0,True,0,0,0,0,False,False,False
126498,100.0,78.0,True,0,0,0,0,False,False,False
126558,100.0,78.0,True,0,0,0,0,False,False,False
126618,100.0,78.0,True,0,0,0,0,False,False,False
126678,100.0,78.0,True,0,0,0,0,False,False,False
126738,100.0,78.0,True,0,0,0,0,False,False,False
126798,100.0,78.0,True,0,0,0,0,False,False,False
126858,100.0,78.0,True,0,0,0,0,False,False,False
126918,100.0,78.0,True,0,0,0,0,False,False,False
126978,100.0,78.0,True,0,0,0,0,False,False,False
130458,100.0,100.0,True,1,1,0,1,False,True,False
130518,100.0,100.0,True,1,1,0,1,False,True,False
130578,100.0,100.0,True,1,1,0,1,False,True,False
130638,100.0,100.0,True,1,1,0,1,False,True,False
130698,100.0,100.0,True,1,1,0,1,False,True,False
130758,100.0,100.0,True,1,1,0,1,False,True,False
130818,100.0,100.0,True,1,1,0,1,False,True,False
130878,100.0,100.0,True,1,1,0,1,False,True,False
130938,100.0,100.0,True,1,1,0,1,False,True,False
130998,100.0,100.0,True,1,1,0,1,False,True,False
131058,100.0,100.0,True,1,1,0,1,False,True,False
131118,100.0,100.0,True,1,1,0,1,False,True,False
131178,100.0,100.0,True,1,1,0,1,False,True,False
131238,100.0,100.0,True,1,1,0,1,False,True,False
131298,100.0,100.0,True,1,1,0,1,False,True,False
131358,68.0,99.0,True,1,1,0,1,False,True,False
131418,68.0,99.0,True,1,1,0,1,False,True,False
131478,68.0,99.0,True,1,1,0,0,False,True,False
131538,68.0,99.0,True,1,1,0,0,False,True,False
131598,68.0,99.0,True,1,1,0,0,False,True,False
131658,68.0,99.0,True,1,1,0,0,False,True,False
131718,68.0,99.0,True,1,1,0,0,False,True,False
131778,68.0,99.0,True,1,1,0,0,False,True,False
131838,68.0,99.0,True,0,1,0,0,False,True,False
131898,68.0,99.0,True,0,1,0,0,False,True,False
131958,68.0,99.0,True,0,1,0,0,False,True,False
132018,68.0,99.0,True,0,1,0,0,False,True,False
132078,68.0,99.0,True,0,1,0,0,False,True,False
132138,68.0,99.0,True,0,1,0,0,False,True,False
132198,68.0,99.0,True,0,1,0,0,False,True,False
132258,68.0,99.0,True,0,1,0,0,False,True,False
132318,68.0,99.0,True,0,1,0,0,False,True,False
132378,68.0,99.0,True,0,1,0,0,False,False,True
132438,68.0,99.0,True,0,1,0,0,False,False,True
132498,68.0,99.0,True,0,1,0,0,False,False,True
132558,68.0,99.0,True,0,1,0,0,False,False,True
132618,68.0,99.0,True,0,1,0,0,False,False,True
132678,68.0,99.0,True,0,1,0,0,False,False,True
132738,68.0,99.0,True,0,1,0,0,False,False,True
132798,68.0,99.0,True,0,1,0,0,False,False,True
132858,68.0,99.0,True,0,1,0,0,False,False,True
132918,68.0,99.0,True,0,1,0,0,False,False,True
132978,68.0,99.0,True,0,1,0,0,False,False,True
133038,68.0,99.0,True,0,1,0,0,False,False,True
133098,68.0,99.0,True,0,1,0,0,False,False,True
133158,68.0,99.0,True,0,1,0,0,False,False,True
133218,68.0,99.0,True,0,1,0,0,False,False,True
134598,100.0,99.0,True,1,1,1,1,False,False,False
134658,100.0,99.0,True,1,1,1,1,False,False,False
134718,100.0,99.0,True,1,1,1,1,False,False,False
134778,100.0,99.0,True,1,1,1,1,False,False,False
134838,100.0,99.0,True,0,1,1,1,False,False,False
134898,100.0,99.0,True,0,0,1,1,False,False,False
134958,100.0,99.0,True,0,0,1,1,False,False,False
135018,100.0,99.0,True,0,0,1,1,False,False,False
135078,100.0,99.0,True,0,0,1,1,False,False,False
135138,100.0,99.0,True,0,0,1,1,False,False,False
135198,100.0,99.0,True,0,0,1,1,False,False,False
135258,100.0,99.0,True,0,0,1,1,False,False,False
135318,100.0,99.0,True,0,0,1,1,False,False,False
135378,100.0,99.0,True,0,0,1,1,False,False,False
135438,100.0,99.0,True,0,0,1,1,False,False,False
135498,100.0,99.0,True,0,0,1,1,False,False,False
135558,100.0,99.0,True,0,0,1,1,False,False,False
135618,100.0,99.0,True,0,0,1,1,False,False,False
135678,100.0,99.0,True,0,0,1,1,False,False,False
135738,100.0,99.0,True,0,0,1,1,False,False,False
135798,100.0,99.0,True,0,0,1,1,False,False,False
135858,100.0,99.0,True,0,0,1,1,False,False,False
135918,100.0,99.0,True,0,0,1,1,False,False,False
135978,100.0,99.0,True,0,0,1,1,False,False,False
136038,100.0,99.0,True,0,0,1,1,False,False,False
136098,100.0,99.0,True,0,0,1,1,False,False,False
136158,100.0,99.0,True,0,0,1,1,False,False,False
141678,100.0,100.0,True,1,1,0,1,False,True,False
141738,100.0,100.0,True,1,1,0,1,False,True,False
141798,100.0,100.0,True,1,1,0,1,False,True,False
141858,100.0,100.0,True,0,1,0,1,False,True,False
141918,100.0,100.0,True,0,1,0,1,False,True,False
141978,100.0,100.0,True,0,1,0,1,False,True,False
142038,100.0,100.0,True,0,1,0,1,False,True,False
142098,100.0,100.0,True,0,1,0,1,False,True,False
142158,100.0,100.0,True,0,1,0,1,False,True,False
142218,100.0,100.0,True,0,0,0,1,False,True,False
142278,100.0,100.0,True,0,1,0,1,False,True,False
142338,100.0,100.0,True,0,1,0,1,False,True,False
142398,100.0,100.0,True,0,1,0,1,False,True,False
142458,100.0,100.0,True,0,1,0,1,False,True,False
142518,100.0,100.0,True,0,1,0,1,False,True,False
142578,100.0,100.0,True,0,1,0,1,False,True,False
142638,100.0,100.0,True,0,1,0,1,False,True,False
142698,100.0,100.0,True,0,1,0,1,False,True,False
142758,100.0,100.0,True,0,1,0,1,False,True,False
142818,100.0,100.0,True,0,1,0,1,False,True,False
142878,100.0,100.0,True,0,1,0,1,False,True,False
142938,100.0,100.0,True,0,1,0,1,False,True,False
142998,100.0,100.0,True,0,1,0,1,False,True,False
143058,100.0,100.0,True,0,1,0,1,False,True,False
143118,100.0,100.0,True,0,1,0,1,False,True,False
143178,100.0,100.0,True,0,1,0,1,False,True,False
143238,100.0,100.0,True,0,1,0,1,False,True,False
143298,100.0,100.0,True,1,1,0,1,False,True,False
143358,100.0,100.0,True,1,1,0,1,False,True,False
143418,100.0,100.0,True,1,1,0,1,False,True,False
143478,100.0,100.0,True,1,1,0,1,False,True,False
143538,100.0,100.0,True,1,1,0,1,False,True,False
143598,100.0,100.0,True,1,1,0,1,False,True,False
143658,100.0,100.0,True,1,1,0,1,False,True,False
143718,100.0,100.0,True,1,1,0,1,False,True,False
143778,100.0,100.0,True,1,1,0,1,False,True,False
143838,100.0,100.0,True,1,1,0,1,False,True,False
143898,100.0,100.0,True,1,1,0,1,False,True,False
143958,100.0,100.0,True,1,1,0,1,False,True,False
144018,100.0,100.0,True,1,1,0,1,False,True,False
144078,100.0,100.0,True,1,1,0,1,False,True,False
144138,100.0,100.0,True,1,1,0,1,False,False,False
144198,100.0,100.0,True,1,1,0,1,False,False,False
144258,100.0,100.0,True,0,1,0,1,False,False,False
144318,100.0,100.0,True,0,1,0,1,False,False,False
144378,100.0,100.0,True,0,1,0,1,False,False,False
144438,100.0,100.0,True,0,1,0,1,False,False,False
144498,100.0,100.0,True,0,1,0,1,False,False,False
144558,100.0,100.0,True,0,1,0,1,False,False,False
144618,100.0,100.0,True,0,1,0,0,False,False,False
144678,100.0,100.0,True,0,1,0,0,False,False,False
144738,100.0,100.0,True,0,1,0,0,False,False,False
149178,100.0,100.0,True,1,1,0,1,False,False,False
149238,100.0,100.0,True,0,1,0,1,False,False,False
149298,100.0,100.0,True,0,1,0,1,False,False,False
149358,100.0,100.0,True,0,1,0,1,False,False,False
149418,100.0,100.0,True,0,1,0,1,False,False,False
149478,100.0,100.0,True,0,1,0,1,False,False,False
149538,100.0,100.0,True,0,1,0,1,False,False,False
149598,100.0,100.0,True,0,1,0,1,False,False,False
149658,100.0,100.0,True,0,1,0,1,False,False,False
149718,100.0,100.0,True,0,1,0,1,False,False,False
149778,100.0,100.0,True,0,0,0,1,False,False,False
149838,100.0,100.0,True,0,0,0,1,False,False,False
149898,100.0,100.0,True,0,0,0,1,False,False,False
149958,100.0,100.0,True,0,0,0,1,False,False,False
150018,100.0,100.0,True,0,0,0,1,False,False,False
150078,100.0,100.0,True,0,0,0,1,False,False,False
150138,100.0,100.0,True,0,0,0,1,False,False,False
150198,100.0,100.0,True,0,0,0,1,False,False,False
150258,100.0,100.0,True,0,0,0,1,False,False,False
150318,100.0,100.0,True,0,0,0,1,False,False,False
150378,100.0,100.0,True,0,0,0,1,False,False,False
150438,100.0,100.0,True,0,0,0,1,False,False,False
150498,100.0,100.0,True,0,0,0,1,False,False,False
150558,100.0,100.0,True,0,0,0,1,False,False,False
150618,100.0,100.0,True,0,0,0,1,False,False,False
150678,100.0,100.0,True,0,0,0,1,False,False,False
150738,100.0,100.0,True,0,0,0,1,False,False,False
150798,100.0,100.0,True,0,0,0,1,False,False,False
150858,100.0,100.0,True,0,0,0,1,False,False,False
150918,100.0,100.0,True,0,0,0,0,False,False,False
150978,100.0,100.0,True,0,0,0,0,False,False,False
151038,100.0,100.0,True,0,0,0,0,False,False,False
151098,100.0,100.0,True,0,0,0,0,False,False,False
151158,100.0,100.0,True,0,0,0,0,False,False,False
151218,100.0,100.0,True,0,0,0,0,False,False,False
151278,100.0,100.0,True,0,0,0,0,False,False,False
151338,100.0,100.0,True,0,0,0,0,False,True,False
151398,100.0,100.0,True,0,0,0,0,False,True,False
151458,100.0,100.0,True,0,0,0,0,False,True,False
151518,100.0,100.0,True,0,0,0,0,False,True,False
151578,100.0,100.0,True,0,0,0,0,False,True,False
151638,100.0,100.0,True,0,0,0,0,False,True,False
151698,100.0,100.0,True,0,0,0,0,False,True,False
151758,100.0,100.0,True,0,0,0,0,False,True,False
151818,100.0,100.0,True,0,0,0,0,False,True,False
151878,100.0,100.0,True,0,0,0,0,False,True,False
151938,100.0,100.0,True,0,0,0,0,False,True,False
151998,100.0,100.0,True,0,0,0,0,False,True,False
152058,100.0,100.0,True,0,0,0,0,False,True,False
152118,100.0,100.0,True,0,0,0,0,False,True,False
152178,100.0,100.0,True,0,0,0,0,False,True,False
152238,100.0,100.0,True,0,0,0,0,False,True,False
152298,100.0,100.0,True,0,0,0,0,False,True,False
152358,100.0,100.0,True,0,0,0,0,False,True,False
152418,17.0,83.0,True,1,0,0,0,False,True,False
152478,17.0,83.0,True,1,0,0,0,False,True,False
152538,17.0,83.0,True,1,0,0,0,False,True,False
152598,17.0,83.0,True,1,0,0,0,False,True,False
154998,100.0,100.0,True,1,1,0,1,False,False,False
155058,100.0,100.0,True,1,1,0,1,False,False,False
155118,100.0,100.0,True,1,1,0,1,False,False,False
155178,100.0,100.0,True,1,1,0,1,False,False,False
155238,100.0,100.0,True,1,1,0,1,False,False,False
155298,100.0,100.0,True,1,1,0,1,False,False,False
155358,100.0,100.0,True,1,1,0,1,False,False,False
155418,100.0,100.0,True,1,1,0,1,False,False,False
155478,100.0,100.0,True,1,1,0,1,False,False,False
155538,100.0,100.0,True,1,1,0,1,False,False,False
155598,100.0,100.0,True,1,1,0,1,False,False,False
155658,100.0,100.0,True,1,1,0,1,False,False,False
155718,100.0,100.0,True,1,1,0,1,False,False,False
155778,100.0,100.0,True,1,1,0,1,False,False,False
155838,100.0,100.0,True,1,1,0,1,False,False,False
155898,100.0,100.0,True,1,1,0,1,False,False,False
155958,100.0,100.0,True,1,1,0,1,False,False,False
156018,100.0,100.0,True,1,1,0,1,False,False,False
156078,100.0,100.0,True,1,1,0,1,False,False,False
156138,100.0,100.0,True,1,1,0,1,False,False,False
156198,100.0,100.0,True,1,1,0,1,False,False,False
156258,100.0,100.0,True,1,1,0,1,False,False,False
156318,100.0,100.0,True,1,1,0,1,False,False,False
156378,100.0,100.0,True,1,1,0,1,False,False,False
156438,100.0,100.0,True,1,1,0,1,False,False,False
156498,100.0,100.0,True,1,1,0,1,False,False,False
156558,100.0,100.0,True,1,1,0,1,False,False,False
156618,100.0,100.0,True,1,1,0,1,False,False,False
156678,100.0,100.0,True,1,1,0,1,False,False,False
156738,100.0,100.0,True,1,1,0,1,False,False,False
156798,100.0,100.0,True,1,1,0,1,False,False,False
156858,100.0,100.0,True,1,1,0,1,False,False,False
156918,100.0,100.0,True,1,1,0,1,False,False,False
156978,100.0,100.0,True,1,1,0,1,False,False,False
157038,100.0,100.0,True,1,1,0,1,False,False,False
157098,100.0,100.0,True,1,1,0,1,False,False,False
157158,100.0,100.0,True,1,1,0,1,False,False,False
157218,100.0,100.0,True,1,1,0,1,False,False,False
157278,100.0,100.0,True,1,1,0,1,False,False,False
157338,100.0,100.0,True,1,0,0,1,False,False,False
157398,100.0,100.0,True,1,0,0,1,False,False,False
157458,100.0,100.0,True,1,0,0,1,False,False,False
157518,100.0,100.0,True,1,0,0,1,False,False,False
157578,100.0,100.0,True,1,0,0,1,False,False,False
157638,100.0,100.0,True,1,0,0,1,False,False,False
157698,100.0,100.0,True,1,0,0,1,False,False,False
157758,100.0,100.0,True,1,0,0,1,False,False,False
157818,100.0,100.0,True,1,0,0,1,False,False,False
157878,100.0,100.0,True,1,0,0,1,False,False,False
157938,100.0,100.0,True,1,0,0,1,False,False,False
157998,100.0,100.0,True,1,0,0,1,False,False,False
158058,100.0,100.0,True,1,0,0,1,False,False,False
158118,100.0,100.0,True,1,0,0,1,False,False,False
158178,100.0,100.0,True,1,0,0,1,False,False,False
158238,100.0,100.0,True,1,0,0,1,False,False,False
158298,100.0,100.0,True,1,0,0,1,False,False,False
158358,100.0,100.0,True,1,0,0,1,False,False,False
158418,100.0,100.0,True,1,0,0,1,False,False,True
158478,100.0,100.0,True,1,0,0,1,False,False,True
158538,100.0,100.0,True,1,0,0,1,False,False,True
158598,100.0,100.0,True,1,0,0,1,False,False,True
158658,97.0,100.0,True,1,0,0,1,False,False,True
158718,87.0,100.0,True,1,0,0,1,False,False,True
158778,87.0,100.0,True,1,0,0,1,False,False,True
158838,87.0,100.0,True,1,0,0,1,False,False,True
158898,87.0,100.0,True,1,0,0,1,False,False,True
158958,87.0,100.0,True,1,0,0,1,False,False,True
159018,87.0,100.0,True,1,0,0,1,False,False,True
159078,87.0,100.0,True,1,0,0,1,False,False,True
159138,87.0,100.0,True,1,0,0,1,False,False,True
159198,87.0,100.0,True,1,0,0,1,False,False,True
159258,87.0,100.0,True,1,0,0,1,False,False,True
159318,87.0,100.0,True,1,0,0,1,False,False,True
159378,87.0,100.0,True,1,0,0,1,False,False,True
159438,33.0,94.0,True,1,0,0,1,False,False,True
