0,1,2,3,4,5,6,7,8,9,10
4658,100,100,False,0,0,0,0,False,False,False
4718,100,100,False,0,0,0,0,False,False,False
4778,100,100,False,0,0,0,0,False,False,False
4838,100,100,False,0,0,0,0,False,False,False
4898,100,100,False,0,0,0,0,False,False,False
4958,100,100,False,0,0,0,0,False,False,False
5018,100,100,False,0,0,0,0,False,False,False
5078,100,100,False,0,0,0,0,False,False,False
5138,100,100,False,0,0,0,0,False,False,False
5198,100,100,False,0,0,0,0,False,False,False
5258,100,100,False,0,0,0,0,False,False,False
5318,100,100,False,0,0,0,0,False,False,False
5378,100,100,False,0,0,0,0,False,False,False
5438,100,100,False,0,0,0,0,False,False,False
5498,100,100,False,0,0,0,0,False,False,False
5558,100,100,False,0,0,0,0,False,False,False
5618,100,100,False,0,0,0,0,False,False,False
5678,100,100,False,0,0,0,0,False,False,False
5738,100,100,False,0,0,0,0,False,False,False
5798,100,100,False,0,0,0,0,False,False,False
5858,100,100,False,0,0,0,0,False,False,False
5918,100,100,False,0,0,0,0,False,False,False
5978,100,100,False,0,0,0,0,False,False,False
6038,100,100,False,0,0,0,0,False,False,False
6098,100,100,False,0,0,0,0,False,False,False
6158,100,100,False,0,0,0,0,False,False,False
6218,100,100,False,0,0,0,0,False,False,False
6278,100,100,False,0,0,0,0,False,False,False
6338,100,100,False,0,0,0,0,False,False,False
6398,100,100,False,0,0,0,0,False,False,False
6458,100,100,False,0,0,0,0,False,False,False
6518,100,100,False,0,0,0,0,False,False,False
6578,100,100,False,0,0,0,0,False,False,False
6638,100,100,False,0,0,0,0,False,False,False
6698,100,100,False,0,0,0,0,False,False,False
6758,100,100,False,0,0,0,0,False,False,False
6818,100,100,False,0,0,0,0,False,False,False
6878,100,100,False,0,0,0,0,False,False,False
6938,100,100,False,0,0,0,0,False,False,False
6998,100,100,False,0,0,0,0,False,False,False
7058,100,100,False,0,0,0,0,False,False,False
7118,100,100,False,0,0,0,0,False,False,False
7178,100,100,False,0,0,0,0,False,False,False
7238,100,100,False,0,0,0,0,False,False,False
7298,100,100,False,0,0,0,0,False,False,False
7358,100,100,False,0,0,0,0,False,False,False
7418,100,100,False,0,0,0,0,False,False,False
7478,100,100,False,0,0,0,0,False,False,False
7538,100,100,False,0,0,0,0,False,False,False
7598,100,100,False,0,0,0,0,False,False,False
7658,100,100,False,0,0,0,0,False,False,False
7718,100,100,False,0,0,0,0,False,False,False
7778,100,100,False,0,0,0,0,False,False,False
7838,100,100,False,0,0,0,0,False,False,False
7898,100,100,False,0,0,0,0,False,False,False
7958,100,100,False,0,0,0,0,False,False,False
8018,100,100,False,0,0,0,0,False,False,False
8078,100,100,False,0,0,0,0,False,False,False
8138,100,100,False,0,0,0,0,False,False,False
8198,100,100,False,0,0,0,0,False,False,False
8258,100,100,False,0,0,0,0,False,False,False
8318,100,100,False,0,0,0,0,False,False,False
9698,100,100,True,1,1,0,1,False,False,False
9758,100,100,True,1,1,0,1,False,False,False
9818,100,100,True,1,1,0,1,False,False,False
9878,100,100,True,1,1,0,1,False,False,False
9938,100,100,True,1,1,0,1,False,False,False
9998,100,100,True,1,1,0,1,False,False,False
10058,100,100,True,1,1,0,1,False,False,False
10118,100,100,True,1,1,0,1,False,False,False
10178,100,100,True,1,1,0,0,False,False,False
10238,100,100,True,1,1,0,0,False,False,False
10298,100,100,True,0,1,0,0,False,False,False
10358,100,100,True,0,1,0,0,False,False,False
10418,100,100,True,0,1,0,0,False,False,False
10478,100,100,True,0,1,0,0,False,False,False
10538,100,100,True,0,1,0,0,False,False,False
10598,100,100,True,0,1,0,0,False,False,False
10658,100,100,True,0,1,0,0,False,False,False
10718,100,100,True,0,1,0,0,False,False,False
10778,100,100,True,0,1,0,0,False,False,False
10838,100,100,True,0,1,0,0,False,False,False
10898,100,100,True,0,1,0,0,False,False,False
10958,100,100,True,0,1,0,0,False,False,False
11018,100,100,True,0,1,0,0,False,False,False
11078,100,100,True,0,1,0,0,False,False,False
11138,100,100,True,0,1,0,0,False,False,False
11198,100,100,True,0,1,0,0,False,False,False
11258,100,100,True,0,1,0,0,False,False,False
11318,100,100,True,0,1,0,0,False,False,False
11378,100,100,True,0,1,0,0,False,False,False
11438,100,100,True,0,1,0,0,False,False,False
11498,100,100,True,0,1,0,0,False,False,False
11558,100,100,True,0,1,0,0,False,False,False
11618,100,100,True,0,1,0,0,False,False,False
11678,100,100,True,0,1,0,0,False,False,False
11738,100,100,True,0,1,0,0,False,False,False
11798,100,100,True,0,1,0,0,False,False,False
11858,100,100,True,0,1,0,0,False,False,False
11918,100,100,True,0,1,0,0,False,False,False
11978,100,100,True,0,1,0,0,False,False,False
12038,100,100,True,0,1,0,0,False,False,False
12098,100,100,True,0,1,0,0,False,False,False
12158,100,100,True,0,1,0,0,False,False,False
12218,100,100,True,0,1,0,0,False,False,False
12278,100,100,True,0,1,0,0,False,False,False
12338,100,100,True,0,1,0,0,False,False,False
12398,100,100,True,0,1,0,0,False,False,False
12458,100,100,True,0,1,0,0,False,False,False
12518,100,100,True,0,1,0,0,False,False,False
12578,100,100,True,0,1,0,0,False,False,False
12638,100,100,True,0,1,0,0,False,False,False
12698,100,100,True,0,1,0,0,False,False,False
12758,100,100,True,0,1,0,0,False,False,False
12818,100,100,True,0,1,0,0,False,False,False
12878,100,100,True,0,1,0,0,False,False,False
12938,100,100,True,0,1,0,0,False,False,False
12998,100,100,True,0,1,0,0,False,False,False
13058,100,100,True,0,1,0,0,False,False,False
13118,100,100,True,0,1,0,0,False,False,False
13178,100,100,True,0,1,0,0,False,False,False
13238,100,100,True,0,1,0,0,False,False,False
13298,100,100,True,0,1,0,0,False,False,False
13358,100,100,True,0,1,0,0,False,False,False
13418,100,100,True,0,1,0,0,False,False,False
13478,100,100,True,0,1,0,0,False,False,False
13538,100,100,True,0,1,0,0,False,False,False
13598,100,100,True,0,1,0,0,False,False,False
13658,100,100,True,0,1,0,0,False,False,False
13718,100,100,True,0,1,0,0,False,False,False
13778,100,100,True,0,1,0,0,False,False,False
13838,100,100,True,0,1,0,0,False,False,False
13898,100,100,True,0,1,0,0,False,False,False
13958,100,100,True,0,1,0,0,False,False,False
14018,100,100,True,0,1,0,0,False,False,False
14078,100,100,True,0,1,0,0,False,False,False
14138,100,100,True,0,1,0,0,False,False,False
14198,100,100,True,0,1,0,0,False,False,False
14258,100,100,True,0,1,0,0,False,False,False
14318,100,100,True,0,1,0,0,False,False,False
14378,100,100,True,0,1,0,0,False,False,False
14438,100,100,True,0,1,0,0,False,False,False
14498,100,100,True,0,1,0,0,False,False,False
14558,100,100,True,0,1,0,0,False,False,False
14618,100,100,True,0,1,0,0,False,False,False
14678,100,100,True,0,1,0,0,False,False,False
14738,100,100,True,0,1,0,0,False,False,False
14798,100,100,True,0,1,0,0,False,False,False
16118,100,100,True,1,1,1,1,True,False,False
16178,100,100,True,1,1,1,1,True,False,False
16238,100,100,True,1,1,1,1,True,False,False
16298,100,100,True,1,1,1,1,True,False,False
16358,100,100,True,1,1,1,1,True,False,False
16418,100,100,True,1,1,1,1,True,False,False
16478,100,100,True,1,1,1,1,True,False,False
16538,100,100,True,1,1,1,1,True,False,False
16598,100,100,True,1,1,1,1,True,False,False
16658,100,100,True,1,1,1,0,True,False,False
16718,100,100,True,1,1,1,0,True,False,False
16778,100,100,True,0,1,1,0,True,False,False
16838,100,100,True,0,1,1,0,True,False,False
16898,100,100,True,0,1,1,0,True,False,False
16958,100,100,True,0,1,1,0,True,False,False
17018,100,100,True,0,1,0,0,True,False,False
17078,100,100,True,0,1,0,0,True,False,False
17138,100,100,True,0,1,0,0,True,False,False
17198,100,100,True,0,1,0,0,True,False,False
17258,100,100,True,0,1,0,0,True,False,False
17318,100,100,True,0,1,0,0,True,False,False
17378,100,100,True,0,1,0,0,True,False,False
17438,100,100,True,0,1,0,0,True,False,False
17498,100,100,True,0,1,0,0,True,False,False
17558,100,100,True,0,1,0,0,True,False,False
17618,100,100,True,0,1,0,0,True,False,False
17678,100,100,True,0,1,0,0,True,False,False
17738,100,100,True,0,1,0,0,True,False,False
17798,100,100,True,0,1,0,0,True,False,False
17858,100,100,True,0,1,0,0,True,False,False
17918,100,100,True,0,0,0,0,True,False,False
17978,100,100,True,0,0,0,0,True,False,False
18038,100,100,True,0,0,0,0,True,False,False
18098,100,100,True,0,0,0,0,True,False,False
18158,100,100,True,0,0,0,0,True,False,False
18218,100,100,True,0,0,0,0,True,False,False
18278,100,100,True,0,0,0,0,True,False,False
18338,100,100,True,0,0,0,0,True,False,False
18398,100,100,True,0,0,0,0,True,False,False
18458,100,100,True,0,0,0,0,True,False,False
18518,100,100,True,0,0,0,0,True,False,False
18578,100,100,True,0,0,0,0,True,False,False
18638,100,100,True,0,0,0,0,True,False,False
18698,100,100,True,0,0,0,0,True,False,False
18758,100,100,True,0,0,0,0,True,False,False
18818,100,100,True,0,0,0,0,True,False,False
18878,100,100,True,0,0,0,0,True,False,False
18938,100,100,True,0,0,0,0,True,False,False
18998,100,100,True,0,0,0,0,True,False,False
19058,100,100,True,0,0,0,0,True,False,False
19118,100,100,True,0,0,0,0,True,False,False
19178,100,100,True,0,0,0,0,True,False,False
19238,100,100,True,0,0,0,0,True,False,False
19298,100,100,True,0,0,0,0,True,False,False
19358,100,100,True,0,0,0,0,True,False,False
22658,100,100,False,1,0,1,0,False,False,False
22718,100,100,False,1,0,1,0,False,False,False
22778,100,100,False,1,0,1,0,False,False,False
22838,100,100,False,1,0,1,0,False,False,False
22898,100,100,False,1,0,1,0,False,False,False
22958,100,100,False,1,0,1,0,False,False,False
23018,100,100,False,1,0,1,0,False,False,False
23078,100,100,False,1,0,1,0,False,False,False
23138,100,100,False,0,0,1,0,False,False,False
23198,100,100,False,0,0,1,0,False,False,False
23258,100,100,False,0,0,1,0,False,False,False
23318,100,100,False,0,0,1,0,False,False,False
23378,100,100,False,0,0,1,0,False,False,False
23438,100,100,False,0,0,1,0,False,False,False
23498,100,100,False,0,0,1,0,False,False,False
23558,100,100,False,0,0,1,0,False,False,False
23618,100,100,False,0,0,1,0,False,False,False
23678,100,100,False,0,0,1,0,False,False,False
23738,100,100,False,0,0,1,0,False,False,False
23798,100,100,False,0,0,1,0,False,False,False
23858,100,100,False,0,0,1,0,False,False,False
23918,100,100,False,0,0,1,0,False,False,False
23978,100,100,False,0,0,1,0,False,False,False
24038,100,100,False,0,0,1,0,False,False,False
24098,100,100,False,0,0,1,0,False,False,False
24158,100,100,False,0,0,1,0,False,False,False
24218,100,100,False,0,0,1,0,False,False,False
24278,100,100,False,0,0,1,0,False,False,False
24338,100,100,False,0,0,1,0,False,False,False
24398,100,100,False,0,0,0,0,False,False,False
24458,100,100,False,0,0,0,0,False,False,False
24518,100,100,False,1,0,0,0,False,False,False
26498,100,0,False,0,0,0,0,False,False,False
26558,100,0,False,0,0,0,0,False,False,False
26618,100,0,False,0,0,0,0,False,False,False
26678,100,0,False,0,0,0,0,False,False,False
26738,100,0,False,0,0,0,0,False,False,False
26798,100,0,False,0,0,0,0,False,False,False
26858,100,0,False,0,0,0,0,False,False,False
26918,100,0,False,0,0,0,0,False,False,False
26978,100,0,False,0,0,0,0,False,False,False
27038,100,0,False,0,0,0,0,False,False,False
27098,100,0,False,0,0,0,0,False,False,False
27158,100,0,False,0,0,0,0,False,False,False
27218,100,0,False,0,0,0,0,False,False,False
27278,100,0,False,0,0,0,0,False,False,False
27338,100,0,False,0,0,0,0,False,False,False
27398,100,0,False,0,0,0,0,False,False,False
27458,100,0,False,0,0,0,0,False,False,False
27518,100,0,False,0,0,0,0,False,False,False
27578,100,0,False,0,0,0,0,False,False,False
27638,100,0,False,0,0,0,0,False,False,False
27698,100,0,False,0,0,0,0,False,False,False
27758,100,0,False,0,0,0,0,False,False,False
27818,100,0,False,0,0,0,0,False,False,False
27878,100,0,False,0,0,0,0,False,False,False
27938,100,0,False,0,0,0,0,False,False,False
27998,100,0,False,0,0,0,0,False,False,False
28058,100,0,False,0,0,0,0,False,False,False
28118,100,0,False,0,0,0,0,False,False,False
28178,100,0,False,0,0,0,0,False,False,False
28238,100,0,False,0,0,0,0,False,False,False
28298,94,0,False,0,0,0,0,False,False,False
28358,94,0,False,0,0,0,0,False,False,False
28418,94,0,False,0,0,0,0,False,False,False
28478,94,0,False,0,0,0,0,False,False,False
28538,83,0,False,0,0,0,0,False,False,False
28598,83,0,False,0,0,0,0,False,False,False
28658,83,0,False,0,0,0,0,False,False,False
28718,83,0,False,0,0,0,0,False,False,False
28778,83,0,False,0,0,0,0,False,False,True
28838,83,0,False,0,0,0,0,False,False,True
28898,83,0,False,0,0,0,0,False,False,True
44198,100,100,False,1,1,0,0,False,False,False
44258,100,100,False,1,1,0,0,False,False,False
44318,100,100,False,1,1,0,0,False,False,False
44378,100,100,False,1,1,0,0,False,False,False
44438,100,100,False,1,1,0,0,False,False,False
44498,100,100,False,1,1,0,0,False,False,False
44558,100,100,False,1,1,0,0,False,False,False
44618,100,100,False,1,1,0,0,False,False,False
44678,100,100,False,1,1,0,0,False,False,False
44738,100,100,False,1,1,0,0,False,False,False
44798,100,100,False,1,1,0,0,False,False,False
44858,100,100,False,1,1,0,0,False,False,False
44918,100,100,False,1,1,0,0,False,False,False
44978,100,100,False,1,1,0,0,False,False,False
45038,100,100,False,1,1,0,0,False,False,False
45098,100,100,False,1,1,0,0,False,False,False
45158,100,100,False,1,1,0,0,False,False,False
45218,100,100,False,1,1,0,0,False,False,False
45278,100,100,False,1,1,0,0,False,False,False
45338,100,100,False,1,1,0,0,False,False,False
45398,100,100,False,1,1,0,0,False,False,False
45458,100,100,False,1,1,0,0,False,False,False
45518,100,100,False,1,1,0,0,False,False,False
45578,100,100,False,1,1,0,0,False,False,False
45638,100,100,False,1,1,0,0,False,False,False
45698,100,100,False,1,1,0,0,False,False,False
45758,100,100,False,1,1,0,0,False,False,False
45818,100,100,False,1,1,0,0,False,False,False
45878,100,100,False,1,1,0,0,False,False,False
45938,100,100,False,1,1,0,0,False,False,False
45998,100,100,False,1,1,0,0,False,False,False
46058,100,100,False,1,1,0,0,False,False,False
46118,100,100,False,1,1,0,0,False,False,False
46178,100,100,False,1,1,0,0,False,False,False
46238,100,100,False,1,1,0,0,False,False,False
46298,100,100,False,1,1,0,0,False,False,False
46358,100,100,False,1,1,0,0,False,False,False
46418,100,100,False,1,1,0,0,False,False,False
46478,100,100,False,1,1,0,0,False,False,False
46538,100,100,False,1,1,0,0,False,False,False
46598,100,100,False,1,1,0,0,False,False,False
46658,100,100,False,1,1,0,0,False,False,False
46718,100,100,False,1,1,0,0,False,False,False
46778,100,100,False,1,1,0,0,False,False,False
46838,100,100,False,1,1,0,0,False,False,False
46898,100,100,False,1,1,0,0,False,False,False
46958,100,100,False,1,1,0,0,False,False,False
47018,100,100,False,1,1,0,0,False,False,False
47078,100,100,False,1,1,0,0,False,False,False
47138,100,100,False,1,1,0,0,False,False,False
47198,100,100,False,1,1,0,0,False,False,False
47258,100,100,False,1,1,0,0,False,False,False
47318,100,100,False,1,1,0,0,False,False,False
47378,100,100,False,1,1,0,0,False,False,False
47438,100,100,False,1,1,0,0,False,False,False
47498,100,100,False,1,1,0,0,False,False,False
47558,100,100,False,1,1,0,0,False,False,False
47618,100,100,False,1,1,0,0,False,False,False
47678,100,100,False,1,1,0,0,False,False,False
47738,100,100,False,1,1,0,0,False,False,False
47798,100,100,False,1,1,0,0,False,False,False
47858,100,100,False,1,1,0,0,False,False,False
47918,12,100,False,1,1,0,0,False,False,False
47978,12,100,False,1,1,0,0,False,False,False
48038,12,100,False,1,1,0,0,False,False,False
48098,12,100,False,0,1,0,0,False,False,False
48158,12,100,False,0,1,0,0,False,False,False
48218,12,100,False,0,1,0,0,False,False,False
48278,12,100,False,0,1,0,0,False,False,False
48338,12,100,False,0,1,0,0,False,False,False
48398,12,100,False,0,1,0,0,False,False,False
48458,12,100,False,0,1,0,0,False,False,False
48518,12,100,False,0,1,0,0,False,False,False
48578,12,100,False,0,0,0,0,False,False,False
48638,12,100,False,0,0,0,0,False,False,False
48698,12,100,False,0,0,0,0,False,False,False
48758,12,100,False,0,0,0,0,False,False,False
48818,12,100,False,0,0,0,0,False,False,False
48878,12,100,False,0,0,0,0,False,False,False
48938,12,100,False,0,0,0,0,False,False,False
48998,12,100,False,0,0,0,0,False,False,False
49058,12,100,False,0,0,0,0,False,False,False
49118,12,100,False,0,0,0,0,False,False,False
49178,12,100,False,0,0,0,0,False,False,False
49238,12,100,False,0,0,0,0,False,False,False
49298,12,100,False,0,0,0,0,False,False,False
49358,12,100,False,0,0,0,0,False,False,False
49418,12,100,False,0,0,0,0,False,False,False
49478,12,100,False,0,0,0,0,False,False,False
49538,12,100,False,0,0,0,0,False,False,False
49598,12,100,False,0,0,0,0,False,False,False
49658,12,100,False,0,0,0,0,False,False,False
49718,12,100,False,0,0,0,0,False,False,False
49778,12,100,False,0,0,0,0,False,False,False
49838,12,100,False,0,0,0,0,False,False,True
49898,12,100,False,0,0,0,0,False,False,True
49958,12,100,False,0,0,0,0,False,False,True
50018,12,100,False,0,0,0,0,False,False,True
50078,12,100,False,0,0,0,0,False,False,True
50138,12,100,False,0,0,0,0,False,False,True
50198,12,100,False,0,0,0,0,False,False,True
50258,12,100,False,0,0,0,0,False,False,True
50318,12,100,False,0,0,0,0,False,False,True
50378,12,100,False,0,0,0,0,False,False,True
50438,12,100,False,0,0,0,0,False,False,True
50498,12,100,False,0,0,0,0,False,False,True
50558,12,100,False,0,0,0,0,False,False,True
50618,12,100,False,0,0,0,0,False,False,True
50678,12,100,False,0,0,0,0,False,False,True
50738,12,100,False,0,0,0,0,False,False,True
50798,12,100,False,0,1,0,0,False,False,True
50858,12,100,False,0,1,0,0,False,False,True
50918,12,100,False,0,1,0,0,False,False,True
50978,12,100,False,0,1,0,0,False,False,True
51038,12,100,False,0,1,0,0,False,False,True
51098,12,100,False,0,1,0,0,False,False,True
51158,12,100,False,0,1,0,0,False,False,True
51218,12,100,False,0,1,0,0,False,False,True
51278,12,100,False,0,1,0,0,False,False,True
51338,12,100,False,0,1,0,0,False,False,True
51398,12,100,False,0,1,0,0,False,False,True
51458,12,100,False,0,1,0,0,False,False,True
51518,12,100,False,0,1,0,0,False,False,True
51578,12,100,False,0,1,0,0,False,False,False
51638,12,100,False,0,1,0,0,False,False,False
51698,12,100,False,0,1,0,0,False,False,False
51758,12,100,False,0,1,0,0,False,False,False
51818,12,100,False,0,1,0,0,False,False,False
51878,12,100,False,0,1,0,0,False,False,False
51938,12,100,False,0,1,0,0,False,False,False
53318,100,100,True,1,1,1,0,False,False,False
53378,100,100,True,1,1,1,0,False,False,False
53438,100,100,True,1,1,1,0,False,False,False
53498,100,100,True,1,1,1,0,False,False,False
53558,100,100,True,1,1,1,0,False,False,False
53618,100,100,True,1,1,1,0,False,False,False
53678,100,100,True,1,0,1,0,False,False,False
53738,100,100,True,1,0,1,0,False,False,False
53798,100,100,True,1,0,0,0,False,False,False
53858,100,100,True,1,0,0,0,False,False,False
53918,100,100,True,1,0,0,0,False,False,False
53978,100,100,True,1,0,0,0,False,False,False
54038,47,100,True,1,0,0,0,False,False,False
54098,47,100,True,1,0,0,0,False,False,False
54158,47,100,True,0,0,0,0,False,False,False
54218,47,100,True,0,0,0,0,False,False,False
54278,47,100,True,0,0,0,0,False,False,False
54338,47,100,True,0,0,0,0,False,False,False
54398,47,100,True,0,0,0,0,False,False,False
54458,47,100,True,0,0,0,0,False,False,False
54518,47,100,True,0,0,0,0,False,False,False
54578,47,100,True,0,0,0,0,False,False,False
54638,47,100,True,0,0,0,0,False,False,False
54698,47,100,True,0,0,0,0,False,False,False
54758,47,100,True,0,0,0,0,False,False,False
58118,100,0,False,0,0,0,0,False,False,False
58178,100,0,False,0,0,0,0,False,False,False
58238,100,0,False,0,0,0,0,False,False,False
58298,100,0,False,0,0,0,0,False,False,False
58358,100,0,False,0,0,0,0,False,False,False
58418,100,0,False,0,0,0,0,False,False,False
58478,100,0,False,0,0,0,0,False,False,False
58538,100,0,False,0,0,0,0,False,False,False
58598,100,0,False,0,0,0,0,False,False,False
58658,100,0,False,0,0,0,0,False,False,False
58718,100,0,False,0,0,0,0,False,False,False
58778,100,0,False,0,0,0,0,False,False,False
58838,100,0,False,0,0,0,0,False,False,False
58898,100,0,False,0,0,0,0,False,False,False
58958,100,0,False,0,0,0,0,False,False,False
59018,100,0,False,0,0,0,0,False,False,False
59078,100,0,False,0,0,0,0,False,False,False
59138,100,0,False,0,0,0,0,False,False,False
59198,100,0,False,0,0,0,0,False,False,False
59258,100,0,False,0,0,0,0,False,False,False
59318,100,0,False,0,0,0,0,False,False,False
59378,100,0,False,0,0,0,0,False,False,False
59438,100,0,False,0,0,0,0,False,False,False
59498,100,0,False,0,0,0,0,False,False,False
59558,100,0,False,0,0,0,0,False,False,False
59618,100,0,False,0,0,0,0,False,False,False
61898,100,100,False,1,0,1,1,False,False,False
61958,100,100,False,1,0,1,1,False,False,False
62018,100,100,False,1,0,1,1,False,False,False
62078,100,100,False,1,0,1,1,False,False,False
62138,100,100,False,1,0,1,1,False,False,False
62198,100,100,False,1,0,1,1,False,False,False
62258,100,100,False,1,0,1,1,False,False,False
62318,100,100,False,1,0,1,1,False,False,False
62378,100,100,False,1,0,1,1,False,False,False
62438,100,100,False,1,0,1,1,False,False,False
62498,100,100,False,1,0,1,1,False,False,False
62558,100,100,False,1,0,1,1,False,False,False
62618,100,100,False,1,0,1,1,False,False,False
62678,100,100,False,1,0,1,1,False,False,False
62738,100,100,False,1,0,1,1,False,False,False
62798,100,100,False,1,0,0,1,False,False,False
62858,100,100,False,1,0,0,1,False,False,False
62918,100,100,False,1,0,0,1,False,False,False
62978,100,100,False,1,0,0,1,False,False,False
70478,100,100,False,1,1,1,0,True,False,False
70538,100,100,False,1,1,1,0,True,False,False
70598,100,100,False,1,1,1,0,True,False,False
70658,100,100,False,1,1,1,0,True,False,False
70718,100,100,False,1,1,1,0,True,False,False
70778,100,100,False,1,1,1,0,True,False,False
70838,100,100,False,1,1,1,0,True,False,False
70898,100,100,False,1,1,1,0,True,False,False
70958,100,100,False,1,1,1,0,True,False,False
71018,100,100,False,1,1,1,0,True,False,False
71078,100,100,False,1,1,1,0,True,False,False
71138,100,100,False,1,1,1,0,True,False,False
71198,100,100,False,1,1,1,0,True,False,False
71258,100,100,False,1,1,1,0,True,False,False
71318,100,100,False,1,1,1,0,True,False,False
71378,100,100,False,1,1,1,0,True,False,False
71438,100,100,False,1,1,1,0,True,False,False
71498,100,100,False,0,1,1,0,True,False,False
71558,100,100,False,0,0,1,0,True,False,False
71618,100,100,False,0,0,1,0,True,False,False
71678,100,100,False,0,0,1,0,True,False,False
71738,100,100,False,0,0,1,0,True,False,False
71798,100,100,False,0,0,1,0,True,False,False
71858,100,100,False,0,0,1,0,True,False,False
71918,100,100,False,0,0,1,0,True,False,False
71978,100,100,False,0,0,1,0,True,False,False
72038,100,100,False,0,0,1,0,True,False,False
72098,100,100,False,0,0,1,0,True,False,False
72158,100,100,False,0,0,1,0,True,False,False
72218,100,100,False,0,0,1,0,True,False,False
72278,100,100,False,0,0,1,0,True,False,False
72338,100,100,False,0,0,1,0,True,False,False
72398,100,100,False,0,0,1,0,True,False,False
72458,100,100,False,0,0,1,0,True,False,False
72518,100,100,False,0,0,1,0,True,False,False
72578,100,100,False,0,0,1,0,True,False,False
72638,100,100,False,0,0,1,0,True,False,False
72698,100,100,False,0,0,1,0,True,False,False
72758,100,100,False,0,0,1,0,True,False,False
72818,100,100,False,0,0,0,0,True,False,False
72878,100,100,False,0,0,0,0,True,False,False
72938,100,100,False,0,0,0,0,True,False,False
72998,100,100,False,0,0,0,0,True,False,False
73058,100,100,False,0,0,0,0,True,False,False
73118,100,100,False,0,0,0,0,True,False,False
73178,100,100,False,0,0,0,0,True,False,False
73238,100,100,False,0,0,0,0,True,False,False
73298,100,100,False,0,0,0,0,True,False,False
73358,100,100,False,0,0,0,0,True,False,False
73418,100,100,False,0,0,0,0,True,False,False
73478,100,100,False,0,0,0,0,True,False,False
73538,100,100,False,0,0,0,0,True,False,False
73598,100,100,False,0,0,0,0,True,False,False
73658,100,100,False,0,0,0,0,True,False,False
73718,100,100,False,0,0,0,0,True,False,False
73778,100,100,False,0,0,0,0,True,False,False
73838,100,100,False,0,0,0,0,True,False,False
73898,100,100,False,0,0,0,0,True,False,False
73958,100,100,False,0,0,0,0,True,False,False
74018,100,100,False,0,0,0,0,True,False,False
74078,100,100,False,0,0,0,0,True,False,False
74138,100,100,False,0,0,0,0,True,False,False
74198,100,100,False,0,0,0,0,True,False,False
74258,100,100,False,0,0,0,0,True,False,False
74318,100,100,False,0,0,0,0,True,False,False
74378,100,100,False,0,0,0,0,True,False,False
74438,100,100,False,0,0,0,0,True,False,False
74498,100,100,False,0,0,0,0,True,False,False
74558,100,100,False,0,0,0,0,True,False,False
74618,100,100,False,0,0,0,0,True,False,False
74678,100,100,False,0,0,0,0,True,False,False
74738,100,100,False,0,0,0,0,True,False,False
74798,100,100,False,0,0,0,0,True,False,False
74858,100,100,False,0,0,0,0,True,False,False
74918,100,100,False,0,0,0,0,True,False,False
74978,100,100,False,0,0,0,0,True,False,False
75038,100,100,False,0,0,0,0,True,False,False
75098,100,100,False,0,0,0,0,True,False,False
75158,100,100,False,0,0,0,0,True,False,False
75218,100,100,False,0,0,0,0,True,False,False
75278,100,100,False,0,0,0,0,True,False,False
75338,100,100,False,0,0,0,0,True,False,False
75398,100,100,False,0,0,0,0,True,False,False
75458,100,100,False,0,0,0,0,True,False,False
75518,100,100,False,0,0,0,0,True,False,False
75578,100,100,False,0,0,0,0,True,False,False
75638,100,100,False,0,0,0,0,True,False,False
75698,100,100,False,0,0,0,0,True,False,False
75758,100,100,False,0,0,0,0,True,False,False
75818,100,100,False,0,0,0,0,True,False,False
75878,100,100,False,0,0,0,0,True,False,False
75938,100,100,False,0,0,0,0,True,False,False
75998,100,100,False,0,0,0,0,True,False,False
76058,100,100,False,0,0,0,0,True,False,False
76118,100,100,False,0,0,0,0,True,False,False
76178,100,100,False,0,0,0,0,True,False,False
76238,100,100,False,0,0,0,0,True,False,False
76298,100,100,False,0,0,0,0,True,False,False
76358,100,100,False,0,0,0,0,True,False,False
76418,100,100,False,0,0,0,0,True,False,False
76478,100,100,False,0,0,0,0,True,False,False
76538,100,100,False,0,0,0,0,True,False,False
76598,100,100,False,0,0,0,0,True,False,False
76658,100,100,False,0,0,0,0,True,False,False
76718,100,100,False,0,0,0,0,True,False,False
76778,100,100,False,0,0,0,1,True,False,False
76838,100,100,False,0,0,0,1,True,False,False
76898,100,100,False,0,0,0,1,True,False,False
76958,100,100,False,0,0,0,1,True,False,False
77018,100,100,False,0,0,0,1,True,False,False
77078,100,100,False,0,0,0,1,True,False,False
78398,100,100,True,1,1,1,1,True,False,False
78458,100,100,True,1,1,1,1,True,False,False
78518,100,100,True,1,1,1,1,True,False,False
78578,100,100,True,1,1,1,1,True,False,False
78638,100,100,True,1,1,1,1,True,False,False
78698,100,100,True,1,1,1,1,True,False,False
78758,100,100,True,1,1,1,1,True,False,False
78818,100,100,True,1,1,1,1,True,False,False
78878,100,100,True,1,1,1,1,True,False,False
78938,100,100,True,1,1,0,1,True,False,False
78998,100,100,True,1,1,0,1,True,False,False
79058,100,100,True,1,1,0,1,True,False,False
79118,100,100,True,1,1,0,1,True,False,False
79178,100,100,True,1,1,0,1,True,False,False
79238,100,100,True,1,1,0,1,True,False,False
79298,100,100,True,1,1,0,1,True,False,False
79358,100,100,True,1,1,0,1,True,False,False
79418,100,100,True,1,1,0,1,True,False,False
79478,100,100,True,1,1,0,1,True,False,False
79538,100,100,True,1,1,0,1,True,False,False
79598,100,100,True,1,1,0,1,True,False,False
79658,100,100,True,1,1,0,1,True,False,False
79718,100,100,True,1,1,0,1,True,False,False
79778,100,100,True,1,1,0,1,True,False,False
79838,100,100,True,1,1,0,1,True,False,False
79898,100,100,True,1,1,0,1,True,False,False
79958,52,88,True,1,1,0,1,True,False,False
84098,100,100,False,1,1,0,0,False,False,False
84158,100,100,False,1,1,0,0,False,False,False
84218,100,100,False,1,1,0,0,False,False,False
84278,100,100,False,1,1,0,0,False,False,False
84338,100,100,False,1,1,0,0,False,False,False
84398,100,100,False,1,1,0,0,False,False,False
84458,100,100,False,1,1,0,0,False,False,False
84518,100,100,False,1,1,0,0,False,False,False
84578,100,100,False,1,1,0,0,False,False,False
84638,100,100,False,1,1,0,0,False,False,False
84698,100,100,False,1,1,0,0,False,False,False
84758,100,100,False,1,1,0,0,False,False,False
84818,100,100,False,1,1,0,0,False,False,False
84878,100,100,False,1,1,0,0,False,False,False
84938,100,100,False,1,1,0,0,False,False,False
90218,100,0,False,1,1,0,0,False,False,False
90278,100,0,False,1,1,0,0,False,False,False
90338,100,0,False,1,1,0,0,False,False,False
90398,100,0,False,1,1,0,0,False,False,False
90458,100,0,False,1,1,0,0,False,False,False
90518,100,0,False,1,1,0,0,False,False,False
90578,100,0,False,0,1,0,0,False,False,False
90638,100,0,False,0,1,0,0,False,False,False
90698,100,0,False,0,1,0,0,False,False,False
90758,100,0,False,0,1,0,0,False,False,False
90818,100,0,False,0,1,0,0,False,False,False
90878,100,0,False,0,1,0,0,False,False,False
90938,100,0,False,0,1,0,0,False,False,False
90998,100,0,False,0,1,0,0,False,False,False
91058,100,0,False,0,1,0,0,False,False,False
91118,100,0,False,0,1,0,0,False,False,False
91178,100,0,False,0,1,0,0,False,False,False
91238,100,0,False,0,1,0,0,False,False,False
91298,100,0,False,0,1,0,0,False,False,False
91358,100,0,False,0,1,0,0,False,False,False
91418,100,0,False,0,1,0,0,False,False,False
91478,100,0,False,0,1,0,0,False,False,False
91538,100,0,False,0,1,0,0,False,False,False
91598,100,0,False,0,1,0,0,False,False,False
91658,100,0,False,0,1,0,0,False,False,False
91718,100,0,False,0,0,0,0,False,False,False
91778,100,0,False,0,0,0,0,False,False,False
91838,100,0,False,0,0,0,0,False,False,False
91898,100,0,False,0,0,0,0,False,False,False
91958,100,0,False,0,0,0,0,False,False,False
92018,100,0,False,0,0,0,0,False,False,False
92078,100,0,False,0,0,0,0,False,False,False
92138,100,0,False,0,0,0,0,False,False,False
92198,100,0,False,0,0,0,0,False,False,False
92258,100,0,False,0,0,0,0,False,False,False
92318,100,0,False,0,0,0,0,False,False,False
92378,100,0,False,0,0,0,0,False,False,False
92438,100,0,False,0,0,0,0,False,False,False
92498,100,0,False,0,0,0,0,False,False,False
92558,100,0,False,0,0,0,0,False,False,False
92618,100,0,False,0,0,0,0,False,False,False
96278,100,100,True,1,0,0,0,False,False,False
96338,100,100,True,1,0,0,0,False,False,False
96398,100,100,True,1,0,0,0,False,False,False
96458,100,100,True,1,0,0,0,False,False,False
96518,100,100,True,1,0,0,0,False,False,False
96578,100,100,True,1,0,0,0,False,False,False
96638,100,100,True,0,0,0,0,False,False,False
96698,100,100,True,0,0,0,0,False,False,False
96758,100,100,True,0,0,0,0,False,False,False
96818,99,100,True,0,0,0,0,False,False,False
96878,34,57,True,0,0,0,0,False,False,False
96938,34,57,True,0,0,0,0,False,False,False
96998,34,57,True,0,0,0,0,False,False,False
97058,34,57,True,0,0,0,0,False,False,False
97118,34,57,True,0,0,0,0,False,False,False
97178,34,57,True,0,0,0,0,False,False,False
97238,34,57,True,0,0,0,0,False,False,False
97298,34,57,True,0,0,0,0,False,False,False
97358,34,57,True,0,0,0,0,False,False,False
97418,34,57,True,0,0,0,0,False,False,False
97478,34,57,True,0,0,0,0,False,False,False
97538,34,57,True,0,0,0,0,False,False,False
97598,34,57,True,0,0,0,0,False,False,False
97658,34,57,True,0,0,0,0,False,False,False
97718,34,57,True,0,0,0,0,False,False,False
97778,34,57,True,0,0,0,0,False,False,False
97838,34,57,True,0,0,0,0,False,False,False
97898,34,57,True,0,0,0,0,False,False,False
97958,34,57,True,0,0,0,0,False,False,False
98018,34,57,True,0,0,0,0,False,False,False
98078,34,57,True,0,0,0,0,False,False,False
98138,34,57,True,0,0,0,0,False,False,False
98198,34,57,True,0,0,0,0,False,False,False
98258,34,57,True,1,0,0,0,False,False,False
98318,34,57,True,1,0,0,0,False,False,False
98378,34,57,True,1,0,0,0,False,False,False
98438,34,57,True,1,0,0,0,False,False,False
98498,34,57,True,1,0,0,0,False,False,False
98558,34,57,True,0,0,0,0,False,False,False
98618,34,57,True,0,0,0,0,False,False,False
98678,34,57,True,0,0,0,0,False,False,False
98738,34,57,True,0,0,0,0,False,False,False
98798,34,57,True,0,0,0,0,False,False,False
98858,34,57,True,0,0,0,0,False,False,False
98918,34,57,True,0,0,0,0,False,False,False
98978,34,57,True,0,0,0,0,False,False,False
99038,34,57,True,0,0,0,0,False,False,False
99098,34,57,True,0,0,0,0,False,False,False
99158,34,57,True,0,0,0,0,False,False,False
99218,34,57,True,0,0,0,0,False,False,False
99278,34,57,True,0,0,0,0,False,False,False
99338,34,57,True,0,0,0,0,False,False,False
99398,34,57,True,0,0,0,0,False,True,False
99458,34,57,True,0,0,0,0,False,True,False
99518,34,57,True,0,0,0,0,False,True,False
99578,34,57,True,0,0,0,0,False,True,False
99638,34,57,True,0,0,0,0,False,True,False
99698,34,57,True,0,0,0,0,False,True,False
99758,34,57,True,0,0,0,0,False,True,False
99818,34,57,True,0,0,0,0,False,True,False
99878,34,57,True,0,0,0,0,False,True,False
99938,34,57,True,0,0,0,0,False,True,False
99998,34,57,True,0,0,0,0,False,True,False
100058,34,57,True,0,0,0,0,False,True,False
100118,34,57,True,0,0,0,0,False,True,False
100178,34,57,True,0,0,0,0,False,True,False
100238,34,57,True,0,0,0,0,False,True,False
100298,34,57,True,0,0,0,0,False,True,False
100358,34,57,True,0,0,0,0,False,True,False
100418,34,57,True,0,0,0,0,False,True,False
100478,34,57,True,0,0,0,0,False,True,False
100538,34,57,True,0,0,0,0,False,True,False
100598,34,57,True,0,0,0,0,False,True,False
100658,34,57,True,0,0,0,0,False,True,False
100718,34,57,True,0,0,0,0,False,True,False
100778,34,57,True,0,0,0,0,False,True,False
100838,34,57,True,0,0,0,0,False,True,False
100898,34,57,True,0,0,0,0,False,True,False
100958,34,57,True,0,0,0,0,False,True,False
101018,34,57,True,0,0,0,0,False,True,False
101078,34,57,True,0,0,0,0,False,True,False
101138,34,57,True,0,0,0,0,False,True,False
101198,34,57,True,0,0,0,0,False,True,False
101258,34,57,True,0,0,0,0,False,True,False
101318,34,57,True,0,0,0,0,False,False,True
101378,34,57,True,0,0,0,0,False,False,True
101438,34,57,True,0,0,0,0,False,False,True
101498,34,57,True,0,0,0,0,False,False,True
101558,34,57,True,0,0,0,0,False,False,True
101618,34,57,True,0,0,0,0,False,False,True
101678,34,57,True,0,0,0,0,False,False,True
101738,34,57,True,0,0,0,0,False,False,True
101798,34,57,True,0,0,0,0,False,False,True
101858,34,57,True,0,0,0,0,False,False,True
101918,34,57,True,0,0,0,0,False,False,True
101978,34,57,True,0,0,0,0,False,False,True
102038,34,57,True,0,0,0,0,False,False,True
102098,34,57,True,0,0,0,0,False,False,True
102158,34,57,True,0,0,0,0,False,False,True
102218,34,57,True,0,0,0,0,False,False,True
102278,34,57,True,0,0,0,0,False,False,True
102338,34,57,True,0,0,0,0,False,False,True
102398,34,57,True,0,0,0,0,False,False,True
102458,34,57,True,0,0,0,0,False,False,True
102518,34,57,True,0,0,0,0,False,False,True
102578,34,57,True,0,0,0,0,False,False,True
102638,34,57,True,0,0,0,0,False,False,True
102698,34,57,True,0,0,0,0,False,False,True
102758,34,57,True,0,0,0,0,False,False,True
102818,34,57,True,0,0,0,0,False,False,True
102878,34,57,True,0,0,0,0,False,False,True
102938,34,57,True,0,0,0,0,False,False,True
102998,34,57,True,0,0,0,0,False,False,True
103058,34,57,True,0,0,0,0,False,False,True
103118,34,57,True,0,0,0,0,False,False,True
103178,34,57,True,0,0,0,0,False,False,True
103238,34,57,True,0,0,0,0,False,False,True
103298,34,57,True,1,0,0,0,False,False,True
103358,34,57,True,1,0,0,0,False,False,True
103418,34,57,True,1,0,0,0,False,False,True
103478,34,57,True,1,0,0,0,False,False,True
103538,34,57,True,1,0,0,0,False,False,True
103598,34,57,True,1,0,0,0,False,False,True
103658,34,57,True,1,0,0,0,False,False,True
103718,34,57,True,1,0,0,0,False,False,True
103778,34,57,True,1,0,0,0,False,False,True
103838,34,57,True,1,0,0,0,False,False,True
103898,34,57,True,1,0,0,0,False,False,True
103958,20,44,True,1,0,0,0,False,False,False
104018,20,44,True,1,0,0,0,False,False,False
104078,20,44,True,1,0,0,0,False,False,False
104138,20,44,True,1,0,0,0,False,False,False
104198,20,44,True,1,0,0,0,False,False,False
104258,20,44,True,1,0,0,0,False,False,False
104318,20,44,True,1,0,0,0,False,False,False
105698,100,44,True,1,0,1,0,False,False,False
105758,100,44,True,1,0,1,0,False,False,False
105818,100,44,True,1,0,1,0,False,False,False
105878,100,44,True,0,0,1,0,False,False,False
105938,100,44,True,0,0,1,0,False,False,False
105998,100,44,True,0,0,1,0,False,False,False
106058,100,44,True,0,0,1,0,False,False,False
106118,100,44,True,0,0,1,0,False,False,False
106178,100,44,True,0,0,1,0,False,False,False
106238,100,44,True,0,0,0,0,False,False,False
106298,100,44,True,0,0,0,0,False,False,False
106358,71,44,True,0,0,0,0,False,False,False
106418,47,44,True,0,0,0,0,False,False,False
106478,33,35,True,0,0,0,0,False,False,False
106538,33,35,True,0,0,0,0,False,False,False
106598,33,35,True,0,0,0,0,False,False,False
106658,33,35,True,0,0,0,0,False,False,False
106718,33,35,True,0,0,0,0,False,False,False
106778,33,35,True,0,0,0,0,False,False,False
106838,33,35,True,0,0,0,0,False,False,False
106898,33,35,True,0,0,0,0,False,False,False
106958,33,35,True,0,0,0,0,False,False,False
107018,33,35,True,0,0,0,0,False,False,False
107078,33,35,True,0,0,0,0,False,False,False
107138,33,35,True,0,0,0,0,False,False,False
107198,33,35,True,0,0,0,0,False,False,False
107258,33,35,True,0,0,0,0,False,False,False
107318,33,35,True,0,0,0,0,False,False,False
107378,33,35,True,0,0,0,0,False,False,False
107438,33,35,True,0,0,0,0,False,False,False
107498,33,35,True,0,0,0,0,False,False,False
107558,33,35,True,0,0,0,0,False,False,False
107618,33,35,True,0,0,0,0,False,False,False
107678,33,35,True,0,0,0,0,False,False,True
107738,33,35,True,0,0,0,0,False,False,True
107798,33,35,True,0,0,0,0,False,False,True
107858,33,35,True,0,0,0,0,False,False,True
107918,33,35,True,0,0,0,0,False,False,True
107978,33,35,True,0,0,0,0,False,False,True
108038,33,35,True,0,0,0,0,False,False,True
108098,33,35,True,0,0,0,0,False,False,True
108158,33,35,True,0,0,0,0,False,False,True
108218,33,35,True,0,0,0,0,False,False,True
108278,33,35,True,0,0,0,0,False,False,True
108338,33,35,True,0,0,0,0,False,False,True
108398,33,35,True,0,0,0,0,False,False,True
108458,33,35,True,0,0,0,0,False,False,True
108518,33,35,True,0,0,0,0,False,False,True
108578,33,35,True,0,0,0,0,False,False,True
108638,33,35,True,0,0,0,0,False,False,True
108698,33,35,True,0,0,0,0,False,False,True
108758,33,35,True,0,0,0,0,False,False,True
108818,33,35,True,0,0,0,0,False,False,True
108878,33,35,True,0,0,0,0,False,False,True
108938,33,35,True,0,0,0,0,False,False,True
108998,33,35,True,0,0,0,0,False,False,True
109058,33,35,True,0,0,0,0,False,False,True
109118,33,35,True,0,0,0,0,False,False,True
109178,33,35,True,0,0,0,0,False,False,True
109238,33,35,True,0,0,0,0,False,False,True
109298,33,35,True,0,0,0,0,False,False,True
109358,33,35,True,0,0,0,0,False,False,True
109418,33,35,True,0,0,0,0,False,False,True
109478,33,35,True,0,0,0,0,False,False,True
109538,33,35,True,0,0,0,0,False,False,True
111998,100,100,True,1,1,0,1,False,True,False
112058,100,100,True,1,1,0,1,False,True,False
112118,100,100,True,1,1,0,1,False,True,False
112178,100,100,True,1,1,0,1,False,True,False
112238,100,100,True,1,1,0,1,False,True,False
112298,100,100,True,0,1,0,1,False,True,False
112358,100,100,True,0,1,0,1,False,True,False
112418,100,100,True,0,1,0,1,False,True,False
112478,100,100,True,0,1,0,1,False,True,False
112538,100,100,True,0,1,0,1,False,True,False
112598,100,100,True,0,1,0,1,False,True,False
112658,100,100,True,0,1,0,1,False,True,False
112718,100,100,True,0,0,0,1,False,True,False
112778,100,100,True,0,0,0,1,False,True,False
112838,100,100,True,0,0,0,1,False,True,False
112898,100,100,True,0,0,0,1,False,True,False
112958,100,100,True,0,0,0,1,False,True,False
113018,100,100,True,0,0,0,1,False,True,False
113078,100,100,True,0,0,0,0,False,True,False
113138,100,100,True,0,0,0,0,False,True,False
113198,100,100,True,0,0,0,0,False,True,False
113258,100,100,True,0,0,0,0,False,True,False
113318,100,100,True,0,0,0,0,False,True,False
113378,100,100,True,0,0,0,0,False,True,False
113438,100,100,True,0,0,0,0,False,True,False
113498,100,100,True,0,0,0,0,False,True,False
113558,100,100,True,0,0,0,0,False,True,False
113618,100,100,True,0,0,0,0,False,True,False
113678,100,100,True,0,0,0,0,False,True,False
113738,100,100,True,0,0,0,0,False,True,False
113798,100,100,True,0,0,0,0,False,True,False
113858,100,100,True,0,0,0,0,False,True,False
113918,100,100,True,0,0,0,0,False,True,False
113978,100,100,True,0,0,0,0,False,True,False
114038,100,100,True,0,0,0,0,False,True,False
114098,100,100,True,0,0,0,0,False,True,False
114158,100,100,True,0,0,0,0,False,True,False
114218,100,100,True,0,0,0,0,False,True,False
114278,100,100,True,0,0,0,0,False,True,False
114338,100,100,True,0,0,0,0,False,True,False
114398,100,100,True,0,0,0,0,False,True,False
114458,100,100,True,0,0,0,0,False,True,False
114518,100,100,True,0,0,0,0,False,False,True
114578,100,100,True,0,0,0,0,False,False,True
114638,100,100,True,0,0,0,0,False,False,True
114698,100,100,True,0,0,0,0,False,False,True
114758,100,100,True,0,0,0,0,False,False,True
114818,100,100,True,0,0,0,0,False,False,True
114878,100,100,True,0,0,0,0,False,False,True
114938,100,100,True,0,0,0,0,False,False,True
114998,100,100,True,0,0,0,0,False,False,True
115058,100,100,True,0,0,0,0,False,False,True
115118,100,100,True,0,0,0,0,False,False,True
115178,100,100,True,0,0,0,0,False,False,True
115238,100,100,True,0,0,0,0,False,False,True
115298,100,100,True,0,0,0,0,False,False,True
115358,100,100,True,0,0,0,0,False,False,True
115418,100,100,True,0,0,0,0,False,False,True
115478,100,100,True,0,0,0,0,False,False,True
115538,100,100,True,0,0,0,0,False,False,True
115598,100,100,True,0,0,0,0,False,False,True
115658,100,100,True,0,0,0,0,False,False,True
115718,100,100,True,0,0,0,0,False,False,True
115778,100,100,True,0,0,0,0,False,False,True
115838,100,100,True,0,0,0,0,False,False,True
115898,100,100,True,0,0,0,0,False,False,True
115958,100,100,True,0,0,0,0,False,False,True
116018,100,100,True,0,0,0,0,False,False,True
116078,100,100,True,0,0,0,0,False,False,True
116138,100,100,True,0,0,0,0,False,False,True
116198,100,100,True,0,0,0,0,False,False,True
116258,100,100,True,0,0,0,0,False,False,True
116318,100,100,True,0,0,0,0,False,False,True
116378,100,100,True,0,0,0,0,False,False,True
116438,100,100,True,0,0,0,0,False,False,True
116498,100,100,True,0,0,0,0,False,False,True
116558,100,100,True,0,0,0,0,False,False,True
116618,100,100,True,0,0,0,0,False,False,True
116678,100,100,True,0,0,0,0,False,False,True
116738,100,100,True,0,0,0,0,False,False,True
116798,100,100,True,0,0,0,0,False,False,True
116858,100,100,True,0,0,0,0,False,False,True
116918,100,100,True,0,0,0,0,False,False,True
116978,100,100,True,0,0,0,0,False,False,True
118298,100,100,True,1,1,0,1,False,False,False
118358,100,100,True,0,1,0,1,False,False,False
118418,100,100,True,0,1,0,1,False,False,False
118478,100,100,True,0,1,0,1,False,False,False
118538,100,100,True,0,1,0,1,False,False,False
118598,100,100,True,0,1,0,1,False,False,False
118658,100,100,True,0,1,0,1,False,False,False
118718,100,100,True,0,1,0,1,False,False,False
118778,100,100,True,0,1,0,1,False,False,False
118838,100,100,True,0,0,0,1,False,False,False
118898,100,100,True,0,0,0,1,False,False,False
118958,100,100,True,0,0,0,1,False,False,False
119018,100,100,True,0,0,0,1,False,False,False
119078,100,100,True,0,0,0,1,False,False,False
119138,100,100,True,0,0,0,1,False,False,False
119198,100,100,True,0,0,0,1,False,False,False
119258,100,100,True,0,0,0,1,False,False,False
119318,100,100,True,0,0,0,1,False,False,False
119378,100,100,True,0,0,0,1,False,False,False
119438,100,100,True,0,0,0,1,False,False,False
119498,100,100,True,0,0,0,1,False,False,False
119558,100,100,True,0,0,0,1,False,False,False
119618,100,100,True,0,0,0,1,False,False,False
119678,100,100,True,0,0,0,0,False,False,False
119738,100,100,True,0,0,0,0,False,False,False
119798,100,100,True,0,0,0,0,False,False,False
119858,100,100,True,0,0,0,0,False,False,False
119918,100,100,True,0,0,0,0,False,False,False
119978,100,100,True,0,0,0,0,False,False,False
120038,100,100,True,0,0,0,0,False,False,False
120098,100,100,True,0,0,0,0,False,False,False
120158,100,100,True,0,0,0,0,False,False,False
120218,100,100,True,0,0,0,0,False,False,True
120278,100,100,True,0,0,0,0,False,False,True
120338,100,100,True,0,0,0,0,False,False,True
120398,100,100,True,0,0,0,0,False,False,True
120458,100,100,True,0,0,0,0,False,False,True
120518,100,100,True,0,0,0,0,False,False,True
120578,100,100,True,0,0,0,0,False,False,True
120638,100,100,True,0,0,0,0,False,False,True
120698,100,100,True,0,0,0,0,False,False,True
120758,100,100,True,0,0,0,0,False,False,True
120818,100,100,True,0,0,0,0,False,False,True
120878,100,100,True,0,0,0,0,False,False,True
120938,100,100,True,0,0,0,0,False,False,True
120998,100,100,True,0,0,0,0,False,False,True
121058,100,100,True,0,0,0,0,False,False,True
121118,100,100,True,0,0,0,0,False,False,True
121178,100,100,True,0,0,0,0,False,False,True
121238,100,100,True,0,0,0,0,False,False,True
121298,100,100,True,0,0,0,0,False,False,True
121358,100,100,True,0,0,0,0,False,False,True
121418,100,100,True,0,0,0,0,False,False,True
121478,100,100,True,0,0,0,0,False,False,True
121538,100,100,True,0,0,0,0,False,False,True
121598,100,100,True,0,0,0,0,False,False,True
122918,100,100,True,1,1,0,1,False,False,False
122978,100,100,True,1,1,0,1,False,False,False
123038,100,100,True,1,1,0,1,False,False,False
123098,100,100,True,1,1,0,1,False,False,False
123158,100,100,True,1,1,0,1,False,False,False
123218,100,100,True,1,1,0,1,False,False,False
123278,100,100,True,1,1,0,1,False,False,False
123338,100,100,True,1,1,0,1,False,False,False
123398,100,100,True,1,1,0,1,False,False,False
123458,100,100,True,1,1,0,1,False,False,False
123518,100,100,True,1,1,0,1,False,False,False
123578,100,100,True,1,1,0,1,False,False,False
123638,100,100,True,1,1,0,1,False,False,False
123698,100,100,True,1,1,0,1,False,False,False
123758,100,100,True,1,1,0,1,False,False,False
123818,100,100,True,1,1,0,1,False,False,False
123878,100,100,True,1,1,0,1,False,False,False
123938,100,100,True,1,1,0,1,False,False,False
123998,100,100,True,1,1,0,1,False,False,False
124058,100,100,True,1,1,0,1,False,False,False
124118,100,100,True,1,1,0,1,False,False,False
124178,100,100,True,1,1,0,0,False,False,False
124238,100,100,True,1,1,0,0,False,False,False
124298,100,100,True,1,1,0,0,False,False,False
124358,100,100,True,1,1,0,0,False,False,False
124418,100,100,True,1,1,0,0,False,False,False
124478,100,100,True,1,1,0,0,False,False,False
127178,100,100,True,1,1,0,1,False,False,False
127238,100,100,True,0,1,0,1,False,False,False
127298,100,100,True,0,1,0,1,False,False,False
127358,100,100,True,0,1,0,1,False,False,False
127418,100,100,True,0,1,0,1,False,False,False
127478,100,100,True,0,1,0,0,False,False,False
127538,100,100,True,0,1,0,0,False,False,False
127598,100,100,True,0,1,0,0,False,False,False
127658,100,100,True,0,1,0,0,False,False,False
127718,100,100,True,0,1,0,0,False,False,False
127778,100,100,True,0,1,0,0,False,False,False
127838,100,100,True,0,1,0,0,False,False,False
127898,100,100,True,0,1,0,0,False,False,False
127958,100,100,True,0,1,0,0,False,False,False
128018,100,100,True,0,1,0,0,False,False,False
128078,100,100,True,0,1,0,0,False,False,False
128138,100,100,True,0,1,0,0,False,False,False
128198,100,100,True,0,1,0,0,False,False,False
128258,100,100,True,0,1,0,0,False,False,False
128318,100,100,True,0,1,0,0,False,False,False
128378,100,100,True,0,1,0,0,False,False,False
128438,100,100,True,0,1,0,0,False,False,False
128498,100,100,True,0,0,0,0,False,False,False
128558,100,100,True,0,0,0,0,False,False,False
128618,100,100,True,0,0,0,0,False,False,False
128678,100,100,True,0,0,0,0,False,False,False
128738,100,100,True,0,0,0,0,False,False,False
128798,100,100,True,0,0,0,0,False,False,False
128858,100,100,True,0,0,0,0,False,False,False
128918,100,100,True,0,0,0,0,False,False,False
128978,100,100,True,0,0,0,0,False,False,False
129038,100,100,True,0,0,0,0,False,False,False
129098,100,100,True,1,0,0,0,False,False,False
129158,100,100,True,1,0,0,0,False,False,False
129218,100,100,True,1,0,0,0,False,False,False
129278,100,100,True,1,0,0,0,False,False,False
129338,100,100,True,0,0,0,0,False,False,False
129398,100,100,True,0,0,0,0,False,False,False
129458,100,100,True,0,0,0,0,False,False,False
129518,100,100,True,0,0,0,0,False,False,False
129578,100,100,True,0,0,0,0,False,False,False
129638,100,100,True,0,0,0,0,False,False,False
129698,100,100,True,0,0,0,0,False,False,False
129758,100,100,True,0,0,0,0,False,False,False
129818,100,100,True,0,0,0,0,False,False,False
129878,100,100,True,0,0,0,0,False,False,False
129938,100,100,True,0,0,0,0,False,False,False
129998,100,100,True,0,0,0,0,False,False,False
130058,100,100,True,0,0,0,0,False,False,False
130118,100,100,True,0,0,0,0,False,False,False
130178,100,100,True,0,0,0,0,False,False,False
130238,100,100,True,0,0,0,0,False,True,False
130298,100,100,True,1,0,0,0,False,True,False
130358,100,100,True,1,0,0,0,False,True,False
130418,100,100,True,1,0,0,0,False,True,False
130478,100,100,True,1,0,0,0,False,True,False
130538,100,100,True,0,0,0,0,False,True,False
130598,100,100,True,0,0,0,0,False,True,False
130658,100,100,True,0,0,0,0,False,True,False
130718,100,100,True,0,0,0,0,False,True,False
130778,100,100,True,0,0,0,0,False,True,False
130838,100,100,True,0,0,0,0,False,True,False
130898,100,100,True,0,0,0,0,False,True,False
130958,100,100,True,0,0,0,0,False,True,False
131018,100,100,True,0,0,0,0,False,True,False
131078,100,100,True,0,0,0,0,False,True,False
131138,100,100,True,0,0,0,0,False,True,False
131198,100,100,True,0,0,0,0,False,True,False
131258,100,100,True,0,0,0,0,False,True,False
131318,100,100,True,0,0,0,0,False,True,False
131378,100,100,True,0,0,0,0,False,True,False
131438,100,100,True,0,0,0,0,False,True,False
131498,100,100,True,0,0,0,0,False,True,False
131558,100,100,True,0,0,0,0,False,True,False
131618,100,100,True,0,0,0,0,False,True,False
131678,100,100,True,0,0,0,0,False,True,False
131738,100,100,True,0,0,0,0,False,True,False
131798,100,100,True,0,0,0,0,False,False,True
131858,100,100,True,0,0,0,0,False,False,True
131918,100,100,True,0,0,0,0,False,False,True
131978,100,100,True,0,0,0,0,False,False,True
132038,100,100,True,0,0,0,0,False,False,True
132098,100,100,True,0,0,0,0,False,False,True
132158,100,100,True,0,0,0,0,False,False,True
132218,100,100,True,0,0,0,0,False,False,True
132278,100,100,True,0,0,0,0,False,False,True
132338,100,100,True,0,0,0,0,False,False,True
132398,100,100,True,0,0,0,0,False,False,True
132458,100,100,True,0,0,0,0,False,False,True
132518,100,100,True,0,0,0,0,False,False,True
132578,100,100,True,0,0,0,0,False,False,True
132638,100,100,True,0,0,0,0,False,False,True
132698,100,100,True,0,0,0,0,False,False,True
132758,100,100,True,0,0,0,0,False,False,True
132818,100,100,True,0,0,0,0,False,False,True
132878,100,100,True,0,0,0,0,False,False,True
132938,100,100,True,0,0,0,0,False,False,True
132998,100,100,True,0,0,0,0,False,False,True
133058,100,100,True,0,0,0,0,False,False,True
133118,100,100,True,0,0,0,0,False,False,True
133178,100,100,True,0,0,0,0,False,False,True
133238,100,100,True,0,0,0,0,False,False,True
133298,100,100,True,0,0,0,0,False,False,True
134618,100,100,True,1,1,0,1,False,True,False
134678,100,100,True,1,1,0,1,False,True,False
134738,100,100,True,1,1,0,1,False,True,False
134798,100,100,True,0,1,0,1,False,True,False
134858,100,100,True,0,1,0,1,False,True,False
134918,100,100,True,0,1,0,1,False,True,False
134978,100,100,True,0,1,0,1,False,True,False
135038,100,100,True,0,1,0,1,False,True,False
135098,100,100,True,0,1,0,1,False,True,False
135158,100,100,True,0,0,0,1,False,True,False
135218,100,100,True,0,0,0,1,False,True,False
135278,100,100,True,0,0,0,1,False,True,False
135338,100,100,True,0,0,0,1,False,True,False
135398,12,82,True,0,0,0,1,False,True,False
140558,100,100,True,1,1,0,1,False,True,False
140618,100,100,True,1,1,0,1,False,True,False
140678,100,100,True,1,1,0,1,False,True,False
140738,100,100,True,1,1,0,1,False,True,False
140798,100,100,True,1,1,0,1,False,True,False
140858,100,100,True,1,1,0,1,False,True,False
140918,100,100,True,0,1,0,1,False,True,False
140978,100,100,True,0,1,0,1,False,True,False
141038,100,100,True,0,1,0,1,False,True,False
141098,100,100,True,0,1,0,1,False,True,False
141158,100,100,True,0,1,0,0,False,True,False
141218,100,100,True,0,1,0,0,False,True,False
141278,100,100,True,0,1,0,0,False,True,False
141338,100,100,True,0,1,0,0,False,True,False
141398,100,100,True,0,1,0,0,False,True,False
141458,100,100,True,0,1,0,0,False,True,False
141518,100,100,True,0,1,0,0,False,True,False
141578,100,100,True,0,1,0,0,False,True,False
141638,100,100,True,0,1,0,0,False,True,False
141698,100,100,True,0,1,0,0,False,True,False
141758,100,100,True,1,1,0,0,False,True,False
141818,100,100,True,1,1,0,0,False,True,False
141878,100,100,True,1,1,0,0,False,True,False
141938,100,100,True,1,1,0,0,False,True,False
141998,100,100,True,1,1,0,0,False,True,False
142058,100,100,True,1,1,0,0,False,True,False
142118,100,100,True,1,1,0,0,False,True,False
142178,100,100,True,1,1,0,0,False,True,False
142238,100,100,True,1,1,0,0,False,True,False
142298,100,100,True,1,1,0,0,False,True,False
142358,100,100,True,1,1,0,0,False,True,False
142418,100,100,True,1,1,0,0,False,True,False
142478,100,100,True,1,1,0,0,False,True,False
142538,100,100,True,1,1,0,0,False,True,False
142598,100,100,True,1,1,0,0,False,True,False
142658,100,100,True,1,1,0,0,False,True,False
142718,100,100,True,1,1,0,0,False,True,False
142778,100,100,True,1,1,0,0,False,True,False
142838,100,100,True,1,1,0,0,False,True,False
142898,100,100,True,1,1,0,0,False,True,False
142958,100,100,True,0,1,0,0,False,True,False
143018,100,100,True,1,1,0,0,False,True,False
143078,100,100,True,1,1,0,0,False,True,False
143138,100,100,True,1,1,0,0,False,True,False
143198,100,100,True,1,1,0,0,False,True,False
143258,100,100,True,1,1,0,0,False,True,False
143318,100,100,True,0,1,0,0,False,True,False
143378,100,100,True,0,1,0,0,False,True,False
143438,100,100,True,0,1,0,0,False,True,False
143498,100,100,True,0,1,0,0,False,True,False
143558,100,100,True,0,0,0,0,False,True,False
143618,100,100,True,0,0,0,0,False,True,False
143678,100,100,True,0,0,0,0,False,True,False
143738,100,100,True,0,0,0,0,False,True,False
143798,100,100,True,0,0,0,0,False,True,False
143858,100,100,True,0,0,0,0,False,True,False
143918,100,100,True,0,0,0,0,False,True,False
143978,100,100,True,0,0,0,0,False,True,False
144038,100,100,True,0,0,0,0,False,True,False
144098,100,100,True,0,0,0,0,False,True,False
144158,100,100,True,0,0,0,0,False,True,False
144218,100,100,True,0,0,0,0,False,True,False
144278,35,100,True,0,0,0,0,False,True,False
144338,35,100,True,0,0,0,0,False,True,False
144398,35,100,True,0,0,0,0,False,True,False
144458,35,100,True,0,0,0,0,False,True,False
144518,35,100,True,0,0,0,0,False,True,False
144578,35,100,True,0,0,0,0,False,True,False
144638,35,100,True,0,0,0,0,False,True,False
144698,35,100,True,0,0,0,0,False,True,False
144758,35,100,True,0,0,0,0,False,True,False
144818,35,100,True,0,0,0,0,False,True,False
144878,35,100,True,0,0,0,0,False,True,False
144938,35,100,True,0,0,0,0,False,True,False
144998,35,100,True,0,0,0,0,False,True,False
145058,14,96,True,0,0,0,0,False,True,False
145118,14,96,True,0,0,0,0,False,True,False
146858,100,0,False,0,0,0,0,False,False,False
146918,100,0,False,0,0,0,0,False,False,False
146978,100,0,False,0,0,0,0,False,False,False
147038,100,0,False,0,0,0,0,False,False,False
147098,100,0,False,0,0,0,0,False,False,False
147158,100,0,False,0,0,0,0,False,False,False
147218,100,0,False,0,0,0,0,False,False,False
147278,100,0,False,0,0,0,0,False,False,False
147338,100,0,False,0,0,0,0,False,False,False
153938,100,100,True,1,1,0,0,False,False,False
153998,100,100,True,1,1,0,0,False,False,False
154058,100,100,True,1,1,0,0,False,False,False
154118,100,100,True,1,1,0,0,False,False,False
154178,100,100,True,1,1,0,0,False,False,False
154238,100,100,True,1,1,0,0,False,False,False
154298,100,100,True,1,1,0,0,False,False,False
154358,100,100,True,1,1,0,0,False,False,False
154418,100,100,True,1,1,0,0,False,False,False
154478,100,100,True,1,1,0,0,False,False,False
154538,100,100,True,1,1,0,0,False,False,False
154598,100,100,True,1,1,0,0,False,False,False
154658,100,100,True,1,1,0,0,False,False,False
154718,100,100,True,0,1,0,0,False,False,False
154778,100,100,True,0,1,0,0,False,False,False
154838,100,100,True,0,1,0,0,False,False,False
154898,100,100,True,0,0,0,0,False,False,False
154958,100,100,True,0,0,0,0,False,False,False
155018,100,100,True,0,0,0,0,False,False,False
155078,100,100,True,0,0,0,0,False,False,False
155138,100,100,True,0,0,0,0,False,False,False
