0,1,2,3,4,5,6,7,8,9,10
7141,100,100,False,0,0,0,0,False,False,False
7201,100,100,False,0,0,0,0,False,False,False
7261,100,100,False,0,0,0,0,False,False,False
7321,100,100,False,0,0,0,0,False,False,False
7381,100,100,False,0,0,0,0,False,False,False
7441,100,100,False,0,0,0,0,False,False,False
7501,100,100,False,0,0,0,0,False,False,False
7561,100,100,False,0,0,0,0,False,False,False
7621,100,100,False,0,0,0,0,False,False,False
7681,100,100,False,0,0,0,0,False,False,False
7741,100,100,False,0,0,0,0,False,False,False
7801,100,100,False,0,0,0,0,False,False,False
7861,100,100,False,0,0,0,0,False,False,False
7921,100,100,False,0,0,0,0,False,False,False
7981,100,100,False,0,0,0,0,False,False,False
8041,100,100,False,0,0,0,0,False,False,False
8101,100,100,False,0,0,0,0,False,False,False
12001,100,0,False,0,0,0,0,False,False,False
12061,100,0,False,0,0,0,0,False,False,False
12121,100,0,False,0,0,0,0,False,False,False
12181,100,0,False,0,0,0,0,False,False,False
12241,100,0,False,0,0,0,0,False,False,False
12301,100,0,False,0,0,0,0,False,False,False
12361,100,0,False,0,0,0,0,False,False,False
12421,100,0,False,0,0,0,0,False,False,False
12481,100,0,False,0,0,0,0,False,False,False
12541,100,0,False,0,0,0,0,False,False,False
12601,82,0,False,0,0,0,0,False,False,False
12661,82,0,False,0,0,0,0,False,False,False
12721,82,0,False,0,0,0,0,False,False,False
12781,82,0,False,0,0,0,0,False,False,False
12841,82,0,False,0,0,0,0,False,False,False
12901,82,0,False,0,0,0,0,False,False,False
12961,82,0,False,0,0,0,0,False,False,False
13021,82,0,False,0,0,0,0,False,False,False
16081,100,100,True,1,1,0,0,False,False,False
16141,100,100,True,1,1,0,0,False,False,False
16201,100,100,True,1,1,0,0,False,False,False
16261,100,100,True,1,1,0,0,False,False,False
16321,100,100,True,1,1,0,0,False,False,False
16381,100,100,True,1,1,0,0,False,False,False
16441,100,100,True,0,1,0,0,False,False,False
16501,100,100,True,0,1,0,0,False,False,False
16561,100,100,True,0,1,0,0,False,False,False
16621,100,100,True,0,1,0,0,False,False,False
16681,100,100,True,0,1,0,0,False,False,False
16741,100,100,True,0,0,0,0,False,False,False
16801,100,100,True,0,0,0,0,False,False,False
16861,100,100,True,0,0,0,0,False,False,False
16921,100,100,True,0,0,0,0,False,False,False
16981,100,100,True,0,0,0,0,False,False,False
17041,100,100,True,0,0,0,0,False,False,False
17101,100,100,True,0,0,0,0,False,False,False
17161,100,100,True,0,0,0,0,False,False,False
17221,100,100,True,0,0,0,0,False,False,False
17281,100,100,True,0,0,0,0,False,False,False
17341,100,100,True,0,0,0,0,False,False,False
17401,100,100,True,0,0,0,0,False,False,False
17461,100,100,True,0,0,0,0,False,False,False
17521,100,100,True,0,0,0,0,False,False,False
17581,100,100,True,0,0,0,0,False,False,False
17641,100,100,True,0,0,0,0,False,False,False
17701,100,100,True,0,0,0,0,False,False,False
17761,100,100,True,1,0,0,0,False,False,False
17821,100,100,True,1,0,0,0,False,False,False
17881,100,100,True,1,0,0,0,False,False,False
17941,100,100,True,1,0,0,0,False,False,False
18001,100,100,True,1,0,0,0,False,False,False
18061,100,100,True,1,0,0,0,False,False,False
18121,100,100,True,1,0,0,0,False,False,False
18181,100,100,True,1,0,0,0,False,False,False
18241,100,100,True,1,0,0,0,False,False,False
18301,100,100,True,1,0,0,0,False,False,False
18361,100,100,True,1,0,0,0,False,False,False
18421,100,100,True,1,0,0,0,False,False,False
18481,100,100,True,1,0,0,0,False,False,False
18541,100,100,True,1,0,0,0,False,False,False
18601,100,100,True,1,0,0,0,False,False,False
18661,100,100,True,1,0,0,0,False,False,False
18721,100,100,True,1,0,0,0,False,False,False
18781,100,100,True,1,0,0,0,False,False,False
18841,100,100,True,1,0,0,0,False,False,False
18901,100,100,True,1,0,0,0,False,False,False
18961,100,100,True,1,0,0,0,False,False,False
23281,100,100,True,0,0,0,0,False,False,False
23341,100,100,True,1,1,0,0,False,False,False
23401,100,100,True,1,1,0,0,False,False,False
23461,100,100,True,0,1,0,0,False,False,False
23521,100,100,True,0,1,0,0,False,False,False
23581,100,100,True,0,1,0,0,False,False,False
23641,100,100,True,0,1,0,0,False,False,False
23701,100,100,True,0,1,0,0,False,False,False
23761,100,100,True,0,1,0,0,False,False,False
23821,100,100,True,0,1,0,0,False,False,False
23881,100,100,True,0,1,0,0,False,False,False
23941,100,100,True,0,0,0,0,False,False,False
24001,100,100,True,0,0,0,0,False,False,False
24061,100,100,True,0,0,0,0,False,False,False
24121,100,100,True,0,0,0,0,False,False,False
24181,100,100,True,0,0,0,0,False,False,False
24241,100,100,True,0,0,0,0,False,False,False
24301,100,100,True,0,0,0,0,False,False,False
24361,100,100,True,0,0,0,0,False,False,False
24421,100,100,True,0,0,0,0,False,False,False
24481,100,100,True,0,0,0,0,False,False,False
24541,100,100,True,0,0,0,0,False,False,False
24601,100,100,True,0,0,0,0,False,False,False
24661,100,100,True,0,0,0,0,False,False,False
24721,100,100,True,0,0,0,0,False,False,False
24781,100,100,True,0,0,0,0,False,False,False
24841,100,100,True,0,0,0,0,False,False,False
24901,100,100,True,0,0,0,0,False,False,False
24961,100,100,True,0,0,0,0,False,False,False
25021,100,100,True,0,0,0,0,False,False,False
25081,100,100,True,0,0,0,0,False,False,False
25141,100,100,True,0,0,0,0,False,False,False
25201,100,100,True,0,0,0,0,False,True,False
25261,100,100,True,0,0,0,0,False,True,False
25321,100,100,True,0,0,0,0,False,True,False
25381,100,100,True,0,0,0,0,False,True,False
25441,100,100,True,0,0,0,0,False,True,False
25501,100,100,True,0,0,0,0,False,True,False
25561,100,100,True,0,0,0,0,False,True,False
25621,100,100,True,0,0,0,0,False,False,False
25681,100,100,True,0,0,0,0,False,False,False
25741,100,100,True,0,0,0,0,False,False,False
25801,100,100,True,0,0,0,0,False,False,False
25861,100,100,True,0,0,0,0,False,False,False
25921,100,100,True,0,0,0,0,False,False,False
25981,100,100,True,0,0,0,0,False,False,False
26041,100,100,True,0,0,0,0,False,False,False
26101,100,100,True,0,0,0,0,False,False,False
26161,100,100,True,0,0,0,0,False,False,False
26221,100,100,True,0,0,0,0,False,False,False
26281,100,100,True,0,0,0,0,False,False,False
26341,100,100,True,0,0,0,0,False,False,False
26401,100,100,True,0,0,0,0,False,False,False
26461,100,100,True,0,0,0,0,False,False,False
26521,100,100,True,0,0,0,0,False,False,False
26581,100,100,True,0,0,0,0,False,False,False
26641,100,100,True,0,0,0,0,False,False,False
26701,100,100,True,0,0,0,0,False,False,False
26761,100,100,True,0,0,0,0,False,False,False
26821,100,100,True,0,0,0,0,False,False,False
26881,100,100,True,0,0,0,0,False,False,False
26941,100,100,True,0,0,0,0,False,False,False
27001,100,100,True,0,0,0,0,False,False,False
27061,100,100,True,0,0,0,0,False,False,False
27121,100,100,True,0,0,0,0,False,False,False
27181,100,100,True,0,0,0,0,False,False,False
27241,100,100,True,0,0,0,0,False,False,False
27301,100,100,True,0,0,0,0,False,False,False
27361,100,100,True,0,0,0,0,False,False,False
27421,100,100,True,0,0,0,0,False,False,False
27481,100,100,True,0,0,0,0,False,False,False
27541,100,100,True,0,0,0,0,False,False,False
27601,100,100,True,0,0,0,0,False,False,False
27661,100,100,True,0,0,0,0,False,False,False
27721,100,100,True,0,0,0,0,False,False,False
27781,100,100,True,0,0,0,0,False,False,False
27841,100,100,True,0,0,0,0,False,False,False
27901,100,100,True,0,0,0,0,False,False,False
27961,100,100,True,0,0,0,0,False,False,False
28021,100,100,True,0,0,0,0,False,False,False
28081,100,100,True,0,0,0,0,False,False,False
28141,100,100,True,0,0,0,0,False,False,False
28201,100,100,True,0,0,0,0,False,False,False
28261,100,100,True,0,0,0,0,False,False,False
28321,100,100,True,0,0,0,0,False,False,False
28381,100,100,True,0,0,0,0,False,False,False
28441,100,100,True,0,0,0,0,False,False,False
28501,100,100,True,0,0,0,0,False,False,False
28561,100,100,True,0,0,0,0,False,False,False
28621,100,100,True,0,0,0,0,False,False,False
28681,100,100,True,0,0,0,0,False,False,False
28741,11,81,True,0,0,0,0,False,False,False
28801,11,81,True,0,0,0,0,False,False,False
28861,11,81,True,0,0,0,0,False,False,False
28921,11,81,True,0,0,0,0,False,False,False
28981,11,81,True,0,0,0,0,False,False,False
29041,11,81,True,0,0,0,0,False,False,False
29101,11,81,True,0,0,0,0,False,False,False
29161,11,81,True,0,0,0,0,False,False,False
31741,100,100,True,1,1,0,1,False,False,False
31801,100,100,True,1,1,0,1,False,False,False
31861,100,100,True,1,1,0,1,False,False,False
31921,100,100,True,1,1,0,1,False,False,False
31981,100,100,True,1,1,0,1,False,False,False
32041,100,100,True,1,1,0,1,False,False,False
32101,100,100,True,1,1,0,1,False,False,False
32161,100,100,True,1,1,0,1,False,False,False
32221,100,100,True,1,1,0,1,False,False,False
32281,100,100,True,1,1,0,1,False,False,False
32341,100,100,True,1,1,0,1,False,False,False
32401,100,100,True,1,1,0,1,False,False,False
32461,100,100,True,1,1,0,1,False,False,False
32521,100,100,True,1,1,0,1,False,False,False
32581,100,100,True,1,1,0,1,False,False,False
32641,100,100,True,1,1,0,1,False,False,False
32701,100,100,True,1,1,0,1,False,False,False
32761,100,100,True,1,1,0,1,False,False,False
32821,100,100,True,1,1,0,1,False,False,False
32881,100,100,True,1,1,0,1,False,False,False
32941,100,100,True,1,1,0,1,False,False,False
33001,100,100,True,0,1,0,1,False,False,False
33061,100,100,True,0,1,0,1,False,False,False
33121,100,100,True,0,1,0,1,False,False,False
33181,100,100,True,0,0,0,1,False,False,False
33241,100,100,True,0,0,0,1,False,False,False
33301,100,100,True,0,0,0,1,False,False,False
33361,100,100,True,0,0,0,1,False,False,False
33421,100,100,True,0,0,0,1,False,False,False
33481,100,100,True,0,0,0,1,False,False,False
33541,100,100,True,0,0,0,1,False,False,False
33601,100,100,True,0,0,0,0,False,False,False
33661,100,100,True,0,0,0,0,False,False,False
33721,100,100,True,0,0,0,0,False,False,False
33781,100,100,True,0,0,0,0,False,False,False
33841,100,100,True,0,0,0,0,False,False,False
33901,100,100,True,0,0,0,0,False,False,False
33961,100,100,True,0,0,0,0,False,False,False
34021,100,100,True,0,0,0,0,False,False,False
34081,100,100,True,0,0,0,0,False,False,False
34141,100,100,True,0,0,0,0,False,False,False
34201,100,100,True,0,0,0,0,False,False,False
34261,100,100,True,0,0,0,0,False,False,False
34321,100,100,True,0,0,0,0,False,False,False
34381,100,100,True,0,0,0,0,False,False,False
34441,100,100,True,0,0,0,0,False,False,False
34501,100,100,True,0,0,0,0,False,False,False
34561,100,100,True,0,0,0,0,False,False,False
34621,100,100,True,0,0,0,0,False,False,False
34681,100,100,True,0,0,0,0,False,False,False
34741,100,100,True,0,0,0,0,False,False,False
34801,100,100,True,0,0,0,0,False,False,False
34861,100,100,True,0,0,0,0,False,False,False
34921,100,100,True,0,0,0,0,False,False,False
34981,100,100,True,0,0,0,0,False,False,False
35041,100,100,True,0,0,0,0,False,False,False
35101,100,100,True,0,0,0,0,False,False,False
35161,100,100,True,0,0,0,0,False,False,False
35221,100,100,True,0,0,0,0,False,False,False
35281,100,100,True,0,0,0,0,False,False,False
35341,100,100,True,0,0,0,0,False,False,False
35401,100,100,True,0,0,0,0,False,False,False
35461,100,100,True,0,0,0,0,False,False,False
35521,100,100,True,0,0,0,0,False,False,False
35581,100,100,True,0,0,0,0,False,False,False
35641,100,100,True,0,0,0,0,False,False,False
36961,100,100,True,1,1,0,1,False,True,False
37021,100,100,True,1,1,0,1,False,True,False
37081,100,100,True,1,1,0,1,False,True,False
37141,100,100,True,1,1,0,1,False,True,False
37201,100,100,True,0,1,0,1,False,True,False
37261,100,100,True,0,1,0,1,False,True,False
37321,100,100,True,0,1,0,1,False,True,False
37381,100,100,True,0,1,0,1,False,True,False
37441,100,100,True,0,1,0,1,False,True,False
37501,100,100,True,0,1,0,1,False,True,False
37561,100,100,True,1,1,0,1,False,True,False
37621,100,100,True,1,1,0,1,False,True,False
37681,100,100,True,1,1,0,1,False,True,False
37741,100,100,True,1,1,0,1,False,True,False
37801,100,100,True,1,1,0,1,False,True,False
37861,100,100,True,1,1,0,1,False,True,False
37921,100,100,True,1,1,0,1,False,True,False
37981,100,100,True,1,1,0,1,False,True,False
38041,100,100,True,1,1,0,1,False,True,False
38101,100,100,True,1,1,0,1,False,True,False
38161,100,100,True,1,1,0,1,False,True,False
38221,100,100,True,1,1,0,1,False,True,False
38281,100,100,True,1,1,0,1,False,True,False
38341,100,100,True,1,1,0,1,False,True,False
38401,100,100,True,1,1,0,1,False,False,True
38461,100,100,True,1,1,0,1,False,False,True
38521,100,100,True,1,1,0,1,False,False,True
38581,100,100,True,1,1,0,1,False,False,True
38641,100,100,True,1,1,0,0,False,False,True
38701,100,100,True,1,1,0,0,False,False,True
38761,100,100,True,1,1,0,0,False,False,True
38821,100,100,True,1,1,0,0,False,False,True
38881,100,100,True,1,1,0,0,False,False,True
38941,100,100,True,1,1,0,0,False,False,True
39001,100,100,True,1,1,0,0,False,False,True
39061,100,100,True,1,1,0,0,False,False,True
39121,100,100,True,1,1,0,0,False,False,True
39181,100,100,True,1,1,0,0,False,False,True
39241,100,100,True,1,1,0,0,False,False,True
39301,100,100,True,1,1,0,0,False,False,True
39361,100,100,True,1,1,0,0,False,False,True
39421,100,100,True,1,1,0,0,False,False,True
39481,100,100,True,1,1,0,0,False,False,True
39541,100,100,True,1,1,0,0,False,False,True
40921,100,100,True,1,1,0,1,False,True,False
40981,100,100,True,1,1,0,1,False,True,False
41041,100,100,True,1,1,0,1,False,True,False
41101,100,100,True,1,1,0,1,False,True,False
41161,100,100,True,1,1,0,1,False,True,False
41221,100,100,True,1,1,0,1,False,True,False
41281,100,100,True,1,1,0,1,False,True,False
41341,100,100,True,1,1,0,1,False,True,False
41401,100,100,True,1,1,0,1,False,True,False
41461,100,100,True,1,1,0,1,False,True,False
41521,100,100,True,1,1,0,1,False,True,False
41581,100,100,True,1,1,0,1,False,True,False
41641,100,100,True,1,1,0,1,False,True,False
41701,100,100,True,1,0,0,1,False,True,False
41761,100,100,True,1,0,0,1,False,True,False
41821,100,100,True,1,0,0,1,False,True,False
41881,100,100,True,1,0,0,1,False,True,False
41941,100,100,True,1,0,0,1,False,True,False
42001,100,100,True,1,0,0,1,False,True,False
42061,100,100,True,1,0,0,1,False,True,False
42121,100,100,True,0,0,0,1,False,True,False
42181,100,100,True,0,0,0,1,False,True,False
42241,100,100,True,0,0,0,1,False,True,False
42301,100,100,True,0,0,0,1,False,True,False
42361,100,100,True,0,0,0,1,False,True,False
42421,100,100,True,0,0,0,1,False,True,False
42481,100,100,True,0,0,0,1,False,True,False
42541,100,100,True,0,0,0,1,False,True,False
42601,100,100,True,0,0,0,1,False,True,False
42661,100,100,True,0,0,0,1,False,True,False
42721,100,100,True,0,0,0,1,False,True,False
42781,100,100,True,0,0,0,1,False,True,False
42841,100,100,True,0,0,0,1,False,True,False
42901,100,100,True,0,0,0,1,False,True,False
42961,100,100,True,0,0,0,1,False,True,False
43021,100,100,True,0,0,0,1,False,True,False
43081,100,100,True,0,0,0,1,False,True,False
43141,100,100,True,0,0,0,1,False,True,False
43201,100,100,True,0,0,0,1,False,True,False
43261,100,100,True,0,0,0,1,False,False,True
43321,100,100,True,0,0,0,1,False,False,True
43381,100,100,True,0,0,0,1,False,False,True
43441,100,100,True,0,0,0,1,False,False,True
43501,100,100,True,0,0,0,1,False,False,True
43561,100,100,True,0,0,0,1,False,False,True
43621,100,100,True,0,0,0,1,False,False,True
43681,100,100,True,0,0,0,0,False,False,True
43741,100,100,True,0,0,0,0,False,False,True
43801,100,100,True,0,0,0,0,False,False,True
43861,100,100,True,0,0,0,0,False,False,True
43921,100,100,True,0,0,0,0,False,False,True
43981,100,100,True,0,0,0,0,False,False,True
44041,28,92,True,0,0,0,0,False,False,True
44101,2,87,True,0,0,0,0,False,False,True
46921,100,100,True,1,1,0,1,False,False,False
46981,100,100,True,1,1,0,1,False,False,False
47041,100,100,True,0,1,0,1,False,False,False
47101,100,100,True,0,1,0,1,False,False,False
47161,100,100,True,0,1,0,1,False,False,False
47221,100,100,True,0,1,0,1,False,False,False
47281,100,100,True,0,1,0,1,False,False,False
47341,100,100,True,0,1,0,1,False,False,False
47401,100,100,True,0,1,0,1,False,False,False
47461,100,100,True,0,0,0,1,False,False,False
47521,100,100,True,0,0,0,1,False,False,False
47581,100,100,True,0,0,0,1,False,False,False
47641,100,100,True,0,0,0,1,False,False,False
47701,100,100,True,0,0,0,1,False,False,False
47761,100,100,True,0,0,0,1,False,False,False
47821,100,100,True,0,0,0,1,False,False,False
50761,100,100,True,1,1,0,1,False,False,False
50821,100,100,True,0,1,0,1,False,False,False
50881,100,100,True,0,1,0,1,False,False,False
50941,100,100,True,0,1,0,1,False,False,False
51001,100,100,True,0,1,0,1,False,False,False
51061,100,100,True,0,1,0,1,False,False,False
51121,100,100,True,0,1,0,1,False,False,False
51181,100,100,True,0,1,0,1,False,False,False
51241,100,100,True,0,1,0,1,False,False,False
51301,100,100,True,0,1,0,1,False,False,False
51361,100,100,True,0,1,0,1,False,False,False
51421,100,100,True,0,1,0,1,False,False,False
51481,100,100,True,0,1,0,1,False,False,False
51541,100,100,True,0,1,0,1,False,False,False
51601,100,100,True,0,1,0,1,False,False,False
51661,100,100,True,0,1,0,1,False,False,False
51721,100,100,True,0,1,0,1,False,False,False
51781,100,100,True,0,1,0,1,False,False,False
51841,100,100,True,0,1,0,1,False,False,False
51901,100,100,True,0,1,0,1,False,False,False
51961,100,100,True,0,1,0,1,False,False,False
52021,100,100,True,0,1,0,0,False,False,False
52081,100,100,True,0,1,0,0,False,False,False
52141,100,100,True,0,0,0,0,False,False,False
52201,100,100,True,0,0,0,0,False,False,False
52261,100,100,True,0,0,0,0,False,False,False
52321,100,100,True,0,0,0,0,False,False,False
52381,100,100,True,0,0,0,0,False,False,False
52441,100,100,True,0,0,0,0,False,False,False
52501,100,100,True,0,0,0,0,False,False,False
52561,100,100,True,0,0,0,0,False,False,False
52621,100,100,True,0,0,0,0,False,False,False
52681,100,100,True,0,0,0,0,False,False,False
52741,100,100,True,0,0,0,0,False,False,False
52801,100,100,True,0,0,0,0,False,False,False
52861,100,100,True,0,0,0,0,False,False,False
52921,100,100,True,0,0,0,0,False,False,True
52981,100,100,True,0,0,0,0,False,False,True
53041,100,100,True,0,0,0,0,False,False,True
53101,100,100,True,0,0,0,0,False,False,True
53161,100,100,True,0,0,0,0,False,False,True
53221,100,100,True,0,0,0,0,False,False,True
53281,100,100,True,0,0,0,0,False,False,True
53341,100,100,True,0,0,0,0,False,False,True
53401,100,100,True,0,0,0,0,False,False,True
54721,100,100,True,1,1,0,1,False,False,False
54781,100,100,True,1,1,0,1,False,False,False
54841,100,100,True,1,1,0,1,False,False,False
54901,100,100,True,1,0,0,1,False,False,False
54961,100,100,True,1,0,0,1,False,False,False
55021,100,100,True,1,0,0,1,False,False,False
55081,100,100,True,1,0,0,1,False,False,False
55141,100,100,True,1,0,0,1,False,False,False
55201,100,100,True,1,0,0,1,False,False,False
55261,100,100,True,1,0,0,1,False,False,False
55321,100,100,True,1,0,0,1,False,False,False
55381,100,100,True,1,0,0,1,False,False,False
55441,100,100,True,1,0,0,1,False,False,False
55501,100,100,True,1,0,0,1,False,False,False
55561,100,100,True,0,0,0,1,False,False,False
55621,100,100,True,0,0,0,1,False,False,False
55681,100,100,True,0,0,0,1,False,False,False
55741,100,100,True,0,0,0,1,False,False,False
55801,100,100,True,0,0,0,1,False,False,False
55861,100,100,True,0,0,0,1,False,False,False
55921,20,84,True,0,0,0,1,False,False,False
55981,20,84,True,0,0,0,1,False,False,False
56041,20,84,True,0,0,0,1,False,False,False
56101,20,84,True,0,0,0,1,False,False,False
56161,20,84,True,0,0,0,1,False,False,False
56221,20,84,True,0,0,0,1,False,False,False
56281,20,84,True,0,0,0,1,False,False,False
56341,20,84,True,0,1,0,1,False,False,False
56401,20,84,True,0,1,0,1,False,False,False
56461,20,84,True,0,0,0,1,False,False,False
56521,20,84,True,0,0,0,1,False,False,False
56581,20,84,True,0,0,0,1,False,False,False
56641,20,84,True,0,0,0,1,False,False,False
56701,20,84,True,0,0,0,1,False,False,False
56761,20,84,True,0,0,0,1,False,False,False
56821,20,84,True,0,0,0,1,False,False,False
56881,20,84,True,0,0,0,1,False,False,False
56941,20,84,True,0,0,0,1,False,False,False
57001,20,84,True,0,0,0,1,False,False,False
57061,20,84,True,0,0,0,1,False,False,False
57121,20,84,True,0,0,0,1,False,False,False
57181,20,84,True,0,0,0,1,False,False,False
57241,20,84,True,0,0,0,1,False,False,False
57301,20,84,True,0,0,0,1,False,False,False
57361,20,84,True,0,0,0,1,False,False,False
57421,20,84,True,0,0,0,1,False,False,False
57481,20,84,True,0,0,0,1,False,False,False
57541,20,84,True,0,0,0,1,False,False,False
57601,20,84,True,0,0,0,1,False,False,False
57661,20,84,True,0,0,0,1,False,False,False
57721,20,84,True,0,0,0,1,False,False,False
57781,20,84,True,0,0,0,1,False,False,False
57841,20,84,True,0,0,0,1,False,False,False
57901,20,84,True,0,0,0,1,False,False,False
57961,20,84,True,0,0,0,1,False,False,False
58021,20,84,True,0,0,0,1,False,False,False
58081,20,84,True,0,0,0,1,False,False,True
58141,20,84,True,0,0,0,1,False,False,True
58201,20,84,True,0,0,0,1,False,False,True
58261,20,84,True,0,0,0,1,False,False,True
60961,100,100,True,1,1,0,1,False,False,False
61021,100,100,True,1,1,0,1,False,True,False
61081,100,100,True,1,1,0,1,False,True,False
61141,100,100,True,1,1,0,1,False,True,False
61201,100,100,True,1,1,0,1,False,True,False
61261,100,100,True,0,1,0,1,False,True,False
61321,100,100,True,0,1,0,1,False,True,False
61381,100,100,True,0,1,0,1,False,False,False
61441,100,100,True,0,1,0,1,False,False,False
61501,100,100,True,0,1,0,1,False,False,False
61561,100,100,True,0,1,0,1,False,False,False
61621,100,100,True,0,1,0,1,False,False,False
61681,100,100,True,0,1,0,1,False,False,False
61741,100,100,True,0,1,0,1,False,False,False
61801,100,100,True,0,1,0,1,False,False,False
61861,100,100,True,0,1,0,1,False,False,False
61921,100,100,True,0,1,0,1,False,False,False
61981,100,100,True,0,1,0,1,False,False,False
62041,100,100,True,0,1,0,1,False,False,False
62101,100,100,True,0,1,0,1,False,False,False
62161,100,100,True,0,1,0,1,False,False,False
62221,100,100,True,0,1,0,1,False,False,False
62281,100,100,True,0,1,0,1,False,False,False
62341,100,100,True,0,0,0,1,False,False,False
62401,93,100,True,0,0,0,1,False,False,False
62461,90,100,True,0,0,0,1,False,False,False
62521,90,100,True,0,0,0,1,False,False,False
62581,90,100,True,0,0,0,1,False,False,False
62641,90,100,True,0,0,0,1,False,False,False
62701,90,100,True,0,0,0,0,False,False,False
62761,90,100,True,0,0,0,0,False,False,False
62821,90,100,True,0,0,0,0,False,False,False
62881,90,100,True,0,0,0,0,False,False,False
62941,90,100,True,0,0,0,0,False,False,False
63001,90,100,True,0,0,0,0,False,False,False
63061,90,100,True,0,0,0,0,False,False,False
63121,90,100,True,0,0,0,0,False,False,False
63181,90,100,True,0,0,0,0,False,False,False
63241,90,100,True,0,0,0,0,False,False,False
63301,90,100,True,0,0,0,0,False,False,False
63361,90,100,True,0,0,0,0,False,False,False
63421,90,100,True,0,0,0,0,False,False,False
63481,90,100,True,0,0,0,0,False,False,False
63541,90,100,True,0,0,0,0,False,False,False
63601,53,99,True,0,0,0,0,False,False,False
63661,53,99,True,0,0,0,0,False,False,False
63721,53,99,True,0,0,0,0,False,False,False
63781,53,99,True,0,0,0,0,False,False,False
63841,53,99,True,0,0,0,0,False,False,False
63901,53,99,True,0,0,0,0,False,False,False
63961,53,99,True,0,0,0,0,False,False,False
64021,53,99,True,0,0,0,0,False,False,False
64081,53,99,True,0,0,0,0,False,False,False
64141,22,99,True,0,0,0,0,False,False,False
64201,22,99,True,0,0,0,0,False,False,False
64261,22,99,True,0,0,0,0,False,False,False
64321,22,99,True,0,0,0,0,False,False,False
64381,22,99,True,0,0,0,0,False,False,False
64441,22,99,True,0,0,0,0,False,False,False
64501,22,99,True,0,0,0,0,False,False,False
64561,22,99,True,0,0,0,0,False,False,False
64621,22,99,True,0,0,0,0,False,False,False
64681,22,99,True,0,0,0,0,False,False,False
64741,22,99,True,0,0,0,0,False,False,False
64801,22,99,True,0,0,0,0,False,False,False
64861,22,99,True,0,0,0,0,False,False,False
64921,22,99,True,0,0,0,0,False,False,False
67261,100,100,True,1,1,0,1,False,True,False
67321,100,100,True,1,1,0,1,False,True,False
67381,100,100,True,1,1,0,1,False,True,False
67441,100,100,True,1,1,0,1,False,True,False
67501,100,100,True,1,1,0,1,False,True,False
67561,100,100,True,0,1,0,1,False,True,False
67621,100,100,True,1,1,0,1,False,True,False
67681,100,100,True,1,1,0,1,False,True,False
67741,100,100,True,1,1,0,1,False,True,False
67801,100,100,True,1,1,0,1,False,True,False
67861,100,100,True,1,1,0,1,False,True,False
67921,100,100,True,1,1,0,1,False,True,False
67981,100,100,True,1,1,0,1,False,True,False
68041,100,100,True,1,1,0,1,False,True,False
68101,100,100,True,1,1,0,1,False,True,False
68161,100,100,True,1,1,0,1,False,True,False
68221,100,100,True,1,1,0,1,False,True,False
68281,100,100,True,1,1,0,1,False,True,False
68341,100,100,True,1,1,0,1,False,True,False
68401,100,100,True,1,1,0,0,False,True,False
68461,100,100,True,1,1,0,0,False,True,False
68521,100,100,True,1,1,0,0,False,True,False
68581,100,100,True,1,1,0,0,False,True,False
68641,100,100,True,1,1,0,0,False,True,False
68701,100,100,True,1,1,0,0,False,True,False
68761,100,100,True,1,1,0,0,False,True,False
68821,100,100,True,0,1,0,0,False,True,False
68881,100,100,True,0,1,0,0,False,True,False
68941,100,100,True,0,1,0,0,False,True,False
69001,100,100,True,0,1,0,0,False,True,False
69061,100,100,True,0,1,0,0,False,True,False
69121,100,100,True,0,1,0,0,False,False,True
69181,100,100,True,0,1,0,0,False,False,True
69241,100,100,True,0,1,0,0,False,False,True
69301,100,100,True,0,1,0,0,False,False,True
69361,100,100,True,0,1,0,0,False,False,True
69421,100,100,True,0,1,0,0,False,False,True
69481,100,100,True,0,1,0,0,False,False,True
69541,100,100,True,0,1,0,0,False,False,True
69601,100,100,True,0,1,0,0,False,False,True
69661,100,100,True,0,1,0,0,False,False,True
69721,100,100,True,0,1,0,0,False,False,True
69781,100,100,True,0,1,0,0,False,False,True
69841,100,100,True,0,1,0,0,False,False,True
69901,100,100,True,0,1,0,0,False,False,True
69961,100,100,True,0,1,0,0,False,False,True
70021,100,100,True,0,1,0,0,False,False,True
70081,100,100,True,0,1,0,0,False,False,True
70141,100,100,True,0,1,0,0,False,False,True
70201,100,100,True,0,1,0,0,False,False,True
70261,100,100,True,0,1,0,0,False,False,True
70321,100,100,True,0,1,0,0,False,False,True
70381,100,100,True,0,1,0,0,False,False,True
70441,100,100,True,0,1,0,0,False,False,True
72181,100,100,False,0,0,1,0,False,False,False
72241,100,100,False,0,0,1,0,False,False,False
72301,100,100,False,0,0,1,0,False,False,False
72361,100,100,False,0,0,1,0,False,False,False
72421,100,100,False,0,0,1,0,False,False,False
72481,100,100,False,0,0,1,0,False,False,False
72541,100,100,False,0,0,1,0,False,False,False
72601,100,100,False,0,0,1,0,False,False,False
72661,100,100,False,0,0,1,0,False,False,False
72721,100,100,False,0,0,0,0,False,False,False
72781,100,100,False,0,0,0,0,False,False,False
72841,100,100,False,0,0,0,0,False,False,False
72901,100,100,False,0,0,0,0,False,False,False
72961,100,100,False,0,0,0,0,False,False,False
73021,100,100,False,0,0,0,0,False,False,False
73081,100,100,False,0,0,0,0,False,False,False
73141,100,100,False,0,0,0,0,False,False,False
73201,100,100,False,0,0,0,0,False,False,False
73261,100,100,False,0,0,0,0,False,False,False
73321,100,100,False,0,0,0,0,False,False,False
73381,100,100,False,0,0,0,0,False,False,False
73441,100,100,False,0,0,0,0,False,False,False
73501,100,100,False,0,0,0,0,False,False,False
73561,100,100,False,0,0,0,0,False,False,False
73621,100,100,False,0,0,0,0,False,False,False
73681,100,100,False,0,0,0,0,False,False,False
73741,100,100,False,0,0,0,0,False,False,False
73801,100,100,False,0,0,0,0,False,False,False
73861,100,100,False,0,0,0,0,False,False,False
73921,100,100,False,0,0,0,0,False,False,False
73981,100,100,False,0,0,0,0,False,False,False
74041,100,100,False,0,0,0,0,False,False,False
74101,100,100,False,0,0,0,0,False,False,False
74161,100,100,False,0,0,0,0,False,False,False
74221,100,100,False,0,0,0,0,False,False,False
74281,100,100,False,0,0,0,0,False,False,False
74341,100,100,False,0,0,0,0,False,False,False
74401,100,100,False,0,0,0,0,False,False,False
74461,100,100,False,0,0,0,0,False,False,False
74521,100,100,False,0,0,0,0,False,False,False
74581,100,100,False,0,0,0,0,False,False,False
74641,100,100,False,0,0,0,0,False,False,False
74701,100,100,False,0,0,0,0,False,False,False
74761,100,100,False,0,0,0,0,False,False,False
74821,100,100,False,0,0,0,0,False,False,False
74881,100,100,False,0,0,0,0,False,False,False
74941,100,100,False,0,0,0,0,False,False,False
75001,100,100,False,0,0,0,0,False,False,False
75061,100,100,False,0,0,0,0,False,False,False
75121,100,100,False,0,0,0,0,False,False,False
75181,100,100,False,0,0,0,0,False,False,False
75241,100,100,False,0,0,0,0,False,False,False
75301,100,100,False,0,0,0,0,False,False,False
75361,100,100,False,0,0,0,0,False,False,False
75421,100,100,False,0,0,0,0,False,False,False
75481,100,100,False,0,0,0,0,False,False,False
75541,100,100,False,0,0,0,0,False,False,False
75601,100,100,False,0,0,0,0,False,False,False
75661,100,100,False,0,0,0,0,False,False,False
75721,100,100,False,0,0,0,0,False,False,False
75781,100,100,False,0,0,0,0,False,False,False
75841,100,100,False,0,0,0,0,False,False,False
75901,100,100,False,0,0,0,0,False,False,False
75961,100,100,False,0,0,0,0,False,False,False
76021,100,100,False,0,0,0,0,False,False,False
76081,100,100,False,0,0,0,0,False,False,False
76141,100,100,False,0,0,0,0,False,False,False
76201,100,100,False,0,0,0,0,False,False,False
76261,100,100,False,0,0,0,0,False,False,False
76321,100,100,False,0,0,0,0,False,False,False
76381,100,100,False,0,0,0,0,False,False,False
76441,100,100,False,0,0,0,0,False,False,False
76501,100,100,False,0,0,0,0,False,False,False
76561,100,100,False,0,0,0,0,False,False,False
76621,100,100,False,0,0,0,0,False,False,False
76681,100,100,False,0,0,0,0,False,False,False
76741,100,100,False,0,0,0,0,False,False,False
76801,100,100,False,0,0,0,0,False,False,False
76861,100,100,False,0,0,0,0,False,False,False
76921,100,100,False,0,0,0,0,False,False,False
76981,100,100,False,0,0,0,0,False,False,False
77041,100,100,False,0,0,0,0,False,False,False
77101,100,100,False,0,0,0,0,False,False,False
77161,100,100,False,0,0,0,0,False,False,False
77221,100,100,False,0,0,0,0,False,False,False
77281,100,100,False,0,0,0,0,False,False,False
77341,100,100,False,0,0,0,0,False,False,False
78661,100,100,True,1,0,0,0,False,False,False
78721,100,100,True,1,0,0,0,False,False,False
78781,100,100,True,1,0,0,0,False,False,False
78841,100,100,True,1,0,0,0,False,False,False
78901,100,100,True,1,0,0,0,False,False,False
78961,100,100,True,1,0,0,0,False,False,False
79021,100,100,True,1,0,0,0,False,False,False
79081,100,100,True,0,0,0,0,False,False,False
79141,100,100,True,0,0,0,0,False,False,False
79201,100,100,True,0,0,0,0,False,False,False
79261,100,100,True,0,0,0,0,False,False,False
79321,100,100,True,0,0,0,0,False,False,False
79381,100,100,True,0,0,0,0,False,False,False
79441,100,100,True,0,0,0,0,False,False,False
79501,100,100,True,0,0,0,0,False,False,False
79561,100,100,True,0,0,0,0,False,False,False
79621,100,100,True,0,0,0,0,False,False,False
79681,100,100,True,0,0,0,0,False,False,False
79741,100,100,True,0,1,0,0,False,False,False
79801,100,100,True,0,1,0,0,False,False,False
79861,100,100,True,0,1,0,0,False,False,False
79921,100,100,True,0,1,0,0,False,False,False
79981,100,100,True,0,1,0,0,False,False,False
80041,100,100,True,0,0,0,0,False,False,False
80101,100,100,True,0,0,0,0,False,False,False
80161,100,100,True,0,0,0,0,False,False,False
80221,57,97,True,0,0,0,0,False,False,False
80281,57,97,True,0,0,0,0,False,False,False
80341,2,93,True,0,0,0,0,False,False,False
80401,2,93,True,0,0,0,0,False,False,False
80461,2,93,True,0,0,0,0,False,False,False
80521,2,93,True,0,0,0,0,False,False,False
80581,2,93,True,0,0,0,0,False,False,False
80641,2,93,True,0,0,0,0,False,False,False
80701,2,93,True,0,0,0,0,False,False,False
80761,2,93,True,0,0,0,0,False,False,False
80821,2,93,True,0,0,0,0,False,False,False
80881,2,93,True,0,0,0,0,False,False,False
80941,2,93,True,0,0,0,0,False,False,False
81001,2,93,True,0,0,0,0,False,False,False
81061,2,93,True,0,0,0,0,False,False,False
81121,2,93,True,0,0,0,0,False,False,False
81181,2,93,True,0,0,0,0,False,False,False
81241,2,93,True,0,0,0,0,False,False,False
81301,2,93,True,0,0,0,0,False,False,False
81361,2,93,True,0,0,0,0,False,False,False
81421,2,93,True,0,0,0,0,False,False,False
81481,2,93,True,0,0,0,0,False,False,False
81541,2,93,True,0,0,0,0,False,False,False
81601,2,93,True,0,0,0,0,False,False,False
81661,2,93,True,0,0,0,0,False,False,False
81721,2,93,True,0,0,0,0,False,False,False
81781,2,93,True,0,0,0,0,False,False,False
81841,2,93,True,0,0,0,0,False,False,False
81901,2,93,True,0,0,0,0,False,False,False
81961,2,93,True,0,0,0,0,False,False,False
82021,2,93,True,0,0,0,0,False,False,False
82081,2,93,True,0,0,0,0,False,False,False
82141,2,93,True,0,0,0,0,False,False,False
82201,2,93,True,0,0,0,0,False,False,False
82261,2,93,True,0,0,0,0,False,False,False
82321,2,93,True,0,0,0,0,False,False,False
82381,2,93,True,0,0,0,0,False,False,False
82441,2,93,True,0,0,0,0,False,False,False
82501,2,93,True,0,0,0,0,False,False,False
82561,2,93,True,0,0,0,0,False,False,False
82621,2,93,True,0,0,0,0,False,False,False
82681,2,93,True,0,0,0,0,False,False,False
82741,2,93,True,0,0,0,0,False,False,False
82801,2,93,True,0,0,0,0,False,False,False
82861,2,93,True,0,0,0,0,False,False,False
82921,2,93,True,0,0,0,0,False,False,False
82981,2,93,True,0,0,0,0,False,False,False
83041,2,93,True,0,0,0,0,False,False,False
83101,2,93,True,0,0,0,0,False,False,False
83161,2,93,True,0,0,0,0,False,False,False
83221,2,93,True,0,0,0,0,False,False,False
83281,2,93,True,0,0,0,0,False,False,False
83341,2,93,True,0,0,0,0,False,False,False
83401,2,93,True,0,0,0,0,False,False,False
83461,2,93,True,0,0,0,0,False,False,False
86521,100,100,True,0,0,1,0,False,False,False
86581,100,100,True,0,0,1,0,False,False,False
86641,100,100,True,0,0,1,0,False,False,False
86701,100,100,True,0,0,1,0,False,False,False
86761,100,100,True,0,0,1,0,False,False,False
86821,100,100,True,0,0,1,0,False,False,False
86881,100,100,True,0,0,1,0,False,False,False
86941,100,100,True,0,0,1,0,False,False,False
87001,100,100,True,0,0,0,0,False,False,False
87061,100,100,True,0,0,0,0,False,False,False
87121,100,100,True,0,0,0,0,False,False,False
87181,100,100,True,0,0,0,0,False,False,False
87241,100,100,True,0,0,0,0,False,False,False
87301,100,100,True,0,0,0,0,False,False,False
87361,100,100,True,0,0,0,0,False,False,False
87421,100,100,True,0,0,0,0,False,False,False
87481,100,100,True,0,0,0,0,False,False,False
87541,10,87,True,0,0,0,0,False,False,False
87601,10,87,True,0,0,0,0,False,False,False
87661,10,87,True,0,0,0,0,False,False,False
87721,10,87,True,0,0,0,0,False,False,False
87781,10,87,True,0,0,0,0,False,False,False
87841,10,87,True,0,0,0,0,False,False,False
87901,10,87,True,0,0,0,0,False,False,False
87961,10,87,True,0,0,0,0,False,False,False
88021,10,87,True,0,0,0,0,False,False,False
88081,10,87,True,0,0,0,0,False,False,False
88141,10,87,True,0,0,0,0,False,False,False
88201,10,87,True,0,0,0,0,False,False,False
88261,10,87,True,0,0,0,0,False,False,False
88321,10,87,True,0,0,0,0,False,False,False
88381,10,87,True,0,0,0,0,False,False,False
88441,10,87,True,0,0,0,0,False,False,False
88501,10,87,True,0,0,0,0,False,False,False
88561,10,87,True,0,0,0,0,False,False,False
88621,10,87,True,0,0,0,0,False,False,False
88681,10,87,True,0,0,0,0,False,False,False
88741,10,87,True,0,0,0,0,False,False,False
88801,10,87,True,0,0,0,0,False,False,False
88861,10,87,True,0,0,0,0,False,False,False
88921,10,87,True,0,0,0,0,False,False,False
88981,10,87,True,0,0,0,0,False,False,False
89041,10,87,True,0,0,0,0,False,False,False
89101,10,87,True,0,0,0,0,False,False,False
89161,10,87,True,0,0,0,0,False,False,False
89221,10,87,True,0,0,0,0,False,False,False
89281,10,87,True,0,0,0,0,False,False,False
89341,10,87,True,0,0,0,0,False,False,False
89401,10,87,True,0,0,0,0,False,False,False
89461,10,87,True,0,0,0,0,False,False,False
89521,10,87,True,0,0,0,0,False,False,False
89581,10,87,True,0,0,0,0,False,False,False
89641,10,87,True,0,0,0,0,False,False,False
89701,10,87,True,0,0,0,0,False,False,False
89761,10,87,True,0,0,0,0,False,False,False
89821,10,87,True,0,0,0,0,False,False,False
89881,10,87,True,0,0,0,0,False,False,False
89941,10,87,True,0,0,0,0,False,False,False
90001,10,87,True,0,0,0,0,False,False,False
90061,10,87,True,0,0,0,0,False,False,False
90121,10,87,True,0,0,0,0,False,False,False
90181,10,87,True,0,0,0,0,False,False,False
90241,10,87,True,0,0,0,0,False,False,False
90301,10,87,True,0,0,0,0,False,False,False
90361,10,87,True,0,0,0,0,False,False,True
90421,10,87,True,0,0,0,0,False,False,True
90481,10,87,True,0,0,0,0,False,False,True
90541,10,87,True,0,0,0,0,False,False,True
90601,10,87,True,0,0,0,0,False,False,True
90661,10,87,True,0,0,0,0,False,False,True
90721,10,87,True,0,0,0,0,False,False,True
90781,10,87,True,0,0,0,0,False,False,True
90841,10,87,True,0,0,0,0,False,False,True
90901,10,87,True,0,0,0,0,False,False,True
90961,10,87,True,0,0,0,0,False,False,True
91021,10,87,True,0,0,0,0,False,False,True
91081,10,87,True,0,0,0,0,False,False,True
91141,10,87,True,0,0,0,0,False,False,True
91201,10,87,True,0,0,0,0,False,False,True
91261,10,87,True,0,0,0,0,False,False,True
91321,10,87,True,0,0,0,0,False,False,True
91381,10,87,True,0,0,0,0,False,False,True
91441,10,87,True,0,0,0,0,False,False,True
91501,10,87,True,0,0,0,0,False,False,True
91561,10,87,True,0,0,0,0,False,False,True
91621,10,87,True,0,0,0,0,False,False,True
91681,10,87,True,0,0,0,0,False,False,True
91741,10,87,True,0,0,0,0,False,False,True
91801,10,87,True,0,0,0,0,False,False,True
91861,10,87,True,0,0,0,0,False,False,True
91921,10,87,True,0,0,0,0,False,False,True
91981,10,87,True,0,0,0,0,False,False,True
92041,10,87,True,0,0,0,0,False,False,True
92101,10,87,True,0,0,0,0,False,False,True
92161,10,87,True,0,0,0,0,False,False,True
92221,10,87,True,0,0,0,0,False,False,True
92281,10,87,True,0,0,0,0,False,False,True
92341,10,87,True,0,0,0,0,False,False,True
92401,10,87,True,0,0,0,0,False,False,True
92461,10,87,True,0,0,0,0,False,False,True
92521,10,87,True,0,0,0,0,False,False,True
92581,10,87,True,0,0,0,0,False,False,True
92641,10,87,True,0,0,0,0,False,False,True
92701,10,87,True,0,0,0,0,False,False,True
92761,10,87,True,0,0,0,0,False,False,True
92821,10,87,True,0,0,0,0,False,False,True
92881,10,87,True,0,0,0,0,False,False,True
92941,10,87,True,0,0,0,0,False,False,True
93001,6,83,True,0,0,0,0,False,False,False
93061,6,83,True,0,0,0,0,False,False,False
93121,6,83,True,0,0,0,0,False,False,False
93181,6,83,True,0,0,0,0,False,False,False
93241,6,83,True,0,0,0,0,False,False,False
93301,6,83,True,0,0,0,0,False,False,False
93361,6,83,True,0,0,0,0,False,False,False
94741,100,83,True,1,0,0,0,False,False,False
94801,100,83,True,1,0,0,0,False,False,False
94861,100,83,True,1,0,0,0,False,False,False
94921,100,83,True,1,0,0,0,False,False,False
94981,100,83,True,1,0,0,0,False,False,False
95041,100,83,True,1,0,0,0,False,False,False
95101,100,83,True,1,0,0,0,False,False,False
95161,100,83,True,1,0,0,0,False,False,False
95221,100,83,True,1,0,0,0,False,False,False
95281,100,83,True,0,0,0,0,False,False,False
95341,100,83,True,0,0,0,0,False,False,False
95401,100,83,True,0,0,0,0,False,False,False
95461,100,83,True,0,0,0,0,False,False,False
95521,100,83,True,0,0,0,0,False,False,False
95581,100,83,True,0,0,0,0,False,False,False
95641,100,83,True,0,0,0,0,False,False,False
95701,100,83,True,0,0,0,0,False,False,False
95761,100,83,True,0,0,0,0,False,False,False
95821,100,83,True,0,0,0,0,False,False,False
95881,100,83,True,0,0,0,0,False,False,False
95941,100,83,True,0,0,0,0,False,False,False
96001,100,83,True,0,0,0,0,False,False,False
96061,100,83,True,0,0,0,0,False,False,False
96121,100,83,True,0,0,0,0,False,False,False
96181,48,80,True,0,0,0,0,False,False,False
96241,21,77,True,0,0,0,0,False,False,False
96301,4,66,True,0,0,0,0,False,False,False
96361,4,66,True,0,0,0,0,False,False,False
96421,4,66,True,0,0,0,0,False,False,False
96481,4,66,True,0,0,0,0,False,False,False
96541,4,66,True,0,0,0,0,False,False,False
96601,4,66,True,0,0,0,0,False,False,False
96661,4,66,True,0,0,0,0,False,False,False
96721,4,66,True,0,0,0,0,False,False,False
96781,4,66,True,0,0,0,0,False,False,False
96841,4,66,True,0,0,0,0,False,False,False
96901,4,66,True,0,0,0,0,False,False,False
99181,100,100,False,0,0,0,0,False,False,False
99241,100,100,False,0,0,0,0,False,False,False
99301,100,100,False,0,0,0,0,False,False,False
99361,100,100,False,0,0,0,0,False,False,False
99421,100,100,False,0,0,0,0,False,False,False
99481,100,100,False,0,0,0,0,False,False,False
99541,100,100,False,0,0,0,0,False,False,False
99601,100,100,False,0,0,0,0,False,False,False
99661,100,100,False,0,0,0,0,False,False,False
99721,100,100,False,0,0,0,0,False,False,False
99781,100,100,False,0,0,0,0,False,False,False
99841,100,100,False,0,0,0,0,False,False,False
99901,100,100,False,0,0,0,0,False,False,False
99961,100,100,False,0,0,0,0,False,False,False
100021,100,100,False,0,0,0,0,False,False,False
100081,100,100,False,0,0,0,0,False,False,False
100141,100,100,False,0,0,0,0,False,False,False
100201,100,100,False,0,0,0,0,False,False,False
100261,100,100,False,0,0,0,0,False,False,False
100321,100,100,False,0,0,0,0,False,False,False
100381,100,100,False,0,0,0,0,False,False,False
100441,100,100,False,0,0,0,0,False,False,False
100501,100,100,False,0,0,0,0,False,False,False
100561,100,100,False,0,0,0,0,False,False,False
100621,100,100,False,0,0,0,0,False,False,False
100681,100,100,False,0,0,0,0,False,False,False
100741,100,100,False,0,0,0,0,False,False,False
100801,100,100,False,0,0,0,0,False,False,False
100861,100,100,False,0,0,0,0,False,False,False
100921,100,100,False,0,0,0,0,False,False,False
100981,100,100,False,0,0,0,0,False,False,False
101041,100,100,False,0,0,0,0,False,False,False
101101,100,100,False,0,0,0,0,False,False,False
101161,100,100,False,0,0,0,0,False,False,False
101221,100,100,False,0,0,0,0,False,False,False
101281,100,100,False,0,0,0,0,False,False,False
101341,100,100,False,0,0,0,0,False,False,False
101401,100,100,False,0,0,0,0,False,False,False
101461,100,100,False,0,0,0,0,False,False,False
101521,100,100,False,0,0,0,0,False,False,False
101581,100,100,False,0,0,0,0,False,False,False
101641,100,100,False,0,0,0,0,False,False,False
101701,100,100,False,0,0,0,0,False,False,False
101761,100,100,False,0,0,0,0,False,False,False
101821,100,100,False,0,0,0,0,False,False,False
101881,100,100,False,0,0,0,0,False,False,False
101941,81,98,False,0,0,0,0,False,False,False
102001,81,98,False,0,0,0,0,False,False,False
102061,81,98,False,0,0,0,0,False,False,False
102121,81,98,False,0,0,0,0,False,False,False
102181,81,98,False,0,0,0,0,False,False,False
102241,81,98,False,0,0,0,0,False,False,False
102301,81,98,False,0,0,0,0,False,False,False
102361,81,98,False,0,0,0,0,False,False,False
102421,81,98,False,0,0,0,0,False,False,False
102481,81,98,False,0,0,0,0,False,False,False
102541,81,98,False,0,0,0,0,False,False,False
102601,81,98,False,0,0,0,0,False,False,False
102661,81,98,False,0,0,0,0,False,False,False
102721,81,98,False,0,0,0,0,False,False,False
102781,81,98,False,0,0,0,0,False,False,False
102841,81,98,False,0,0,0,0,False,False,False
102901,81,98,False,0,0,0,0,False,False,False
102961,81,98,False,0,0,0,0,False,False,False
103021,65,98,False,0,0,0,0,False,False,True
103081,65,98,False,0,0,0,0,False,False,True
103141,65,98,False,0,0,0,0,False,False,True
103201,52,90,False,0,0,0,0,False,False,True
103261,52,90,False,0,0,0,0,False,False,True
103321,52,90,False,0,0,0,0,False,False,True
103381,52,90,False,0,0,0,0,False,False,True
103441,52,90,False,0,0,0,0,False,False,True
103501,52,90,False,0,0,0,0,False,False,True
103561,52,90,False,0,0,0,0,False,False,True
103621,52,90,False,0,0,0,0,False,False,True
103681,52,90,False,0,0,0,0,False,False,True
105661,100,100,False,1,1,1,1,True,False,False
105721,100,100,False,1,1,1,1,True,False,False
105781,100,100,False,1,1,1,1,True,False,False
105841,100,100,False,1,1,1,1,True,False,False
105901,100,100,False,1,1,1,1,True,False,False
105961,100,100,False,1,1,1,1,True,False,False
106021,100,100,False,1,1,1,1,True,False,False
106081,100,100,False,1,1,1,1,True,False,False
106141,100,100,False,1,1,1,1,True,False,False
106201,100,100,False,1,1,1,0,True,False,False
106261,100,100,False,1,1,1,0,True,False,False
106321,100,100,False,1,1,1,0,True,False,False
106381,100,100,False,1,1,1,0,True,False,False
106441,100,100,False,1,1,1,0,True,False,False
106501,100,100,False,1,1,1,0,True,False,False
106561,100,100,False,1,1,1,0,True,False,False
106621,100,100,False,1,1,1,0,True,False,False
106681,100,100,False,1,1,1,0,True,False,False
110521,100,100,True,1,1,1,1,False,False,False
110581,100,100,True,1,1,1,1,True,False,False
110641,100,100,True,1,1,1,1,True,False,False
110701,100,100,True,1,1,1,1,True,False,False
110761,100,100,True,1,1,1,1,True,False,False
110821,100,100,True,1,1,1,1,True,False,False
110881,100,100,True,1,1,1,1,True,False,False
110941,100,100,True,1,1,1,1,True,False,False
111001,100,100,True,1,1,1,1,True,False,False
111061,100,100,True,1,1,1,0,True,False,False
111121,100,100,True,1,1,1,0,True,False,False
111181,100,100,True,1,1,0,0,True,False,False
111241,100,100,True,1,1,0,0,True,False,False
111301,100,100,True,1,1,0,0,True,False,False
111361,100,100,True,0,1,0,0,True,False,False
111421,100,100,True,0,1,0,0,True,False,False
111481,100,100,True,0,1,0,0,True,False,False
111541,100,100,True,0,1,0,0,True,False,False
111601,100,100,True,0,1,0,0,True,False,False
111661,100,100,True,0,1,0,0,True,False,False
111721,100,100,True,0,1,0,0,True,False,False
111781,100,100,True,0,1,0,0,True,False,False
111841,100,100,True,0,1,0,0,True,False,False
111901,100,100,True,0,1,0,0,True,False,False
111961,100,100,True,0,1,0,0,True,False,False
112021,100,100,True,0,1,0,0,True,False,False
112081,100,100,True,0,1,0,0,True,False,False
112141,100,100,True,0,1,0,0,True,False,False
112201,100,100,True,0,1,0,0,True,False,False
112261,100,100,True,0,1,0,0,True,False,False
112321,100,100,True,0,1,0,0,True,False,False
112381,100,100,True,0,1,0,0,True,False,False
112441,100,100,True,0,1,0,0,True,False,False
112501,100,100,True,0,1,0,0,True,False,False
112561,100,100,True,0,1,0,0,True,False,False
116461,100,100,False,1,0,0,0,False,False,False
116521,100,100,False,1,0,0,0,False,False,False
116581,100,100,False,1,0,0,0,False,False,False
116641,100,100,False,1,0,0,0,False,False,False
116701,100,100,False,1,0,0,0,False,False,False
116761,100,100,False,1,0,0,0,False,False,False
116821,100,100,False,1,0,0,0,False,False,False
116881,100,100,False,1,0,0,0,False,False,False
116941,100,100,False,1,0,0,0,False,False,False
117001,100,100,False,1,0,0,0,False,False,False
117061,100,100,False,0,0,0,0,False,False,False
117121,100,100,False,0,0,0,0,False,False,False
117181,100,100,False,0,0,0,0,False,False,False
117241,100,100,False,0,0,0,0,False,False,False
117301,100,100,False,0,0,0,0,False,False,False
117361,100,100,False,0,0,0,0,False,False,False
117421,100,100,False,0,0,0,0,False,False,False
117481,100,100,False,0,0,0,0,False,False,False
117541,100,100,False,0,0,0,0,False,False,False
117601,100,100,False,0,0,0,0,False,False,False
117661,100,100,False,0,0,0,0,False,False,False
117721,100,100,False,0,0,0,0,False,False,False
117781,100,100,False,0,0,0,0,False,False,False
117841,100,100,False,0,0,0,0,False,False,False
117901,100,100,False,0,0,0,0,False,False,False
117961,100,100,False,0,0,0,0,False,False,False
118021,100,100,False,0,0,0,0,False,False,False
118081,100,100,False,0,0,0,0,False,False,False
118141,100,100,False,0,0,0,0,False,False,False
118201,100,100,False,0,0,0,0,False,False,False
118261,100,100,False,0,0,0,0,False,False,False
118321,100,100,False,0,0,0,0,False,False,False
118381,100,100,False,0,0,0,0,False,False,False
118441,100,100,False,0,0,0,0,False,False,False
118501,100,100,False,0,0,0,0,False,False,False
118561,100,100,False,0,0,0,0,False,False,False
118621,100,100,False,0,0,0,0,False,False,False
118681,100,100,False,0,0,0,0,False,False,False
118741,100,100,False,0,0,0,0,False,False,False
118801,74,97,False,0,0,0,0,False,False,False
118861,74,97,False,0,0,0,0,False,False,False
118921,74,97,False,0,0,0,0,False,False,False
118981,74,97,False,0,0,0,0,False,False,False
119041,74,97,False,0,0,0,0,False,False,False
119101,74,97,False,0,0,0,0,False,False,False
119161,74,97,False,0,0,0,0,False,False,False
119221,74,97,False,0,0,0,0,False,False,False
119281,74,97,False,0,0,0,0,False,False,False
119341,74,97,False,0,0,0,0,False,False,False
119401,74,97,False,0,0,0,0,False,False,False
119461,74,97,False,0,0,0,0,False,False,False
119521,74,97,False,0,0,0,0,False,False,False
119581,74,97,False,0,0,0,0,False,False,False
119641,74,97,False,0,0,0,0,False,False,False
119701,74,97,False,0,0,0,0,False,False,False
119761,74,97,False,0,0,0,0,False,False,False
124861,100,100,True,1,1,1,1,False,False,False
124921,100,100,True,1,1,1,1,False,False,False
124981,100,100,True,1,1,1,1,False,False,False
125041,100,100,True,1,1,1,1,False,False,False
125101,100,100,True,1,1,1,1,False,False,False
125161,100,100,True,1,1,1,1,False,False,False
125221,100,100,True,1,1,1,1,False,False,False
125281,100,100,True,1,1,1,1,False,False,False
125341,100,100,True,1,1,1,1,False,False,False
125401,100,100,True,1,0,1,1,False,False,False
125461,100,100,True,1,0,1,1,False,False,False
125521,100,100,True,1,0,1,1,False,False,False
125581,100,100,True,1,0,1,1,False,False,False
125641,100,100,True,1,0,1,1,False,False,False
125701,100,100,True,1,0,1,1,False,False,False
125761,100,100,True,1,0,1,1,False,False,False
125821,100,100,True,1,0,1,0,False,False,False
125881,100,100,True,1,0,1,0,False,False,False
125941,100,100,True,1,0,1,0,False,False,False
126001,100,100,True,1,0,1,0,False,False,False
126061,62,99,True,1,0,1,0,False,False,False
126121,24,98,True,1,0,1,0,False,False,False
126181,24,98,True,1,0,1,0,False,False,False
126241,24,98,True,0,0,1,0,False,False,False
126301,24,98,True,0,0,1,0,False,False,False
126361,24,98,True,0,0,1,0,False,False,False
126421,24,98,True,0,0,1,0,False,False,False
126481,24,98,True,0,0,1,0,False,False,False
126541,24,98,True,0,0,1,0,False,False,False
126601,24,98,True,0,0,0,0,False,False,False
126661,24,98,True,0,0,0,0,False,False,False
126721,24,98,True,0,0,0,0,False,False,False
126781,24,98,True,0,0,0,0,False,False,False
126841,24,98,True,0,0,0,0,False,False,False
126901,24,98,True,0,0,0,0,False,False,False
126961,24,98,True,0,0,0,0,False,False,False
127021,24,98,True,0,0,0,0,False,False,False
127081,24,98,True,0,0,0,0,False,False,False
127141,24,98,True,0,0,0,0,False,False,False
127201,24,98,True,0,0,0,0,False,False,False
127261,24,98,True,0,0,0,0,False,False,False
127321,24,98,True,0,0,0,0,False,False,False
127381,24,98,True,0,0,0,0,False,False,False
127441,24,98,True,0,0,0,0,False,False,False
127501,24,98,True,0,0,0,0,False,False,False
127561,24,98,True,0,0,0,0,False,False,False
127621,24,98,True,0,0,0,0,False,False,False
127681,24,98,True,0,0,0,0,False,False,False
127741,24,98,True,0,0,0,0,False,False,False
127801,24,98,True,0,0,0,0,False,False,False
127861,24,98,True,0,0,0,0,False,False,False
127921,24,98,True,0,0,0,0,False,False,False
127981,24,98,True,0,0,0,0,False,False,False
128041,24,98,True,0,1,0,0,False,False,False
128101,24,98,True,0,1,0,0,False,False,False
128161,24,98,True,0,1,0,0,False,False,False
128221,24,98,True,0,1,0,0,False,False,False
128281,24,98,True,0,1,0,0,False,False,False
128341,24,98,True,0,1,0,0,False,False,False
128401,24,98,True,0,1,0,0,False,False,False
128461,24,98,True,0,1,0,0,False,False,False
128521,24,98,True,0,1,0,0,False,False,False
128581,24,98,True,0,1,0,0,False,False,False
128641,24,98,True,0,1,0,0,False,False,False
128701,24,98,True,0,1,0,0,False,False,False
128761,24,98,True,0,1,0,0,False,False,False
128821,24,98,True,0,1,0,0,False,False,False
128881,24,98,True,0,1,0,0,False,False,False
128941,24,98,True,0,1,0,0,False,False,False
130261,100,98,True,1,1,1,1,False,False,False
130321,100,98,True,1,1,1,1,False,False,False
130381,100,98,True,1,1,1,1,False,False,False
130441,100,98,True,1,1,1,1,False,False,False
130501,100,98,True,1,1,1,1,False,False,False
130561,100,98,True,1,1,1,1,False,False,False
130621,100,98,True,1,1,1,1,False,False,False
130681,100,98,True,1,1,1,1,False,False,False
130741,100,98,True,1,1,1,1,False,False,False
130801,100,98,True,1,1,0,1,False,False,False
130861,100,98,True,1,1,0,1,False,False,False
130921,100,98,True,1,1,0,0,False,False,False
130981,100,98,True,1,0,0,0,False,False,False
131041,100,98,True,1,0,0,0,False,False,False
131101,100,98,True,1,0,0,0,False,False,False
131161,100,98,True,1,0,0,0,False,False,False
131221,100,98,True,1,0,0,0,False,False,False
131281,100,98,True,1,0,0,0,False,False,False
131341,100,98,True,1,0,0,0,False,False,False
131401,100,98,True,0,0,0,0,False,False,False
131461,100,98,True,0,0,0,0,False,False,False
131521,100,98,True,0,0,0,0,False,False,False
131581,100,98,True,0,0,0,0,False,False,False
131641,100,98,True,0,0,0,0,False,False,False
131701,100,98,True,0,0,0,0,False,False,False
131761,100,98,True,0,0,0,0,False,False,False
131821,100,98,True,0,0,0,0,False,False,False
131881,100,98,True,0,0,0,0,False,False,False
131941,100,98,True,0,0,0,0,False,False,False
132001,100,98,True,0,0,0,0,False,False,False
132061,100,98,True,0,0,0,0,False,False,False
132121,100,98,True,0,0,0,0,False,False,False
132181,100,98,True,0,0,0,0,False,False,False
132241,100,98,True,0,0,0,0,False,False,False
132301,100,98,True,0,0,0,0,False,False,False
132361,100,98,True,0,0,0,0,False,False,False
132421,100,98,True,0,0,0,0,False,False,False
132481,100,98,True,0,0,0,0,False,False,False
132541,100,98,True,0,0,0,0,False,False,False
