0,1,2,3,4,5,6,7,8,9,10
7461,100,0,False,1,1,0,0,False,False,False
7521,100,0,False,1,1,0,0,False,False,False
7581,100,0,False,1,1,0,0,False,False,False
7641,100,0,False,1,1,0,0,False,False,False
7701,100,0,False,1,1,0,0,False,False,False
7761,100,0,False,1,1,0,0,False,False,False
7821,100,0,False,0,1,0,0,False,False,False
7881,100,0,False,0,1,0,0,False,False,False
7941,100,0,False,0,1,0,0,False,False,False
8001,100,0,False,0,1,0,0,False,False,False
8061,100,0,False,0,1,0,0,False,False,False
8121,100,0,False,0,1,0,0,False,False,False
8181,100,0,False,0,1,0,0,False,False,False
8241,100,0,False,0,1,0,0,False,False,False
8301,100,0,False,0,1,0,0,False,False,False
8361,100,0,False,0,1,0,0,False,False,False
8421,100,0,False,0,1,0,0,False,False,False
8481,100,0,False,0,1,0,0,False,False,False
8541,100,0,False,0,1,0,0,False,False,False
8601,100,0,False,0,1,0,0,False,False,False
8661,90,0,False,0,1,0,0,False,False,False
8721,90,0,False,0,1,0,0,False,False,False
8781,90,0,False,0,1,0,0,False,False,False
8841,90,0,False,0,1,0,0,False,False,True
8901,90,0,False,0,1,0,0,False,False,True
8961,66,0,False,0,1,0,0,False,False,True
11181,100,100,True,1,1,0,0,False,False,False
11241,100,100,True,1,1,0,0,False,False,False
11301,100,100,True,1,1,0,0,False,True,False
11361,100,100,True,1,1,0,0,False,True,False
11421,100,100,True,1,1,0,0,False,True,False
11481,100,100,True,1,1,0,0,False,True,False
11541,100,100,True,1,1,0,0,False,True,False
11601,100,100,True,1,1,0,0,False,True,False
11661,100,100,True,1,0,0,0,False,True,False
11721,100,100,True,1,0,0,0,False,True,False
11781,98,99,True,1,0,0,0,False,True,False
11841,98,99,True,1,0,0,0,False,True,False
11901,98,99,True,1,0,0,0,False,True,False
11961,98,99,True,1,0,0,0,False,True,False
12021,98,99,True,1,0,0,0,False,True,False
12081,98,99,True,1,0,0,0,False,True,False
12141,98,99,True,1,0,0,0,False,True,False
12201,98,99,True,1,0,0,0,False,True,False
12261,98,99,True,1,0,0,0,False,True,False
12321,98,99,True,1,0,0,0,False,True,False
12381,98,99,True,1,0,0,0,False,True,False
12441,98,99,True,1,0,0,0,False,True,False
12501,98,99,True,1,0,0,0,False,True,False
12561,98,99,True,1,0,0,0,False,True,False
12621,98,99,True,1,0,0,0,False,True,False
12681,98,99,True,1,0,0,0,False,True,False
12741,98,99,True,1,0,0,0,False,True,False
12801,98,99,True,1,0,0,0,False,True,False
12861,98,99,True,1,0,0,0,False,True,False
12921,98,99,True,1,0,0,0,False,True,False
12981,98,99,True,0,0,0,0,False,True,False
13041,98,99,True,0,0,0,0,False,True,False
13101,98,99,True,0,0,0,0,False,True,False
13161,98,99,True,0,0,0,0,False,True,False
13221,98,99,True,0,0,0,0,False,True,False
13281,98,99,True,0,0,0,0,False,True,False
13341,98,99,True,0,0,0,0,False,True,False
13401,98,99,True,0,0,0,0,False,True,False
13461,98,99,True,0,0,0,0,False,True,False
13521,98,99,True,0,0,0,0,False,True,False
13581,98,99,True,0,0,0,0,False,True,False
13641,98,99,True,0,0,0,0,False,True,False
13701,4,95,True,0,0,0,0,False,True,False
16341,100,100,False,0,1,0,0,False,False,False
16401,100,100,False,0,1,0,0,False,False,False
16461,100,100,False,0,1,0,0,False,False,False
16521,100,100,False,0,1,0,0,False,False,False
16581,100,100,False,0,1,0,0,False,False,False
16641,100,100,False,0,1,0,0,False,False,False
16701,100,100,False,0,1,0,0,False,False,False
16761,100,100,False,0,1,0,0,False,False,False
16821,100,100,False,0,1,0,0,False,False,False
16881,100,100,False,0,1,0,0,False,False,False
16941,100,100,False,0,0,0,0,False,False,False
17001,100,100,False,0,0,0,0,False,False,False
17061,100,100,False,0,0,0,0,False,False,False
17121,100,100,False,0,0,0,0,False,False,False
17181,100,100,False,0,0,0,0,False,False,False
17241,100,100,False,0,0,0,0,False,False,False
17301,100,100,False,0,0,0,0,False,False,False
17361,100,100,False,0,0,0,0,False,False,False
17421,100,100,False,0,0,0,0,False,True,False
17481,100,100,False,0,0,0,0,False,True,False
17541,100,100,False,0,0,0,0,False,True,False
17601,100,100,False,0,0,0,0,False,True,False
17661,100,100,False,0,0,0,0,False,True,False
17721,100,100,False,0,0,0,0,False,True,False
17781,100,100,False,0,0,0,0,False,True,False
17841,100,100,False,0,0,0,0,False,True,False
17901,100,100,False,0,0,0,0,False,True,False
17961,100,100,False,0,0,0,0,False,True,False
18021,100,100,False,0,0,0,0,False,True,False
18081,100,100,False,0,0,0,0,False,True,False
18141,100,100,False,0,0,0,0,False,True,False
18201,100,100,False,0,0,0,0,False,True,False
18261,100,100,False,0,0,0,0,False,True,False
18321,100,100,False,0,0,0,0,False,True,False
18381,100,100,False,0,0,0,0,False,True,False
18441,100,100,False,0,0,0,0,False,True,False
18501,100,100,False,0,0,0,0,False,True,False
18561,100,100,False,0,0,0,0,False,True,False
18621,100,100,False,0,0,0,0,False,True,False
18681,100,100,False,0,0,0,0,False,True,False
18741,100,100,False,0,0,0,0,False,True,False
18801,100,100,False,0,0,0,0,False,True,False
18861,100,100,False,0,0,0,0,False,True,False
18921,100,100,False,0,0,0,0,False,True,False
18981,100,100,False,0,0,0,0,False,True,False
19041,100,100,False,0,0,0,0,False,True,False
19101,100,100,False,0,0,0,0,False,True,False
19161,100,100,False,0,0,0,0,False,True,False
19221,100,100,False,0,0,0,0,False,True,False
19281,100,100,False,0,0,0,0,False,True,False
19341,100,100,False,0,0,0,0,False,True,False
19401,100,100,False,0,0,0,0,False,True,False
19461,100,100,False,0,0,0,0,False,True,False
19521,100,100,False,0,0,0,0,False,True,False
19581,100,100,False,0,0,0,0,False,True,False
19641,100,100,False,0,0,0,0,False,True,False
19701,100,100,False,0,0,0,0,False,True,False
19761,100,100,False,0,0,0,0,False,True,False
19821,100,100,False,0,0,0,0,False,True,False
19881,100,100,False,0,0,0,0,False,True,False
19941,100,100,False,0,0,0,0,False,True,False
20001,100,100,False,0,0,0,0,False,True,False
20061,100,100,False,0,0,0,0,False,True,False
20121,100,100,False,0,0,0,0,False,True,False
20181,100,100,False,0,0,0,0,False,True,False
21801,100,0,False,1,1,0,0,False,True,False
21861,100,0,False,1,1,0,0,False,True,False
21921,100,0,False,1,1,0,0,False,True,False
21981,100,0,False,1,1,0,0,False,True,False
22041,100,0,False,1,1,0,0,False,True,False
22101,100,0,False,1,1,0,0,False,True,False
22161,100,0,False,0,1,0,0,False,True,False
22221,100,0,False,0,1,0,0,False,True,False
22281,100,0,False,0,1,0,0,False,True,False
22341,100,0,False,0,1,0,0,False,True,False
22401,100,0,False,0,1,0,0,False,True,False
22461,100,0,False,0,1,0,0,False,True,False
22521,100,0,False,0,1,0,0,False,True,False
22581,100,0,False,0,1,0,0,False,True,False
22641,100,0,False,0,1,0,0,False,True,False
22701,100,0,False,0,1,0,0,False,True,False
22761,100,0,False,0,1,0,0,False,True,False
22821,100,0,False,0,1,0,0,False,True,False
22881,100,0,False,0,1,0,0,False,True,False
22941,100,0,False,0,1,0,0,False,True,False
23001,100,0,False,0,1,0,0,False,True,False
23061,100,0,False,0,1,0,0,False,True,False
23121,100,0,False,0,1,0,0,False,True,False
23181,100,0,False,0,1,0,0,False,True,False
23241,100,0,False,0,1,0,0,False,True,False
23301,100,0,False,0,1,0,0,False,True,False
23361,100,0,False,0,1,0,0,False,True,False
23421,100,0,False,0,1,0,0,False,True,False
23481,100,0,False,0,1,0,0,False,True,False
23541,100,0,False,0,1,0,0,False,True,False
23601,100,0,False,0,1,0,0,False,True,False
23661,100,0,False,0,1,0,0,False,True,False
23721,100,0,False,0,1,0,0,False,True,False
23781,100,0,False,0,1,0,0,False,True,False
23841,100,0,False,0,1,0,0,False,True,False
23901,100,0,False,0,1,0,0,False,True,False
23961,100,0,False,0,1,0,0,False,True,False
24021,100,0,False,0,1,0,0,False,True,False
24081,100,0,False,0,1,0,0,False,True,False
24141,100,0,False,0,1,0,0,False,True,False
24201,100,0,False,0,1,0,0,False,True,False
24261,100,0,False,0,1,0,0,False,True,False
24321,100,0,False,0,1,0,0,False,True,False
24381,100,0,False,0,1,0,0,False,True,False
24441,100,0,False,0,1,0,0,False,True,False
24501,100,0,False,0,1,0,0,False,True,False
24561,100,0,False,0,1,0,0,False,True,False
24621,100,0,False,0,0,0,0,False,True,False
24681,100,0,False,0,0,0,0,False,True,False
24741,100,0,False,0,0,0,0,False,True,False
24801,100,0,False,0,0,0,0,False,True,False
24861,100,0,False,0,0,0,0,False,True,False
24921,100,0,False,0,0,0,0,False,True,False
24981,100,0,False,0,0,0,0,False,True,False
25041,100,0,False,0,0,0,0,False,True,False
25101,100,0,False,0,0,0,0,False,True,False
25161,100,0,False,0,0,0,0,False,True,False
25221,100,0,False,0,0,0,0,False,True,False
25281,100,0,False,0,0,0,0,False,True,False
25341,100,0,False,0,0,0,0,False,True,False
25401,100,0,False,0,0,0,0,False,True,False
25461,100,0,False,0,0,0,0,False,True,False
25521,100,0,False,0,0,0,0,False,True,False
25581,100,0,False,0,0,0,0,False,True,False
25641,100,0,False,0,0,0,0,False,True,False
25701,100,0,False,0,0,0,0,False,True,False
25761,100,0,False,0,0,0,0,False,True,False
25821,100,0,False,0,0,0,0,False,True,False
25881,100,0,False,0,0,0,0,False,True,False
25941,100,0,False,0,0,0,0,False,True,False
26001,100,0,False,0,0,0,0,False,True,False
26061,60,0,False,0,0,0,0,False,True,False
36741,100,100,True,1,0,0,0,False,True,False
36801,100,100,True,1,0,0,0,False,True,False
36861,100,100,True,1,0,0,0,False,True,False
36921,100,100,True,1,0,0,0,False,True,False
36981,100,100,True,1,0,0,0,False,True,False
37041,100,100,True,1,0,0,0,False,True,False
37101,100,100,True,1,0,0,0,False,True,False
37161,100,100,True,1,0,0,0,False,True,False
37221,100,100,True,1,0,0,0,False,True,False
37281,100,100,True,1,0,0,0,False,True,False
37341,100,100,True,1,0,0,0,False,True,False
37401,100,100,True,1,0,0,0,False,True,False
37461,100,100,True,1,0,0,0,False,True,False
37521,100,100,True,1,0,0,0,False,True,False
37581,94,96,True,1,0,0,0,False,True,False
37641,94,96,True,1,0,0,0,False,True,False
37701,94,96,True,1,0,0,0,False,True,False
37761,94,96,True,1,0,0,0,False,True,False
37821,94,96,True,1,0,0,0,False,True,False
37881,94,96,True,1,1,0,0,False,True,False
37941,94,96,True,0,1,0,0,False,True,False
38001,94,96,True,0,1,0,0,False,True,False
38061,94,96,True,0,0,0,0,False,True,False
38121,94,96,True,0,0,0,0,False,True,False
38181,94,96,True,0,0,0,0,False,True,False
38241,94,96,True,0,0,0,0,False,True,False
38301,94,96,True,0,0,0,0,False,True,False
38361,94,96,True,0,0,0,0,False,True,False
38421,94,96,True,0,0,0,0,False,False,True
38481,94,96,True,0,0,0,0,False,False,True
38541,94,96,True,0,0,0,0,False,False,True
38601,94,96,True,0,0,0,0,False,False,True
38661,94,96,True,0,0,0,0,False,False,True
38721,94,96,True,0,0,0,0,False,False,True
38781,74,83,True,0,0,0,0,False,False,True
38841,74,83,True,0,0,0,0,False,False,True
38901,74,83,True,0,0,0,0,False,False,True
38961,74,83,True,0,0,0,0,False,False,True
39021,74,83,True,0,0,0,0,False,False,True
39081,74,83,True,0,0,0,0,False,False,True
39141,74,83,True,0,0,0,0,False,False,True
39201,74,83,True,0,0,0,0,False,False,True
39261,74,83,True,0,0,0,0,False,False,True
39321,74,83,True,0,0,0,0,False,False,True
39381,74,83,True,0,0,0,0,False,False,True
39441,74,83,True,0,0,0,0,False,False,True
39501,74,83,True,0,0,0,0,False,False,True
39561,74,83,True,0,0,0,0,False,False,True
39621,74,83,True,0,0,0,0,False,False,True
39681,74,83,True,0,0,0,0,False,False,True
39741,74,83,True,0,0,0,0,False,False,True
39801,74,83,True,0,0,0,0,False,False,True
39861,74,83,True,0,0,0,0,False,False,True
39921,74,83,True,0,0,0,0,False,False,True
39981,74,83,True,0,0,0,0,False,False,True
40041,74,83,True,0,0,0,0,False,False,True
40101,74,83,True,0,0,0,0,False,False,True
40161,74,83,True,0,0,0,0,False,False,True
40221,74,83,True,0,0,0,0,False,False,True
40281,74,83,True,0,0,0,0,False,False,True
40341,74,83,True,0,0,0,0,False,False,True
40401,74,83,True,0,0,0,0,False,False,True
41901,100,100,True,0,1,0,0,False,False,False
41961,100,100,True,0,1,0,0,False,False,False
42021,100,100,True,0,1,0,0,False,False,False
42081,100,100,True,0,1,0,0,False,False,False
42141,100,100,True,0,1,0,0,False,False,False
42201,100,100,True,0,1,0,0,False,False,False
42261,100,100,True,0,1,0,0,False,False,False
42321,100,100,True,0,1,0,0,False,False,False
42381,100,100,True,0,1,0,0,False,False,False
42441,100,100,True,0,1,0,0,False,False,False
42501,100,100,True,0,1,0,0,False,False,False
42561,100,100,True,0,1,0,0,False,False,False
42621,100,100,True,0,1,0,0,False,False,False
42681,100,100,True,0,1,0,0,False,False,False
42741,100,100,True,0,1,0,0,False,False,False
42801,100,100,True,0,1,0,0,False,False,False
42861,100,100,True,0,1,0,0,False,False,False
42921,100,100,True,0,1,0,0,False,False,False
42981,100,100,True,0,1,0,0,False,False,False
43041,100,100,True,0,1,0,0,False,False,False
43101,100,100,True,0,1,0,0,False,False,False
43161,100,100,True,0,1,0,0,False,False,False
43221,100,100,True,0,1,0,0,False,False,False
43281,100,100,True,0,1,0,0,False,False,False
43341,100,100,True,0,1,0,0,False,False,False
43401,100,100,True,0,1,0,0,False,False,False
43461,100,100,True,0,1,0,0,False,False,False
43521,100,100,True,0,1,0,0,False,False,False
43581,100,100,True,0,1,0,0,False,False,False
43641,100,100,True,0,1,0,0,False,False,False
43701,100,100,True,0,1,0,0,False,False,False
43761,100,100,True,0,1,0,0,False,False,False
43821,100,100,True,0,1,0,0,False,False,False
43881,100,100,True,0,1,0,0,False,False,False
43941,100,100,True,0,1,1,0,False,False,False
44001,100,100,True,0,1,1,0,False,False,True
45021,100,100,True,1,1,1,1,False,False,False
45081,100,100,True,0,1,1,1,False,False,False
45141,100,100,True,0,1,1,1,False,False,False
45201,100,100,True,0,1,1,1,False,False,False
45261,100,100,True,0,1,1,1,False,True,False
45321,100,100,True,0,1,1,1,False,False,False
45381,100,100,True,0,1,1,1,False,False,False
45441,100,100,True,0,1,1,1,False,False,False
45501,100,100,True,0,0,1,1,False,False,False
45561,100,100,True,0,0,1,1,False,False,False
45621,100,100,True,0,0,1,1,False,False,False
45681,100,100,True,0,0,1,1,False,False,False
45741,100,100,True,0,0,1,1,False,False,False
45801,100,100,True,0,0,1,1,False,False,False
45861,100,100,True,0,0,1,1,False,False,False
45921,100,100,True,0,0,1,1,False,False,False
45981,100,100,True,0,0,1,1,False,False,False
46041,100,100,True,0,0,1,1,False,False,False
46101,100,100,True,0,0,1,1,False,False,False
46161,100,100,True,0,0,1,1,False,False,False
46221,100,100,True,0,0,1,1,False,False,False
46281,100,100,True,0,0,1,1,False,False,False
46341,100,100,True,0,0,1,1,False,False,False
46401,100,100,True,0,0,1,1,False,False,False
46461,100,100,True,0,0,1,1,False,False,False
46521,100,100,True,0,0,1,1,False,False,False
46581,100,100,True,0,0,0,1,False,False,False
46641,100,100,True,0,0,0,1,False,False,False
46701,100,100,True,0,0,0,1,False,False,False
46761,100,100,True,0,0,0,1,False,False,False
46821,100,100,True,0,0,0,1,False,False,False
46881,100,100,True,0,0,0,0,False,False,False
46941,100,100,True,0,0,0,0,False,False,False
47001,100,100,True,0,0,0,0,False,False,False
47061,100,100,True,0,0,0,0,False,False,False
47121,100,100,True,0,0,0,0,False,False,False
47181,100,100,True,0,0,0,0,False,False,False
47241,12,96,True,0,0,0,0,False,False,False
51321,100,100,True,1,1,0,1,False,False,False
51381,100,100,True,1,1,0,1,False,False,False
51441,100,100,True,0,1,0,1,False,False,False
51501,100,100,True,0,1,0,1,False,False,False
51561,100,100,True,0,1,0,1,False,False,False
51621,100,100,True,0,1,0,1,False,False,False
51681,100,100,True,0,1,0,1,False,False,False
51741,100,100,True,0,1,0,1,False,False,False
51801,100,100,True,0,0,0,1,False,False,False
51861,100,100,True,0,0,0,1,False,False,False
51921,100,100,True,0,0,0,1,False,False,False
51981,100,100,True,0,0,0,1,False,False,False
52041,100,100,True,0,0,0,1,False,False,False
52101,100,100,True,0,0,0,1,False,False,False
52161,100,100,True,0,0,0,1,False,False,False
52221,100,100,True,0,0,0,1,False,False,False
52281,100,100,True,0,0,0,1,False,False,False
52341,100,100,True,0,0,0,1,False,False,False
52401,100,100,True,0,0,0,1,False,False,False
52461,100,100,True,0,0,0,1,False,False,False
52521,100,100,True,0,0,0,1,False,False,False
52581,100,100,True,0,0,0,1,False,False,False
52641,100,100,True,0,0,0,1,False,False,False
52701,100,100,True,0,0,0,1,False,False,False
52761,100,100,True,0,0,0,1,False,False,False
52821,100,100,True,0,0,0,1,False,False,False
52881,100,100,True,0,0,0,1,False,False,False
52941,100,100,True,0,0,0,1,False,False,False
53001,100,100,True,0,0,0,1,False,False,False
53061,100,100,True,0,0,0,1,False,False,False
53121,100,100,True,0,0,0,1,False,False,False
53181,100,100,True,0,0,0,1,False,False,False
53241,100,100,True,0,0,0,1,False,False,False
53301,100,100,True,0,0,0,1,False,False,False
53361,100,100,True,0,0,0,1,False,False,False
53421,100,100,True,0,0,0,1,False,False,False
53481,100,100,True,0,0,0,1,False,False,False
53541,100,100,True,0,0,0,1,False,False,False
53601,100,100,True,0,0,0,1,False,False,False
53661,100,100,True,0,0,0,1,False,False,False
53721,100,100,True,0,0,0,1,False,False,False
53781,100,100,True,0,0,0,1,False,False,False
53841,100,100,True,0,0,0,1,False,False,False
53901,100,100,True,0,0,0,1,False,False,False
53961,100,100,True,0,0,0,1,False,False,True
54021,100,100,True,0,0,0,1,False,False,True
54081,100,100,True,0,0,0,1,False,False,True
54141,100,100,True,0,0,0,1,False,False,True
54201,100,100,True,0,0,0,1,False,False,True
54261,100,100,True,0,0,0,1,False,False,True
54321,100,100,True,0,0,0,1,False,False,True
54381,100,100,True,0,0,0,1,False,False,True
54441,100,100,True,0,0,0,1,False,False,True
54501,100,100,True,0,0,0,1,False,False,True
55521,100,100,True,1,1,0,1,False,False,False
55581,100,100,True,0,1,0,1,False,False,False
55641,100,100,True,0,1,0,1,False,False,False
55701,100,100,True,0,1,0,1,False,False,False
55761,100,100,True,0,1,0,1,False,False,False
55821,100,100,True,0,1,0,1,False,False,False
55881,100,100,True,0,1,0,1,False,False,False
55941,100,100,True,0,0,0,1,False,False,False
56001,100,100,True,0,0,0,1,False,False,False
56061,100,100,True,0,0,0,1,False,False,False
56121,100,100,True,0,0,0,1,False,False,False
56181,100,100,True,0,0,0,1,False,False,False
56241,100,100,True,0,0,0,1,False,False,False
56301,100,100,True,0,0,0,1,False,False,False
56361,76,95,True,0,0,0,1,False,False,False
56421,28,85,True,0,0,0,1,False,False,False
59001,100,100,True,1,1,1,1,False,True,False
59061,100,100,True,0,1,1,1,False,False,False
59121,100,100,True,0,1,1,1,False,False,False
59181,100,100,True,0,1,1,1,False,False,False
59241,100,100,True,0,1,0,1,False,False,False
59301,100,100,True,0,1,0,1,False,False,False
59361,100,100,True,0,1,0,1,False,False,False
59421,100,100,True,0,1,0,1,False,False,False
59481,100,100,True,0,1,0,1,False,False,False
59541,100,100,True,0,1,0,1,False,False,False
59601,100,100,True,0,0,0,1,False,False,False
59661,100,100,True,0,0,0,1,False,False,False
59721,100,100,True,0,0,0,1,False,False,False
59781,100,100,True,0,0,0,1,False,False,False
59841,100,100,True,0,0,0,1,False,False,False
59901,100,100,True,0,0,0,1,False,False,False
59961,100,100,True,0,0,0,1,False,False,False
60021,100,100,True,0,0,0,1,False,False,False
60081,100,100,True,0,0,0,1,False,False,False
60141,100,100,True,0,0,0,1,False,False,False
60201,100,100,True,0,0,0,1,False,False,False
60261,100,100,True,0,0,0,1,False,False,False
60321,100,100,True,0,0,0,1,False,False,False
60381,100,100,True,0,0,0,1,False,False,False
60441,100,100,True,0,0,0,1,False,False,False
60501,100,100,True,0,0,0,1,False,False,False
60561,100,100,True,0,0,0,1,False,False,False
60621,100,100,True,0,0,0,1,False,False,False
65181,100,100,True,1,1,0,1,False,False,False
65241,100,100,True,1,1,0,1,False,False,False
65301,100,100,True,1,1,0,1,False,False,False
65361,100,100,True,1,1,0,1,False,False,False
65421,100,100,True,1,1,0,1,False,False,False
65481,100,100,True,1,1,0,1,False,False,False
65541,100,100,True,1,1,0,1,False,False,False
65601,100,100,True,1,1,0,1,False,False,False
65661,100,100,True,1,1,0,1,False,False,False
65721,100,100,True,1,1,0,1,False,False,False
65781,100,100,True,1,1,0,1,False,False,False
65841,100,100,True,1,1,0,1,False,False,False
65901,100,100,True,1,1,0,1,False,False,False
65961,100,100,True,1,0,0,1,False,False,False
66021,100,100,True,1,0,0,1,False,False,False
66081,100,100,True,1,0,0,1,False,False,False
66141,100,100,True,1,0,0,1,False,False,False
66201,100,100,True,1,0,0,1,False,False,False
66261,100,100,True,1,0,0,1,False,False,False
66321,100,100,True,1,0,0,1,False,False,False
66381,100,100,True,1,0,0,1,False,False,False
66441,100,100,True,1,0,0,1,False,False,False
66501,100,100,True,1,0,0,1,False,False,False
66561,100,100,True,1,0,0,1,False,False,False
66621,100,100,True,1,0,0,1,False,False,False
66681,100,100,True,1,0,0,1,False,False,False
66741,100,100,True,1,0,0,1,False,False,False
66801,100,100,True,1,0,0,1,False,False,False
66861,100,100,True,1,0,0,1,False,False,False
66921,93,96,True,1,0,0,1,False,False,False
66981,93,96,True,1,0,0,1,False,False,False
67041,93,96,True,1,0,0,1,False,False,False
67101,93,96,True,1,0,0,1,False,False,False
67161,93,96,True,1,0,0,1,False,False,False
67221,93,96,True,1,0,0,1,False,False,False
67281,93,96,True,1,0,0,1,False,False,False
67341,93,96,True,1,0,0,1,False,False,False
67401,93,96,True,1,0,0,1,False,False,False
67461,93,96,True,1,0,0,1,False,False,False
67521,93,96,True,1,0,0,1,False,False,False
67581,93,96,True,1,0,0,1,False,False,False
67641,93,96,True,1,0,0,1,False,False,False
67701,93,96,True,1,0,0,1,False,False,False
67761,93,96,True,1,0,0,1,False,False,False
67821,93,96,True,1,0,0,1,False,False,False
67881,93,96,True,1,0,0,1,False,False,False
67941,93,96,True,1,0,0,1,False,False,False
68001,93,96,True,1,0,0,1,False,False,False
68061,93,96,True,1,0,0,1,False,False,False
68121,93,96,True,1,0,0,1,False,False,False
68181,93,96,True,1,0,0,1,False,False,False
68241,93,96,True,1,0,0,1,False,False,False
68301,93,96,True,1,0,0,1,False,False,False
68361,93,96,True,1,0,0,1,False,False,False
68421,85,96,True,1,0,0,1,False,False,False
68481,85,96,True,1,0,0,1,False,False,False
68541,85,96,True,1,0,0,1,False,False,False
68601,85,96,True,1,0,0,1,False,False,False
68661,85,96,True,1,0,0,1,False,False,False
68721,85,96,True,1,0,0,1,False,False,False
68781,85,96,True,1,0,0,1,False,False,False
68841,85,96,True,1,0,0,1,False,False,False
68901,85,96,True,1,0,0,1,False,False,False
68961,85,96,True,1,0,0,1,False,False,False
69021,85,96,True,1,0,0,1,False,False,False
69081,85,96,True,1,0,0,1,False,True,False
69141,85,96,True,1,1,0,1,False,True,False
69201,85,96,True,1,1,0,1,False,True,False
69261,85,96,True,1,1,0,1,False,True,False
69321,85,96,True,1,1,0,1,False,True,False
69381,85,96,True,1,1,0,1,False,True,False
69441,85,96,True,1,1,0,1,False,True,False
69501,85,96,True,1,1,0,1,False,True,False
69561,85,96,True,1,1,0,1,False,True,False
69621,85,96,True,1,1,0,1,False,True,False
69681,85,96,True,1,1,0,1,False,True,False
69741,85,96,True,1,1,0,1,False,True,False
69801,85,96,True,1,1,0,1,False,True,False
69861,85,96,True,1,1,0,1,False,True,False
69921,85,96,True,1,1,0,1,False,True,False
69981,85,96,True,1,1,0,1,False,True,False
70041,85,96,True,1,1,0,1,False,True,False
70101,85,96,True,1,1,0,1,False,True,False
70161,85,96,True,1,1,0,1,False,True,False
70221,85,96,True,1,1,0,1,False,True,False
70281,85,96,True,1,1,0,1,False,True,False
70341,85,96,True,1,1,0,1,False,True,False
70401,85,96,True,0,1,0,1,False,True,False
70461,85,96,True,0,1,0,1,False,True,False
70521,85,96,True,0,1,0,1,False,True,False
70581,85,96,True,0,1,0,1,False,True,False
70641,85,96,True,0,1,0,1,False,True,False
70701,85,96,True,0,1,0,1,False,True,False
70761,85,96,True,0,1,0,1,False,True,False
70821,85,96,True,0,1,0,1,False,True,False
70881,85,96,True,0,1,0,1,False,True,False
70941,85,96,True,0,1,0,1,False,True,False
71001,85,96,True,0,1,0,1,False,True,False
71061,85,96,True,0,1,0,1,False,True,False
71121,85,96,True,0,1,0,1,False,True,False
71181,85,96,True,0,1,0,1,False,True,False
71241,85,96,True,0,1,0,1,False,True,False
71301,85,96,True,0,1,0,1,False,True,False
71361,85,96,True,0,1,0,1,False,False,True
71421,85,96,True,0,1,0,1,False,False,True
71481,85,96,True,0,0,0,1,False,False,True
71541,85,96,True,0,0,0,1,False,False,True
71601,85,96,True,0,0,0,1,False,False,True
71661,85,96,True,0,0,0,1,False,False,True
71721,85,96,True,0,0,0,1,False,False,True
71781,85,96,True,0,0,0,1,False,False,True
71841,85,96,True,0,0,0,1,False,False,True
71901,85,96,True,0,0,0,1,False,False,True
71961,85,96,True,0,0,0,1,False,False,True
72021,85,96,True,0,0,0,1,False,False,True
72081,85,96,True,0,0,0,1,False,False,True
72141,85,96,True,0,0,0,1,False,False,True
72201,85,96,True,0,0,0,1,False,False,True
72261,85,96,True,0,0,0,1,False,False,True
72321,85,96,True,0,0,0,1,False,False,True
72381,85,96,True,0,0,0,1,False,False,True
72441,85,96,True,0,0,0,1,False,False,True
73461,100,96,True,1,1,0,1,False,False,False
73521,100,96,True,1,1,0,1,False,False,False
73581,100,96,True,1,1,0,1,False,False,False
73641,100,96,True,1,1,0,1,False,False,False
73701,100,96,True,1,1,0,1,False,False,False
73761,100,96,True,1,1,0,1,False,False,False
73821,100,96,True,0,1,0,1,False,False,False
73881,100,96,True,0,1,0,1,False,False,False
73941,100,96,True,0,1,0,1,False,False,False
74001,100,96,True,0,1,0,1,False,False,False
74061,100,96,True,0,1,0,1,False,False,False
74121,100,96,True,0,1,0,1,False,False,False
74181,100,96,True,0,1,0,1,False,False,False
74241,100,96,True,0,1,0,1,False,False,False
74301,100,96,True,0,1,0,1,False,False,False
74361,100,96,True,0,1,0,1,False,False,False
74421,100,96,True,0,1,0,1,False,False,False
74481,100,96,True,0,1,0,1,False,False,False
74541,100,96,True,0,1,0,1,False,False,False
74601,100,96,True,0,1,0,1,False,False,False
74661,100,96,True,0,1,0,1,False,False,False
74721,100,96,True,0,1,0,1,False,False,False
74781,100,96,True,0,1,0,1,False,False,False
74841,100,96,True,0,1,0,1,False,False,False
74901,100,96,True,0,1,0,1,False,False,False
74961,100,96,True,0,1,0,1,False,False,False
75021,100,96,True,0,1,0,1,False,False,False
75081,100,96,True,0,1,0,1,False,False,False
75141,100,96,True,0,1,0,1,False,False,False
75201,100,96,True,0,1,0,1,False,False,False
75261,100,96,True,0,1,0,1,False,False,False
75321,100,96,True,0,1,0,1,False,False,False
75381,100,96,True,0,1,0,1,False,False,False
75441,100,96,True,0,1,0,1,False,False,False
75501,100,96,True,0,1,0,1,False,False,False
75561,100,96,True,0,1,0,1,False,False,False
75621,100,96,True,0,1,0,1,False,False,False
75681,100,96,True,0,1,0,1,False,False,False
75741,100,96,True,0,1,0,1,False,False,False
75801,100,96,True,0,1,0,1,False,False,False
75861,100,96,True,0,1,0,1,False,False,False
75921,100,96,True,0,1,0,1,False,False,False
75981,100,96,True,0,1,0,1,False,False,False
76041,100,96,True,0,1,0,1,False,False,False
76101,100,96,True,0,1,0,1,False,False,False
76161,100,96,True,0,1,0,1,False,False,False
76221,100,96,True,0,1,0,1,False,False,False
76281,100,96,True,0,1,0,1,False,True,False
76341,100,96,True,0,1,0,1,False,True,False
76401,100,96,True,0,1,0,1,False,True,False
76461,100,96,True,0,1,0,1,False,True,False
76521,100,96,True,0,1,0,1,False,True,False
76581,100,96,True,0,1,0,1,False,True,False
76641,100,96,True,0,1,0,1,False,True,False
76701,100,96,True,0,1,0,1,False,True,False
76761,100,96,True,0,1,0,1,False,True,False
76821,100,96,True,0,1,0,1,False,True,False
76881,100,96,True,0,1,0,1,False,True,False
76941,100,96,True,0,1,0,1,False,True,False
77001,100,96,True,0,1,0,1,False,True,False
77061,100,96,True,0,1,0,1,False,True,False
77121,100,96,True,0,1,0,1,False,True,False
78561,100,100,False,0,0,0,0,False,False,False
78621,100,100,False,0,0,0,0,False,False,False
78681,100,100,False,0,0,0,0,False,False,False
78741,100,100,False,0,0,0,0,False,False,False
78801,100,100,False,0,0,0,0,False,False,False
78861,100,100,False,0,0,0,0,False,False,False
78921,100,100,False,0,0,0,0,False,False,False
78981,100,100,False,0,0,0,0,False,False,False
79041,100,100,False,0,0,0,0,False,False,False
79101,100,100,False,0,0,0,0,False,False,False
79161,100,100,False,0,0,0,0,False,False,False
79221,100,100,False,0,0,0,0,False,False,False
79281,100,100,False,0,0,0,0,False,False,False
79341,100,100,False,0,0,0,0,False,False,False
79401,100,100,False,0,0,0,0,False,False,False
79461,100,100,False,0,0,0,0,False,False,False
79521,100,100,False,0,0,0,0,False,False,False
79581,100,100,False,0,0,0,0,False,False,False
79641,100,100,False,0,0,0,0,False,False,False
79701,100,100,False,0,0,0,0,False,False,False
79761,100,100,False,0,0,0,0,False,False,False
79821,100,100,False,0,0,0,0,False,False,False
79881,100,100,False,0,0,0,0,False,False,False
79941,100,100,False,0,0,0,0,False,False,False
80001,100,100,False,0,0,0,0,False,False,False
80061,100,100,False,0,0,0,0,False,False,False
80121,100,100,False,0,0,0,0,False,False,False
80181,100,100,False,0,0,0,0,False,False,False
80241,100,100,False,0,0,0,0,False,False,False
80301,100,100,False,0,0,0,0,False,False,False
80361,100,100,False,0,0,0,0,False,False,False
80421,100,100,False,0,0,0,0,False,False,False
80481,100,100,False,0,0,0,0,False,False,False
80541,100,100,False,0,0,0,0,False,False,False
80601,100,100,False,0,0,0,0,False,False,False
80661,100,100,False,0,0,0,0,False,False,False
80721,100,100,False,0,0,0,0,False,False,False
80781,100,100,False,0,0,0,0,False,False,False
80841,100,100,False,0,0,0,0,False,False,False
80901,100,100,False,0,0,0,0,False,False,False
80961,100,100,False,0,0,0,0,False,False,False
81021,100,100,False,0,0,0,0,False,False,False
81081,100,100,False,0,0,0,0,False,False,False
81141,100,100,False,0,0,0,0,False,False,False
81201,100,100,False,0,0,0,0,False,False,False
81261,100,100,False,0,0,0,0,False,False,False
81321,100,100,False,0,0,0,0,False,False,False
81381,100,100,False,0,0,0,0,False,False,False
81441,100,100,False,0,0,0,0,False,False,False
81501,100,100,False,0,0,0,0,False,False,False
81561,100,100,False,0,0,0,0,False,False,False
81621,100,100,False,0,0,0,0,False,False,False
81681,100,100,False,0,0,0,0,False,False,False
81741,100,100,False,0,0,0,0,False,False,False
81801,100,100,False,0,0,0,0,False,False,False
81861,100,100,False,0,0,0,0,False,False,False
81921,100,100,False,0,0,0,0,False,False,False
81981,100,100,False,0,0,0,0,False,False,False
82041,100,100,False,0,0,0,0,False,False,False
82101,100,100,False,0,0,0,0,False,False,False
82161,100,100,False,0,0,0,0,False,False,False
82221,100,100,False,0,0,0,0,False,False,False
82281,100,100,False,0,0,0,0,False,False,False
82341,100,100,False,0,0,0,0,False,False,False
82401,100,100,False,0,0,0,0,False,False,False
82461,100,100,False,0,0,0,0,False,False,False
82521,100,100,False,0,0,0,0,False,False,False
82581,100,100,False,0,0,0,0,False,False,False
82641,100,100,False,0,0,0,0,False,False,False
82701,100,100,False,0,0,0,0,False,False,False
82761,100,100,False,0,0,0,0,False,False,False
82821,100,100,False,0,0,0,0,False,False,False
82881,100,100,False,0,0,0,0,False,False,False
82941,100,100,False,0,0,0,0,False,False,False
83001,100,100,False,0,0,0,0,False,False,False
83061,80,95,False,0,0,0,0,False,False,False
83121,80,95,False,0,0,0,0,False,False,False
83181,80,95,False,0,0,0,0,False,False,False
83241,80,95,False,0,0,0,0,False,False,False
83301,80,95,False,0,0,0,0,False,False,False
83361,80,95,False,0,0,0,0,False,False,False
83421,80,95,False,0,0,0,0,False,False,False
83481,80,95,False,0,0,0,0,False,False,False
83541,80,95,False,0,0,0,0,False,False,False
83601,80,95,False,0,0,0,0,False,False,False
83661,80,95,False,0,0,0,0,False,False,False
83721,80,95,False,0,0,0,0,False,False,False
83781,80,95,False,0,0,0,0,False,False,False
83841,80,95,False,0,0,0,0,False,False,False
83901,80,95,False,0,0,0,0,False,False,False
84921,100,100,True,1,0,1,0,False,False,False
84981,100,100,True,1,0,1,0,False,False,False
85041,100,100,True,1,0,1,0,False,False,False
85101,100,100,True,1,0,1,0,False,False,False
85161,100,100,True,1,0,1,0,False,False,False
85221,100,100,True,1,0,1,0,False,False,False
85281,100,100,True,1,0,1,0,False,False,False
85341,100,100,True,1,0,1,0,False,False,False
85401,100,100,True,1,0,0,0,False,False,False
85461,100,100,True,1,0,0,0,False,False,False
85521,100,100,True,0,0,0,0,False,False,False
85581,100,100,True,0,0,0,0,False,False,False
85641,100,100,True,0,0,0,0,False,False,False
85701,100,100,True,0,0,0,0,False,False,False
85761,100,100,True,0,0,0,0,False,False,False
85821,100,100,True,0,0,0,0,False,False,False
85881,100,100,True,0,0,0,0,False,False,False
85941,100,100,True,0,0,0,0,False,False,False
86001,100,100,True,0,0,0,0,False,False,False
86061,100,100,True,0,0,0,0,False,False,False
86121,100,100,True,0,0,0,0,False,False,False
86181,100,100,True,0,0,0,0,False,False,False
86241,100,100,True,0,0,0,0,False,False,False
86301,100,100,True,0,0,0,0,False,False,False
86361,100,100,True,0,0,0,0,False,False,False
86421,100,100,True,0,0,0,0,False,False,False
87441,100,100,True,1,1,1,1,False,False,False
87501,100,100,True,1,1,1,1,False,False,False
87561,100,100,True,1,1,1,1,False,False,False
87621,100,100,True,1,1,1,1,False,False,False
87681,100,100,True,1,1,1,1,False,False,False
87741,100,100,True,1,1,1,1,False,False,False
87801,100,100,True,1,1,1,1,False,False,False
87861,100,100,True,1,1,1,1,False,False,False
87921,100,100,True,1,0,1,1,False,False,False
87981,100,100,True,1,0,1,1,False,False,False
88041,100,100,True,1,0,1,1,False,False,False
88101,100,100,True,1,0,1,1,False,False,False
88161,100,100,True,1,0,1,1,False,False,False
88221,100,100,True,1,0,1,1,False,False,False
88281,100,100,True,1,0,1,1,False,False,False
88341,67,99,True,1,0,1,1,False,False,False
88401,67,99,True,1,0,1,1,False,False,False
88461,67,99,True,1,0,1,1,False,False,False
88521,67,99,True,1,0,1,0,False,False,False
88581,67,99,True,1,0,1,1,False,False,False
88641,67,99,True,1,0,1,1,False,False,False
88701,67,99,True,0,0,1,1,False,False,False
88761,67,99,True,0,0,1,1,False,False,False
88821,67,99,True,0,0,1,1,False,False,False
88881,67,99,True,0,0,1,1,False,False,False
88941,67,99,True,0,0,1,1,False,False,False
89001,67,99,True,0,0,1,1,False,False,False
89061,67,99,True,0,0,1,1,False,False,False
89121,67,99,True,0,0,1,1,False,False,False
89181,67,99,True,0,0,1,1,False,False,False
89241,67,99,True,0,0,1,1,False,False,False
89301,67,99,True,0,0,1,1,False,False,False
89361,67,99,True,0,0,1,1,False,False,False
89421,67,99,True,0,0,1,1,False,False,False
89481,67,99,True,0,0,1,1,False,False,False
89541,67,99,True,0,0,1,1,False,False,False
89601,67,99,True,0,0,1,1,False,False,False
89661,67,99,True,0,0,1,1,False,False,False
89721,67,99,True,0,0,1,1,False,False,False
89781,67,99,True,0,0,1,1,False,False,False
89841,67,99,True,0,0,1,1,False,False,False
89901,67,99,True,0,0,1,1,False,False,False
89961,67,99,True,0,0,1,1,False,False,False
90021,67,99,True,0,0,1,1,False,False,False
90081,67,99,True,0,0,1,1,False,False,False
90141,67,99,True,0,0,1,1,False,False,False
90201,67,99,True,0,0,1,1,False,False,False
90261,67,99,True,0,0,1,1,False,False,False
90321,67,99,True,0,0,1,1,False,False,False
90381,67,99,True,0,0,1,1,False,False,False
90441,67,99,True,0,0,1,1,False,False,False
90501,67,99,True,0,0,1,1,False,False,False
90561,67,99,True,0,0,1,1,False,False,False
90621,67,99,True,0,0,1,1,False,False,False
90681,67,99,True,0,0,1,1,False,False,False
90741,67,99,True,0,0,1,1,False,False,False
90801,67,99,True,0,0,1,1,False,False,False
90861,67,99,True,0,0,1,1,False,False,False
90921,67,99,True,0,0,1,1,False,False,False
90981,67,99,True,0,0,1,1,False,False,False
91041,67,99,True,0,0,1,1,False,False,False
91101,67,99,True,0,0,1,1,False,False,False
91161,67,99,True,0,0,1,1,False,False,False
91221,67,99,True,0,0,1,1,False,False,False
91281,67,99,True,0,0,1,1,False,False,False
91341,67,99,True,0,0,1,1,False,False,False
91401,67,99,True,1,0,1,1,True,False,False
91461,67,99,True,1,0,1,1,True,False,False
91521,67,99,True,1,0,1,1,True,False,False
91581,67,99,True,1,0,1,1,True,False,False
91641,67,99,True,1,0,1,1,True,False,False
91701,67,99,True,1,0,1,1,True,False,False
91761,67,99,True,1,0,1,1,True,False,False
91821,67,99,True,1,0,1,1,True,False,False
91881,67,99,True,1,0,1,1,True,False,False
93321,100,100,False,1,0,0,1,False,False,False
93381,100,100,False,1,0,0,1,False,False,False
93441,100,100,False,1,0,0,1,False,False,False
93501,100,100,False,1,0,0,1,False,False,False
93561,100,100,False,1,0,0,1,False,False,False
93621,100,100,False,1,0,0,1,False,False,False
93681,100,100,False,1,0,0,1,False,False,False
93741,100,100,False,1,0,0,1,False,False,False
93801,100,100,False,1,0,0,1,False,False,False
93861,100,100,False,1,0,0,1,False,False,False
93921,100,100,False,1,0,0,1,False,False,False
93981,100,100,False,1,0,0,1,False,False,False
94041,100,100,False,1,0,0,1,False,False,False
94101,100,100,False,1,0,0,1,False,False,False
94161,100,100,False,1,0,0,1,False,False,False
94221,100,100,False,1,0,0,1,False,False,False
94281,100,100,False,1,0,0,1,False,False,False
94341,100,100,False,1,0,0,1,False,False,False
94401,100,100,False,1,0,0,1,False,False,False
94461,100,100,False,1,0,0,1,False,False,False
94521,100,100,False,1,0,0,1,False,False,False
94581,100,100,False,1,0,0,1,False,False,False
94641,100,100,False,0,0,0,1,False,False,False
94701,100,100,False,0,0,0,1,False,False,False
94761,100,100,False,0,0,0,1,False,False,False
94821,100,100,False,1,0,0,1,False,False,False
94881,100,100,False,1,0,0,1,False,False,False
94941,100,100,False,1,0,0,1,False,False,False
95001,100,100,False,1,0,0,1,False,False,False
95061,100,100,False,1,0,0,1,False,False,False
95121,100,100,False,1,0,0,1,False,False,False
95181,100,100,False,1,0,0,1,False,False,False
95241,100,100,False,1,0,0,1,False,False,False
95301,100,100,False,1,0,0,1,False,False,False
95361,100,100,False,1,0,0,1,False,False,False
95421,100,100,False,1,0,0,1,False,False,False
95481,100,100,False,1,0,0,1,False,False,False
95541,100,100,False,1,0,0,1,False,False,False
95601,100,100,False,1,0,0,1,False,False,False
95661,100,100,False,1,0,0,1,False,False,False
95721,100,100,False,1,0,0,1,False,False,False
95781,100,100,False,0,0,0,1,False,False,False
95841,100,100,False,0,0,0,1,False,False,False
95901,100,100,False,0,0,0,1,False,False,False
95961,100,100,False,0,0,0,1,False,False,False
96021,100,100,False,0,0,0,1,False,False,False
96081,100,100,False,0,0,0,1,False,False,False
96141,100,100,False,0,0,0,1,False,False,False
96201,100,100,False,0,0,0,1,False,False,False
96261,100,100,False,0,0,0,1,False,False,False
96321,100,100,False,0,0,0,1,False,False,False
96381,100,100,False,0,0,0,1,False,False,False
96441,100,100,False,0,0,0,1,False,False,False
96501,100,100,False,0,0,0,1,False,False,False
96561,100,100,False,0,0,0,1,False,False,False
96621,100,100,False,0,0,0,1,False,False,False
96681,100,100,False,0,0,0,1,False,False,False
96741,100,100,False,0,0,0,1,False,False,False
96801,100,100,False,0,0,0,1,False,False,False
96861,100,100,False,0,0,0,1,False,False,False
96921,100,100,False,0,0,0,1,False,False,False
96981,100,100,False,0,0,0,1,False,False,False
97041,100,100,False,0,0,0,1,False,False,False
97101,100,100,False,0,0,0,1,False,False,False
97161,100,100,False,0,0,0,1,False,False,False
97221,100,100,False,0,0,0,1,False,False,False
97281,100,100,False,0,0,0,1,False,False,False
97341,100,100,False,0,0,0,1,False,False,False
97401,100,100,False,0,0,0,1,False,False,False
97461,100,100,False,0,0,0,1,False,False,False
97521,100,100,False,0,0,0,1,False,False,False
97581,100,100,False,0,0,0,1,False,False,False
97641,100,100,False,0,0,0,1,False,False,False
97701,48,97,False,0,0,0,1,False,False,False
103161,100,100,False,1,1,0,0,False,False,False
103221,100,100,False,1,1,0,0,False,False,False
103281,100,100,False,1,1,0,0,False,False,False
103341,100,100,False,1,1,0,0,False,False,False
103401,100,100,False,1,1,0,0,False,False,False
103461,100,100,False,1,1,0,0,False,False,False
103521,100,100,False,1,1,0,0,False,False,False
103581,100,100,False,1,0,0,0,False,False,False
103641,100,100,False,1,0,0,0,False,False,False
103701,100,100,False,1,0,0,0,False,False,False
103761,100,100,False,1,0,0,0,False,False,False
103821,100,100,False,1,0,0,0,False,False,False
103881,100,100,False,0,0,0,0,False,False,False
103941,100,100,False,0,0,0,0,False,False,False
104001,100,100,False,0,0,0,0,False,False,False
104061,100,100,False,0,0,0,0,False,False,False
104121,100,100,False,0,0,0,0,False,False,False
104181,100,100,False,0,0,0,0,False,False,False
104241,100,100,False,0,0,0,0,False,False,False
104301,100,100,False,0,0,0,0,False,False,False
104361,100,100,False,0,0,0,0,False,False,False
104421,100,100,False,0,0,0,0,False,False,False
104481,100,100,False,0,0,0,0,False,False,False
104541,100,100,False,0,0,0,0,False,False,False
104601,100,100,False,0,0,0,0,False,False,False
104661,100,100,False,0,0,0,0,False,False,False
104721,100,100,False,0,0,0,0,False,False,False
104781,100,100,False,0,0,0,0,False,False,False
104841,100,100,False,0,0,0,0,False,False,False
104901,100,100,False,0,0,0,0,False,False,False
104961,100,100,False,0,0,0,0,False,False,False
105021,100,100,False,0,0,0,0,False,False,False
105081,100,100,False,0,0,0,0,False,False,False
105141,100,100,False,0,0,0,0,False,False,False
105201,100,100,False,0,0,0,0,False,False,False
105261,100,100,False,0,0,0,0,False,False,False
105321,100,100,False,0,0,0,0,False,False,False
105381,100,100,False,0,0,0,0,False,False,False
105441,100,100,False,0,0,0,0,False,False,False
105501,100,100,False,0,0,0,0,False,False,False
109461,100,100,True,0,0,0,0,False,False,False
109521,100,100,True,0,0,0,0,False,False,False
109581,100,100,True,0,0,0,0,False,False,False
109641,100,100,True,0,0,0,0,False,False,False
109701,100,100,True,0,0,0,0,False,False,False
109761,100,100,True,0,0,0,0,False,False,False
109821,100,100,True,0,0,0,0,False,False,False
109881,100,100,True,0,0,0,0,False,False,False
109941,100,100,True,0,0,0,0,False,False,False
110001,59,99,True,0,0,0,0,False,False,False
110061,4,93,True,0,0,0,0,False,False,False
110121,4,93,True,0,0,0,0,False,False,False
110181,4,93,True,0,0,0,0,False,False,False
110241,4,93,True,0,0,0,0,False,False,False
110301,4,93,True,0,0,0,0,False,False,False
110361,4,93,True,0,0,0,0,False,False,False
110421,4,93,True,0,0,0,0,False,False,False
110481,4,93,True,1,0,0,0,False,False,False
110541,4,93,True,1,0,0,0,False,False,False
110601,4,93,True,1,0,0,0,False,False,False
110661,4,93,True,1,0,0,0,False,False,False
110721,4,93,True,1,0,0,0,False,False,False
111741,100,93,True,1,1,1,1,False,False,False
111801,100,93,True,1,1,1,1,False,False,False
111861,100,93,True,1,1,1,1,False,False,False
111921,100,93,True,1,1,1,1,False,False,False
111981,100,93,True,1,1,1,1,False,False,False
112041,100,93,True,1,1,1,1,False,False,False
112101,100,93,True,1,0,1,1,False,False,False
112161,100,93,True,1,0,1,1,False,False,False
112221,100,93,True,1,0,1,1,False,False,False
112281,100,93,True,1,0,1,1,False,False,False
112341,100,93,True,1,0,1,1,False,False,False
112401,100,93,True,1,0,1,1,False,False,False
112461,100,93,True,1,0,1,1,False,False,False
112521,100,93,True,1,0,1,1,False,False,False
112581,100,93,True,1,0,1,1,False,False,False
112641,100,93,True,1,0,1,1,False,False,False
112701,100,93,True,1,0,1,1,False,False,False
112761,100,93,True,1,0,1,1,False,False,False
112821,100,93,True,1,0,1,1,False,False,False
112881,100,93,True,1,0,1,1,False,False,False
112941,100,93,True,1,0,1,1,False,False,False
113001,100,93,True,1,0,0,1,False,False,False
113061,100,93,True,1,0,0,0,False,False,False
113121,100,93,True,1,0,0,0,False,False,False
113181,100,93,True,1,0,0,0,False,False,False
113241,100,93,True,1,0,0,0,False,False,False
113301,100,93,True,1,0,0,0,False,False,False
113361,100,93,True,1,0,0,0,False,False,False
113421,100,93,True,1,0,0,0,False,False,False
113481,100,93,True,1,0,0,0,False,False,False
113541,100,93,True,1,0,0,0,False,False,False
113601,100,93,True,1,0,0,0,False,False,False
113661,100,93,True,1,0,0,0,False,False,False
113721,100,93,True,1,0,0,0,False,False,False
113781,100,93,True,1,0,0,0,False,False,False
113841,100,93,True,1,0,0,0,False,False,False
113901,100,93,True,1,0,0,0,False,False,False
113961,100,93,True,1,0,0,0,False,False,False
114021,100,93,True,1,0,0,0,False,False,False
114081,100,93,True,1,0,0,0,False,False,False
114141,100,93,True,1,0,0,0,False,False,False
114201,100,93,True,1,0,0,0,False,False,False
114261,100,93,True,1,0,0,0,False,False,False
114321,100,93,True,1,0,0,0,False,False,False
114381,100,93,True,1,0,0,0,False,False,False
114441,100,93,True,1,0,0,0,False,False,False
114501,100,93,True,1,0,0,0,False,False,False
114561,100,93,True,1,0,0,0,False,False,False
114621,100,93,True,1,0,0,0,False,False,False
114681,100,93,True,1,0,0,0,False,False,False
114741,100,93,True,1,0,0,0,False,False,False
114801,100,93,True,1,0,0,0,False,False,False
114861,100,93,True,1,0,0,0,False,False,False
114921,100,93,True,1,0,0,0,False,False,False
114981,100,93,True,1,0,0,0,False,False,False
115041,100,93,True,1,0,0,0,False,False,False
115101,100,93,True,1,0,0,0,False,False,False
115161,100,93,True,1,0,0,0,False,False,False
115221,100,93,True,1,0,0,0,False,False,False
115281,100,93,True,1,0,0,0,False,False,False
115341,100,93,True,0,0,0,0,False,False,False
115401,100,93,True,0,0,0,0,False,False,False
115461,100,93,True,0,0,0,0,False,False,False
