0,1,2,3,4,5,6,7,8,9,10
4432,100,100,False,0,0,0,0,False,False,False
4492,100,100,False,0,0,0,0,False,False,False
4552,100,100,False,0,0,0,0,False,False,False
4612,100,100,False,0,0,0,0,False,False,False
4672,100,100,False,0,0,0,0,False,False,False
4732,100,100,False,0,0,0,0,False,False,False
4792,100,100,False,0,0,0,0,False,False,False
4852,100,100,False,0,0,0,0,False,False,False
4912,100,100,False,0,0,0,0,False,False,False
4972,100,100,False,0,0,0,0,False,False,False
5032,100,100,False,0,0,0,0,False,False,False
5092,100,100,False,0,0,0,0,False,False,False
5152,100,100,False,0,0,0,0,False,False,False
5212,100,100,False,0,0,0,0,False,False,False
5272,100,100,False,0,0,0,0,False,False,False
5332,100,100,False,0,0,0,0,False,False,False
5392,100,100,False,0,0,0,0,False,False,False
5452,100,100,False,0,0,0,0,False,False,False
5512,100,100,False,0,0,0,0,False,False,False
5572,100,100,False,0,0,0,0,False,False,False
5632,100,100,False,0,0,0,0,False,False,False
5692,100,100,False,0,0,0,0,False,False,False
5752,100,100,False,0,0,0,0,False,False,False
5812,100,100,False,0,0,0,0,False,False,False
5872,100,100,False,0,0,0,0,False,False,False
5932,100,100,False,0,0,0,0,False,False,False
5992,100,100,False,0,0,0,0,False,False,False
6052,100,100,False,0,0,0,0,False,False,False
6112,100,100,False,0,0,0,0,False,False,False
6172,100,100,False,0,0,0,0,False,False,False
7552,100,100,True,1,1,0,1,False,False,False
7612,100,100,True,1,1,0,1,False,False,False
7672,100,100,True,1,1,0,1,False,False,False
7732,100,100,True,1,1,0,1,False,False,False
7792,100,100,True,1,1,0,1,False,False,False
7852,100,100,True,1,1,0,1,False,False,False
7912,100,100,True,1,1,0,1,False,False,False
7972,100,100,True,1,1,0,1,False,False,False
8032,100,100,True,1,1,0,1,False,False,False
8092,100,100,True,1,1,0,1,False,False,False
8152,100,100,True,1,1,0,1,False,False,False
8212,100,100,True,1,1,0,1,False,False,False
8272,100,100,True,1,1,0,1,False,False,False
8332,100,100,True,1,1,0,1,False,False,False
8392,100,100,True,1,1,0,1,False,False,False
8452,100,100,True,1,1,0,1,False,False,False
8512,100,100,True,1,1,0,1,False,False,False
8572,100,100,True,1,1,0,1,False,False,False
8632,100,100,True,1,1,0,1,False,False,False
8692,100,100,True,1,1,0,1,False,False,False
8752,100,100,True,1,1,0,1,False,False,False
8812,100,100,True,1,1,0,1,False,False,False
12112,100,100,True,1,1,1,1,False,False,False
12172,100,100,True,1,1,1,1,True,False,False
12232,100,100,True,1,1,1,1,True,False,False
12292,100,100,True,1,1,1,1,True,False,False
12352,100,100,True,1,1,1,1,True,False,False
12412,100,100,True,1,1,1,1,True,False,False
12472,100,100,True,1,1,1,1,True,False,False
12532,100,100,True,1,1,1,1,True,False,False
12592,100,100,True,1,1,1,0,True,False,False
12652,100,100,True,1,1,1,0,True,False,False
12712,100,100,True,0,1,1,0,True,False,False
12772,100,100,True,0,1,1,0,True,False,False
12832,100,100,True,0,1,1,0,True,False,False
12892,100,100,True,0,1,1,0,True,False,False
12952,100,100,True,0,1,1,0,True,False,False
13012,100,100,True,0,1,1,0,True,False,False
13072,100,100,True,0,1,1,0,True,False,False
13132,100,100,True,0,1,1,0,True,False,False
13192,100,100,True,0,1,1,0,True,False,False
13252,100,100,True,0,1,1,0,True,False,False
13312,100,100,True,0,1,1,0,True,False,False
13372,100,100,True,0,1,1,0,True,False,False
13432,100,100,True,0,1,1,0,True,False,False
13492,100,100,True,0,1,1,0,True,False,False
13552,100,100,True,0,1,1,0,True,False,False
13612,100,100,True,0,1,1,0,True,False,False
13672,100,100,True,0,1,1,0,True,False,False
13732,100,100,True,0,1,1,0,True,False,False
13792,100,100,True,0,1,1,0,True,False,False
13852,100,100,True,0,1,1,0,True,False,False
13912,100,100,True,0,1,1,0,True,False,False
13972,100,100,True,0,1,1,0,True,False,False
14032,100,100,True,0,1,1,0,True,False,False
14092,100,100,True,0,1,1,0,True,False,False
14152,100,100,True,0,1,1,0,True,False,False
14212,100,100,True,0,1,1,0,True,False,False
14272,100,100,True,0,1,1,0,True,False,False
14332,100,100,True,0,1,1,0,True,False,False
14392,100,100,True,0,1,1,0,True,False,False
14452,100,100,True,0,1,1,0,True,False,False
14512,100,100,True,0,1,1,0,True,False,False
14572,100,100,True,0,1,1,0,True,False,False
14632,100,100,True,0,1,1,0,True,False,False
14692,100,100,True,0,1,1,0,True,False,False
14752,100,100,True,0,1,1,0,True,False,False
14812,100,100,True,0,1,0,0,True,False,False
14872,100,100,True,0,1,0,0,True,False,False
14932,98,100,True,0,1,0,0,True,False,False
16732,100,100,False,0,0,1,0,False,False,False
16792,100,100,False,0,0,1,0,False,False,False
16852,100,100,False,0,0,1,0,False,False,False
16912,100,100,False,0,0,1,0,False,False,False
16972,100,100,False,0,0,1,0,False,False,False
17032,100,100,False,0,0,1,0,False,False,False
17092,100,100,False,0,0,1,0,False,False,False
17152,100,100,False,0,0,1,0,False,False,False
17212,100,100,False,0,0,1,0,False,False,False
17272,100,100,False,0,0,1,0,False,False,False
17332,100,100,False,0,0,1,0,False,False,False
17392,100,100,False,0,0,1,0,False,False,False
17452,100,100,False,0,0,1,0,False,False,False
17512,100,100,False,0,0,1,0,False,False,False
17572,100,100,False,0,0,1,0,False,False,False
17632,100,100,False,0,0,1,0,False,False,False
17692,100,100,False,0,0,1,0,False,False,False
17752,100,100,False,0,0,1,0,False,False,False
17812,100,100,False,0,0,1,0,False,False,False
17872,100,100,False,0,0,1,0,False,False,False
17932,100,100,False,0,0,1,0,False,False,False
17992,100,100,False,0,0,0,0,False,False,False
18052,100,100,False,0,0,0,0,False,False,False
18112,100,100,False,0,0,0,0,False,False,False
18172,100,100,False,0,0,0,0,False,False,False
18232,100,100,False,0,0,0,0,False,False,False
18292,100,100,False,0,0,0,0,False,False,False
18352,100,100,False,0,0,0,0,False,False,False
18412,100,100,False,0,0,0,0,False,False,False
18472,100,100,False,0,0,0,0,False,False,False
18532,100,100,False,0,0,0,0,False,False,False
18592,100,100,False,0,0,0,0,False,False,False
18652,100,100,False,0,0,0,0,False,False,False
18712,100,100,False,0,0,0,0,False,False,False
18772,100,100,False,0,0,0,0,False,False,False
18832,100,100,False,0,0,0,0,False,False,False
18892,100,100,False,0,0,0,0,False,False,False
18952,100,100,False,0,0,0,0,False,False,False
19012,100,100,False,0,0,0,0,False,False,False
19072,100,100,False,0,0,0,0,False,False,False
19132,100,100,False,0,0,0,0,False,False,False
19192,100,100,False,0,0,0,0,False,False,False
19252,100,100,False,0,0,0,0,False,False,False
19312,100,100,False,0,0,0,0,False,False,False
19372,100,100,False,0,0,0,0,False,False,False
19432,100,100,False,0,0,0,0,False,False,False
19492,100,100,False,0,0,0,0,False,False,False
19552,100,100,False,0,0,0,0,False,False,False
19612,100,100,False,0,0,0,0,False,False,True
19672,100,100,False,0,0,0,0,False,False,True
19732,4,91,False,0,0,0,0,False,False,True
19792,4,91,False,0,0,0,0,False,False,True
19852,4,91,False,0,0,0,0,False,False,True
19912,4,91,False,0,0,0,0,False,False,True
19972,4,91,False,0,0,0,0,False,False,True
20032,4,91,False,0,0,0,0,False,False,True
20092,4,91,False,0,0,0,0,False,False,True
20152,4,91,False,0,0,0,0,False,False,True
20212,4,91,False,0,0,0,0,False,False,True
20272,4,91,False,0,0,0,0,False,False,True
20332,4,91,False,0,0,0,0,False,False,True
20392,4,91,False,0,0,0,0,False,False,True
20452,4,91,False,0,0,0,0,False,False,True
20512,4,91,False,0,0,0,0,False,False,True
20572,4,91,False,0,0,0,0,False,False,True
20632,4,91,False,0,0,0,0,False,False,True
20692,4,91,False,0,0,0,0,False,False,True
20752,4,91,False,0,0,0,0,False,False,True
20812,4,91,False,0,0,0,0,False,False,True
20872,4,91,False,0,0,0,0,False,False,True
22672,100,0,False,0,0,0,0,False,False,False
22732,100,0,False,0,0,0,0,False,False,False
22792,100,0,False,0,0,0,0,False,False,False
22852,100,0,False,0,0,0,0,False,False,False
22912,100,0,False,0,0,0,0,False,False,False
22972,100,0,False,0,0,0,0,False,False,False
23032,100,0,False,0,0,0,0,False,False,False
23092,100,0,False,0,0,0,0,False,False,False
23152,100,0,False,0,0,0,0,False,False,False
23212,100,0,False,0,0,0,0,False,False,False
23272,100,0,False,0,0,0,0,False,False,False
23332,100,0,False,0,0,0,0,False,False,False
23392,100,0,False,0,0,0,0,False,False,False
23452,100,0,False,0,0,0,0,False,False,False
23512,100,0,False,0,0,0,0,False,False,False
23572,100,0,False,0,0,0,0,False,False,False
23632,100,0,False,0,0,0,0,False,False,False
23692,100,0,False,0,0,0,0,False,False,False
23752,100,0,False,0,0,0,0,False,False,False
23812,100,0,False,0,0,0,0,False,False,False
23872,100,0,False,0,0,0,0,False,False,False
23932,100,0,False,0,0,0,0,False,False,False
23992,100,0,False,0,0,0,0,False,False,False
24052,100,0,False,0,0,0,0,False,False,False
24112,100,0,False,0,0,0,0,False,False,False
24172,100,0,False,0,0,0,0,False,False,False
24232,100,0,False,0,0,0,0,False,False,False
24292,100,0,False,0,0,0,0,False,False,False
24352,100,0,False,0,0,0,0,False,False,False
24412,100,0,False,0,0,0,0,False,False,False
24472,100,0,False,0,0,0,0,False,False,False
24532,100,0,False,0,0,0,0,False,False,False
24592,100,0,False,0,0,0,0,False,False,False
24652,100,0,False,0,0,0,0,False,False,False
24712,100,0,False,0,0,0,0,False,False,False
24772,100,0,False,0,0,0,0,False,False,False
24832,100,0,False,0,0,0,0,False,False,False
24892,100,0,False,0,0,0,0,False,False,False
24952,26,0,False,0,0,0,0,False,False,False
28972,100,100,True,1,1,1,1,False,False,False
29032,100,100,True,1,1,1,1,False,False,False
29092,100,100,True,1,1,1,1,False,False,False
29152,100,100,True,1,1,1,1,False,False,False
29212,100,100,True,1,1,1,1,False,False,False
29272,100,100,True,1,1,1,1,False,False,False
29332,100,100,True,1,1,1,1,False,False,False
29392,100,100,True,1,1,1,1,False,False,False
29452,100,100,True,1,1,1,1,False,False,False
29512,100,100,True,1,1,1,1,False,False,False
29572,100,100,True,1,1,1,0,False,False,False
29632,100,100,True,1,1,1,0,False,False,False
29692,100,100,True,1,1,1,0,False,False,False
29752,100,100,True,1,1,1,0,False,False,False
29812,100,100,True,1,1,1,0,False,False,False
29872,100,100,True,1,1,1,0,False,False,False
29932,100,100,True,1,1,1,0,False,False,False
29992,100,100,True,1,1,1,0,False,False,False
30052,100,100,True,1,1,1,0,False,False,False
30112,100,100,True,1,1,1,0,False,False,False
30172,100,100,True,1,1,1,0,False,False,False
30232,100,100,True,1,1,1,0,False,False,False
30292,100,100,True,1,1,1,0,False,False,False
30352,100,100,True,1,1,1,0,False,False,False
30412,100,100,True,1,1,1,0,False,False,False
30472,100,100,True,1,1,1,0,False,False,False
30532,100,100,True,1,1,1,0,False,False,False
30592,100,100,True,1,1,1,0,False,False,False
30652,100,100,True,1,1,1,0,False,False,False
30712,100,100,True,1,1,1,0,False,False,False
30772,100,100,True,1,1,1,0,False,False,False
30832,100,100,True,1,0,1,0,False,False,False
30892,100,100,True,1,0,1,0,False,False,False
30952,100,100,True,1,0,1,0,False,False,False
31012,100,100,True,1,0,1,0,False,False,False
31072,100,100,True,0,0,1,0,False,False,False
31132,100,100,True,0,0,1,0,False,False,False
31192,100,100,True,0,0,0,0,False,False,False
31252,100,100,True,0,0,0,0,False,False,False
31312,100,100,True,0,0,0,0,False,False,False
31372,14,90,True,0,0,0,0,False,False,False
34132,100,100,True,1,1,1,1,False,False,False
34192,100,100,True,1,1,1,1,False,False,False
34252,100,100,True,1,1,1,1,False,False,False
34312,100,100,True,1,1,1,1,False,False,False
34372,100,100,True,1,0,1,1,False,False,False
34432,100,100,True,1,0,1,1,False,False,False
34492,100,100,True,1,0,1,1,False,False,False
34552,100,100,True,1,0,1,1,False,False,False
34612,100,100,True,1,0,1,1,False,False,False
34672,100,100,True,1,0,1,0,False,False,False
34732,100,100,True,1,0,1,0,False,False,False
34792,100,100,True,1,0,1,0,False,False,False
34852,100,100,True,1,0,1,0,False,False,False
34912,100,100,True,1,0,1,0,False,False,False
34972,100,100,True,1,0,1,0,False,False,False
35032,100,100,True,1,0,1,0,False,False,False
35092,100,100,True,1,0,1,0,False,False,False
35152,100,100,True,1,0,1,0,False,False,False
35212,100,100,True,1,0,1,0,False,False,False
35272,100,100,True,1,0,1,0,False,False,False
35332,100,100,True,1,0,1,0,False,False,False
35392,100,100,True,1,0,1,0,False,False,False
35452,100,100,True,1,0,1,0,False,False,False
35512,100,100,True,1,0,1,0,False,False,False
35572,100,100,True,1,0,1,0,False,False,False
35632,100,100,True,1,0,1,0,False,False,False
35692,100,100,True,1,0,1,0,False,False,False
35752,100,100,True,1,0,1,0,False,False,False
35812,100,100,True,1,0,1,0,False,False,False
35872,100,100,True,1,0,1,0,False,False,False
35932,100,100,True,1,0,1,0,False,False,False
35992,100,100,True,0,0,1,0,False,False,False
36052,100,100,True,0,0,1,0,False,False,False
36112,100,100,True,0,0,1,0,False,False,False
36172,100,100,True,0,0,1,0,False,False,False
36232,100,100,True,0,0,1,0,False,False,False
36292,100,100,True,0,0,1,0,False,False,False
36352,100,100,True,0,0,1,0,False,False,False
36412,100,100,True,0,0,1,0,False,False,False
36472,100,100,True,0,0,1,0,False,False,False
36532,100,100,True,0,0,1,0,False,False,False
36592,100,100,True,0,0,1,0,False,False,False
36652,100,100,True,0,0,1,0,False,False,False
36712,100,100,True,0,0,1,0,False,False,False
36772,100,100,True,0,0,1,0,False,False,False
36832,100,100,True,0,0,1,0,False,False,False
36892,100,100,True,0,0,1,0,False,False,False
36952,100,100,True,0,0,1,0,False,False,False
37012,100,100,True,0,0,1,0,False,False,False
37072,100,100,True,0,0,1,0,False,False,False
37132,100,100,True,0,0,1,0,False,False,False
37192,100,100,True,0,0,1,0,False,False,False
37252,100,100,True,0,0,1,0,False,False,False
37312,100,100,True,0,0,1,0,False,False,False
37372,100,100,True,0,0,1,0,False,False,False
37432,100,100,True,0,0,1,0,False,False,False
37492,100,100,True,0,0,1,0,False,False,False
37552,100,100,True,0,0,1,0,False,False,False
37612,100,100,True,0,0,1,0,False,False,False
37672,100,100,True,0,0,1,0,False,False,False
37732,100,100,True,0,0,1,0,False,False,False
37792,100,100,True,0,0,1,0,False,False,False
37852,100,100,True,0,0,1,0,False,False,False
37912,100,100,True,0,0,1,0,False,False,False
37972,100,100,True,0,0,1,0,False,False,False
38032,100,100,True,0,0,1,0,False,False,False
38092,100,100,True,0,0,1,0,False,False,False
38152,100,100,True,0,0,1,0,False,False,False
38212,100,100,True,0,0,1,0,False,False,False
38272,100,100,True,0,0,1,0,False,False,False
38332,100,100,True,0,0,1,0,False,False,False
38392,100,100,True,0,0,1,0,False,False,False
38452,100,100,True,0,0,1,0,False,False,False
38512,100,100,True,0,0,1,0,False,False,False
38572,100,100,True,0,0,1,0,False,False,False
38632,100,100,True,0,0,1,0,False,False,False
38692,100,100,True,0,0,1,0,False,False,False
38752,100,100,True,0,0,1,0,False,False,False
38812,100,100,True,0,0,1,0,False,False,False
38872,100,100,True,0,0,1,0,False,False,False
38932,100,100,True,0,0,1,0,False,False,False
38992,100,100,True,0,0,1,0,False,False,False
40312,100,100,True,1,1,1,1,False,False,False
40372,100,100,True,1,1,1,1,False,False,False
40432,100,100,True,1,1,1,1,False,False,False
40492,100,100,True,1,1,1,1,False,False,False
40552,100,100,True,1,1,1,1,False,False,False
40612,100,100,True,1,1,1,1,False,False,False
40672,100,100,True,1,1,1,1,False,False,False
40732,100,100,True,1,1,1,1,False,False,False
40792,100,100,True,1,1,1,1,False,False,False
40852,100,100,True,1,1,1,0,False,False,False
40912,100,100,True,1,1,1,0,False,False,False
40972,100,100,True,1,1,1,0,False,False,False
41032,100,100,True,1,1,1,0,False,False,False
41092,100,100,True,1,1,1,0,False,False,False
41152,100,100,True,1,1,1,0,False,False,False
41212,100,100,True,1,1,1,0,False,False,False
41272,100,100,True,1,1,1,0,False,False,False
41332,100,100,True,0,1,1,0,False,False,False
41392,100,100,True,0,1,1,0,False,False,False
41452,100,100,True,0,1,0,0,False,False,False
41512,100,100,True,0,1,0,0,False,False,False
41572,100,100,True,0,1,0,0,False,False,False
41632,100,100,True,0,1,0,0,False,False,False
41692,100,100,True,0,1,0,0,False,False,False
41752,100,100,True,0,1,0,0,False,False,False
41812,100,100,True,0,1,0,0,False,False,False
41872,100,100,True,0,1,0,0,False,False,False
41932,100,100,True,0,1,0,0,False,False,False
41992,100,100,True,0,1,0,0,False,False,False
42052,100,100,True,0,1,0,0,False,False,False
42112,100,100,True,0,1,0,0,False,False,False
42172,100,100,True,0,1,0,0,False,False,False
42232,100,100,True,0,1,0,0,False,False,False
42292,100,100,True,0,1,0,0,False,False,False
42352,100,100,True,0,1,0,0,False,False,False
42412,100,100,True,0,1,0,0,False,False,False
42472,100,100,True,0,1,0,0,False,False,False
42532,100,100,True,0,0,0,0,False,False,False
42592,100,100,True,0,0,0,0,False,False,False
42652,100,100,True,0,0,0,0,False,False,False
42712,100,100,True,0,0,0,0,False,False,False
42772,100,100,True,0,0,0,0,False,False,False
42832,100,100,True,0,0,0,0,False,False,False
42892,100,100,True,0,1,0,0,False,False,False
42952,100,100,True,0,1,0,0,False,False,False
43012,100,100,True,0,1,0,0,False,False,False
43072,100,100,True,0,1,0,0,False,False,False
43132,100,100,True,0,0,0,0,False,False,False
43192,100,100,True,0,0,0,0,False,False,False
43252,100,100,True,0,0,0,0,False,False,False
43312,100,100,True,0,0,0,0,False,False,False
43372,100,100,True,0,0,0,0,False,False,False
43432,100,100,True,0,0,0,0,False,False,False
43492,100,100,True,0,0,0,0,False,False,False
43552,100,100,True,0,0,0,0,False,False,False
43612,100,100,True,0,0,0,0,False,False,True
43672,100,100,True,0,0,0,0,False,False,True
43732,100,100,True,0,0,0,0,False,False,True
43792,86,98,True,0,0,0,0,False,False,True
47152,100,100,False,1,0,1,0,False,False,False
47212,100,100,False,1,0,1,0,False,False,False
47272,100,100,False,1,0,1,0,False,False,False
47332,100,100,False,1,0,1,0,False,False,False
47392,100,100,False,1,0,1,0,False,False,False
47452,100,100,False,1,0,1,0,False,False,False
47512,100,100,False,1,0,1,0,False,False,False
47572,100,100,False,1,0,1,0,False,False,False
47632,100,100,False,1,0,1,0,False,False,False
47692,100,100,False,1,0,1,0,False,False,False
47752,97,98,False,1,0,1,0,False,False,False
47812,97,98,False,1,0,1,0,False,False,False
47872,97,98,False,1,0,1,0,False,False,False
47932,97,98,False,1,0,1,0,False,False,False
47992,97,98,False,1,0,1,0,False,False,False
48052,81,93,False,1,0,1,0,False,False,False
48112,81,93,False,1,0,1,0,False,False,False
48172,64,91,False,1,0,1,0,False,False,False
48232,43,88,False,1,0,1,0,False,False,False
48292,22,85,False,1,0,1,0,False,False,False
55252,100,100,True,1,1,1,1,False,False,False
55312,100,100,True,1,1,1,1,False,False,False
55372,100,100,True,1,1,1,1,False,False,False
55432,100,100,True,1,1,1,1,False,False,False
55492,100,100,True,1,1,1,1,False,False,False
55552,100,100,True,1,1,1,1,False,False,False
55612,100,100,True,1,1,1,1,False,False,False
55672,100,100,True,1,1,1,1,False,False,False
55732,100,100,True,1,1,1,1,False,False,False
55792,100,100,True,1,1,1,1,False,False,False
55852,100,100,True,1,1,1,1,False,False,False
55912,100,100,True,1,1,1,1,False,False,False
55972,100,100,True,1,1,1,1,False,False,False
56032,100,100,True,1,1,1,1,False,False,False
56092,100,100,True,1,1,1,1,False,False,False
56152,100,100,True,1,1,1,1,False,False,False
56212,100,100,True,1,1,1,0,False,False,False
56272,100,100,True,1,1,1,0,False,False,False
56332,100,100,True,1,1,1,0,False,False,False
56392,100,100,True,1,0,1,0,False,False,False
56452,100,100,True,1,0,1,0,False,False,False
56512,100,100,True,1,0,1,0,False,False,False
56572,100,100,True,1,0,0,0,False,False,False
56632,100,100,True,1,0,0,0,False,False,False
56692,100,100,True,1,0,0,0,False,False,False
56752,100,100,True,1,0,0,0,False,False,False
56812,100,100,True,1,0,0,0,False,False,False
56872,100,100,True,1,0,0,0,False,False,False
56932,100,100,True,1,0,0,0,False,False,False
56992,100,100,True,1,0,0,0,False,False,False
57052,100,100,True,1,0,0,0,False,False,False
57112,100,100,True,1,0,0,0,False,False,False
57172,100,100,True,1,0,0,0,False,False,False
57232,100,100,True,1,0,0,0,False,False,False
57292,100,100,True,1,0,0,0,False,False,False
57352,100,100,True,1,0,0,0,False,False,False
57412,100,100,True,1,0,0,0,False,False,False
57472,100,100,True,1,0,0,0,False,False,False
57532,100,100,True,1,0,0,0,False,False,False
57592,100,100,True,1,0,0,0,False,False,False
57652,100,100,True,1,0,0,0,False,False,False
57712,100,100,True,1,0,0,0,False,False,False
57772,65,99,True,1,0,0,0,False,False,False
60172,100,100,True,1,1,1,1,False,False,False
60232,100,100,True,1,1,1,1,False,False,False
60292,100,100,True,1,1,1,1,False,False,False
60352,100,100,True,1,1,1,1,False,False,False
60412,100,100,True,1,1,1,1,False,False,False
60472,100,100,True,1,1,1,1,False,False,False
60532,100,100,True,1,0,1,1,False,False,False
60592,100,100,True,1,0,1,1,False,False,False
60652,100,100,True,1,0,1,1,False,False,False
60712,100,100,True,1,0,0,1,False,False,False
60772,100,100,True,1,0,0,1,False,False,False
60832,100,100,True,1,0,0,1,False,False,False
60892,100,100,True,1,0,0,1,False,False,False
65572,100,100,False,1,0,0,0,False,False,False
65632,100,100,False,1,0,0,0,False,False,False
65692,100,100,False,1,0,0,0,False,False,False
65752,100,100,False,1,0,0,0,False,False,False
65812,100,100,False,1,0,0,0,False,False,False
65872,100,100,False,1,0,0,0,False,False,False
65932,100,100,False,1,0,0,0,False,False,False
65992,100,100,False,1,0,0,0,False,False,False
66052,99,100,False,1,0,0,0,False,False,False
66112,99,100,False,1,0,0,0,False,False,False
66172,99,100,False,1,0,0,0,False,False,False
66232,99,100,False,1,0,0,0,False,False,False
66292,99,100,False,1,0,0,0,False,False,False
66352,99,100,False,1,0,0,0,False,False,False
66412,99,100,False,1,0,0,0,False,False,False
66472,99,100,False,1,0,0,0,False,False,False
66532,99,100,False,1,0,0,0,False,False,False
66592,99,100,False,1,0,0,0,False,False,False
66652,99,100,False,1,0,0,0,False,False,False
66712,99,100,False,1,0,0,0,False,False,False
66772,99,100,False,1,0,0,0,False,False,False
66832,99,100,False,1,0,0,0,False,False,False
66892,99,100,False,1,0,0,0,False,False,False
66952,99,100,False,1,0,0,0,False,False,False
67012,99,100,False,1,0,0,0,False,False,False
67072,99,100,False,1,0,0,0,False,False,False
67132,99,100,False,1,0,0,0,False,False,False
67192,99,100,False,1,0,0,0,False,False,False
67252,99,100,False,1,0,0,0,False,False,False
67312,99,100,False,1,0,0,0,False,False,False
67372,99,100,False,1,0,0,0,False,False,False
67432,99,100,False,1,0,0,0,False,False,False
67492,99,100,False,1,0,0,0,False,False,False
67552,99,100,False,1,0,0,0,False,False,False
67612,99,100,False,1,0,0,0,False,False,False
67672,99,100,False,1,0,0,0,False,False,False
67732,99,100,False,1,0,0,0,False,False,False
67792,99,100,False,1,0,0,0,False,False,False
67852,99,100,False,1,0,0,0,False,False,False
67912,99,100,False,1,0,0,0,False,False,False
67972,99,100,False,1,0,0,0,False,False,False
68032,99,100,False,1,0,0,0,False,False,False
68092,99,100,False,1,0,0,0,False,False,False
68152,99,100,False,1,0,0,0,False,False,False
68212,99,100,False,1,0,0,0,False,False,False
68272,99,100,False,1,0,0,0,False,False,False
68332,99,100,False,1,0,0,0,False,False,False
68392,99,100,False,1,0,0,0,False,False,False
68452,65,95,False,1,0,0,0,False,False,False
68512,65,95,False,1,0,0,0,False,False,False
68572,65,95,False,1,0,0,0,False,False,False
68632,65,95,False,1,0,0,0,False,False,False
68692,65,95,False,1,0,0,0,False,False,False
68752,65,95,False,1,0,0,0,False,False,False
68812,65,95,False,1,0,0,0,False,False,False
68872,65,95,False,1,0,0,0,False,False,False
68932,65,95,False,1,0,0,0,False,False,False
68992,65,95,False,1,0,0,0,False,False,False
69052,65,95,False,1,0,0,0,False,False,False
69112,65,95,False,1,0,0,0,False,False,False
69172,65,95,False,1,0,0,0,False,False,False
69232,65,95,False,1,0,0,0,False,False,False
69292,65,95,False,1,0,0,0,False,False,False
69352,65,95,False,1,0,0,0,False,False,False
69412,65,95,False,1,0,0,0,False,False,False
69472,65,95,False,1,0,0,0,False,False,False
69532,65,95,False,1,0,0,0,False,False,False
69592,65,95,False,1,0,0,0,False,False,False
69652,65,95,False,1,0,0,0,False,False,False
69712,65,95,False,1,0,0,0,False,False,False
69772,65,95,False,1,0,0,0,False,False,False
69832,65,95,False,1,0,0,0,False,False,False
69892,65,95,False,1,0,0,0,False,False,False
69952,65,95,False,1,0,0,0,False,False,False
70012,65,95,False,1,0,0,0,False,False,False
70072,65,95,False,1,0,0,0,False,False,False
70132,65,95,False,1,0,0,0,False,False,False
70192,65,95,False,1,0,0,0,False,False,False
70252,65,95,False,1,0,0,0,False,False,False
70312,65,95,False,1,0,0,0,False,False,False
70372,65,95,False,1,0,0,0,False,False,False
70432,65,95,False,1,0,0,0,False,False,False
72172,100,0,False,1,1,0,0,False,False,False
72232,100,0,False,1,1,0,0,False,False,False
72292,100,0,False,1,1,0,0,False,False,False
72352,100,0,False,1,1,0,0,False,False,False
72412,100,0,False,1,1,0,0,False,False,False
72472,100,0,False,1,1,0,0,False,False,False
72532,100,0,False,1,1,0,0,False,False,False
72592,100,0,False,1,1,0,0,False,False,False
72652,100,0,False,1,0,0,0,False,False,False
72712,100,0,False,1,0,0,0,False,False,False
72772,100,0,False,1,0,0,0,False,False,False
72832,100,0,False,0,0,0,0,False,False,False
72892,100,0,False,0,0,0,0,False,False,False
72952,100,0,False,0,0,0,0,False,False,False
73012,100,0,False,0,0,0,0,False,False,False
73072,100,0,False,0,0,0,0,False,False,False
73132,100,0,False,0,0,0,0,False,False,False
73192,100,0,False,0,0,0,0,False,False,False
73252,100,0,False,0,0,0,0,False,False,False
73312,100,0,False,0,0,0,0,False,False,False
73372,100,0,False,0,0,0,0,False,False,False
73432,100,0,False,0,0,0,0,False,False,False
73492,100,0,False,0,0,0,0,False,False,False
73552,100,0,False,0,0,0,0,False,False,False
73612,100,0,False,0,0,0,0,False,False,False
73672,100,0,False,0,0,0,0,False,False,False
73732,100,0,False,0,0,0,0,False,False,False
73792,100,0,False,0,0,0,0,False,False,False
73852,100,0,False,0,0,0,0,False,False,False
73912,100,0,False,0,0,0,0,False,False,False
73972,100,0,False,0,0,0,0,False,False,False
74032,100,0,False,0,0,0,0,False,False,False
74092,100,0,False,0,0,0,0,False,False,False
74152,100,0,False,0,0,0,0,False,False,False
74212,100,0,False,0,0,0,0,False,False,False
74272,100,0,False,0,0,0,0,False,False,False
74332,100,0,False,0,0,0,0,False,False,False
74392,100,0,False,0,0,0,0,False,False,False
74452,100,0,False,0,0,0,0,False,False,False
74512,100,0,False,0,0,0,0,False,False,False
74572,100,0,False,0,0,0,0,False,False,False
74632,100,0,False,0,0,0,0,False,False,False
74692,100,0,False,0,0,0,0,False,False,False
74752,100,0,False,0,0,0,0,False,False,False
74812,71,0,False,0,0,0,0,False,False,False
74872,71,0,False,0,0,0,0,False,False,False
74932,71,0,False,0,0,0,0,False,False,False
74992,71,0,False,0,0,0,0,False,False,False
75052,71,0,False,0,0,0,0,False,False,False
75112,71,0,False,0,0,0,0,False,False,False
75172,71,0,False,0,0,0,0,False,False,False
75232,71,0,False,0,0,0,0,False,False,False
75292,71,0,False,0,0,0,0,False,False,False
75352,71,0,False,0,0,0,0,False,False,False
75412,71,0,False,0,0,0,0,False,False,False
75472,71,0,False,0,0,0,0,False,False,False
75532,71,0,False,0,0,0,0,False,False,False
75592,71,0,False,0,0,0,0,False,False,False
75652,71,0,False,0,0,0,0,False,False,False
75712,71,0,False,0,0,0,0,False,False,False
75772,71,0,False,0,0,0,0,False,False,False
75832,71,0,False,0,0,0,0,False,False,False
75892,71,0,False,0,0,0,0,False,False,False
75952,71,0,False,0,0,0,0,False,False,False
76012,71,0,False,0,0,0,0,False,False,False
76072,71,0,False,0,0,0,0,False,False,False
76132,71,0,False,0,0,0,0,False,False,False
76192,71,0,False,0,0,0,0,False,False,False
76252,71,0,False,0,0,0,0,False,False,False
76312,71,0,False,0,0,0,0,False,False,False
76372,71,0,False,0,0,0,0,False,False,False
76432,71,0,False,0,0,0,0,False,False,False
76492,71,0,False,0,0,0,0,False,False,False
76552,71,0,False,0,0,0,0,False,False,False
76612,71,0,False,0,0,0,0,False,False,False
76672,71,0,False,0,0,0,0,False,False,False
76732,71,0,False,0,0,0,0,False,False,False
76792,71,0,False,0,0,0,0,False,False,False
76852,71,0,False,0,0,0,0,False,False,False
76912,71,0,False,0,0,0,0,False,False,False
76972,71,0,False,0,0,0,0,False,False,False
77032,71,0,False,0,0,0,0,False,False,False
77092,71,0,False,0,0,0,0,False,False,False
77152,71,0,False,0,0,0,0,False,False,False
77212,71,0,False,0,0,0,0,False,False,False
77272,71,0,False,0,0,0,0,False,False,False
77332,71,0,False,0,0,0,0,False,False,False
77392,71,0,False,0,0,0,0,False,False,False
77452,71,0,False,0,0,0,0,False,False,False
77512,71,0,False,0,0,0,0,False,False,False
77572,71,0,False,0,0,0,0,False,False,False
77632,71,0,False,0,0,0,0,False,False,False
79372,100,100,True,1,0,0,0,False,False,False
79432,100,100,True,1,0,0,0,False,False,False
79492,100,100,True,1,0,0,0,False,False,False
79552,100,100,True,1,0,0,0,False,False,False
79612,100,100,True,1,0,0,0,False,False,False
79672,100,100,True,1,0,0,0,False,False,False
79732,100,100,True,1,0,0,0,False,False,False
79792,100,100,True,0,0,0,0,False,False,False
79852,100,100,True,0,0,0,0,False,False,False
79912,99,100,True,0,0,0,0,False,False,False
79972,50,68,True,0,0,0,0,False,False,False
80032,1,59,True,0,0,0,0,False,False,False
80092,1,59,True,0,0,0,0,False,False,False
80152,1,59,True,0,0,0,0,False,False,False
80212,1,59,True,0,0,0,0,False,False,False
80272,1,59,True,0,0,0,0,False,False,False
80332,1,59,True,0,0,0,0,False,False,False
80392,1,59,True,0,0,0,0,False,False,False
80452,1,59,True,0,0,0,0,False,False,False
80512,1,59,True,0,0,0,0,False,False,False
80572,1,59,True,0,0,0,0,False,False,False
80632,1,59,True,0,0,0,0,False,False,False
80692,1,59,True,0,0,0,0,False,False,False
80752,1,59,True,0,0,0,0,False,False,False
80812,1,59,True,0,0,0,0,False,False,False
80872,1,59,True,0,0,0,0,False,False,False
80932,1,59,True,0,0,0,0,False,False,False
80992,1,59,True,0,0,0,0,False,False,False
81052,1,59,True,0,0,0,0,False,False,False
81112,1,59,True,0,0,0,0,False,False,False
81172,1,59,True,0,0,0,0,False,False,False
81232,1,59,True,0,0,0,0,False,False,False
81292,1,59,True,0,0,0,0,False,False,False
81352,1,59,True,0,0,0,0,False,False,False
81412,1,59,True,0,0,0,0,False,False,False
81472,1,59,True,0,0,0,0,False,False,False
81532,1,59,True,0,0,0,0,False,False,False
81592,1,59,True,0,0,0,0,False,False,False
81652,1,59,True,0,0,0,0,False,False,False
81712,1,59,True,0,0,0,0,False,False,False
81772,1,59,True,0,0,0,0,False,False,False
81832,1,59,True,0,0,0,0,False,False,False
81892,1,59,True,0,0,0,0,False,False,False
81952,1,59,True,0,0,0,0,False,False,False
82012,1,59,True,0,0,0,0,False,False,False
82072,1,59,True,0,0,0,0,False,False,False
82132,1,59,True,0,0,0,0,False,False,False
82192,1,59,True,0,0,0,0,False,False,False
82252,1,59,True,0,0,0,0,False,False,False
82312,1,59,True,0,0,0,0,False,False,False
82372,1,59,True,0,0,0,0,False,False,False
82432,1,59,True,0,0,0,0,False,False,False
82492,1,59,True,0,0,0,0,False,False,False
82552,1,59,True,0,0,0,0,False,False,False
82612,1,59,True,0,0,0,0,False,False,False
82672,1,59,True,0,0,0,0,False,False,False
82732,1,59,True,0,0,0,0,False,False,False
82792,1,59,True,0,0,0,0,False,False,False
82852,1,59,True,0,0,0,0,False,False,False
82912,1,59,True,0,0,0,0,False,False,False
82972,1,59,True,0,0,0,0,False,False,False
83032,1,59,True,0,0,0,0,False,False,False
83092,1,59,True,0,0,0,0,False,False,False
83152,1,59,True,0,0,0,0,False,False,False
83212,1,59,True,0,0,0,0,False,False,False
83272,1,59,True,0,0,0,0,False,False,False
83332,1,59,True,0,0,0,0,False,False,False
83392,1,59,True,0,0,0,0,False,False,False
83452,1,59,True,0,0,0,0,False,False,False
83512,1,59,True,0,0,0,0,False,False,False
83572,1,59,True,0,0,0,0,False,False,False
83632,1,59,True,0,0,0,0,False,False,False
83692,1,59,True,0,0,0,0,False,False,False
83752,1,59,True,0,0,0,0,False,False,False
83812,1,59,True,0,0,0,0,False,False,False
85792,100,0,False,0,0,0,0,False,False,False
85852,100,0,False,0,0,0,0,False,False,False
85912,100,0,False,0,0,0,0,False,False,False
85972,100,0,False,0,0,0,0,False,False,False
86032,100,0,False,0,0,0,0,False,False,False
86092,100,0,False,0,0,0,0,False,False,False
86152,100,0,False,0,0,0,0,False,False,False
86212,100,0,False,0,0,0,0,False,False,False
86272,100,0,False,0,0,0,0,False,False,False
86332,100,0,False,0,0,0,0,False,False,False
86392,100,0,False,0,0,0,0,False,False,False
86452,100,0,False,0,0,0,0,False,False,False
86512,100,0,False,0,0,0,0,False,False,False
86572,100,0,False,0,0,0,0,False,False,False
86632,100,0,False,0,0,0,0,False,False,False
86692,100,0,False,0,0,0,0,False,False,False
86752,100,0,False,0,0,0,0,False,False,False
86812,100,0,False,0,0,0,0,False,False,False
86872,100,0,False,0,0,0,0,False,False,False
86932,100,0,False,0,0,0,0,False,False,False
86992,100,0,False,0,0,0,0,False,False,False
87052,100,0,False,0,0,0,0,False,False,False
87112,100,0,False,0,0,0,0,False,False,False
87172,100,0,False,0,0,0,0,False,False,False
87232,100,0,False,0,0,0,0,False,False,False
87292,100,0,False,0,0,0,0,False,False,False
87352,100,0,False,0,0,0,0,False,False,False
87412,100,0,False,0,0,0,0,False,False,False
87472,100,0,False,0,0,0,0,False,False,False
87532,100,0,False,0,0,0,0,False,False,False
87592,100,0,False,0,0,0,0,False,False,False
87652,100,0,False,0,0,0,0,False,False,False
87712,100,0,False,0,0,0,0,False,False,False
87772,100,0,False,0,0,0,0,False,False,False
87832,100,0,False,0,0,0,0,False,False,False
87892,100,0,False,0,0,0,0,False,False,False
87952,100,0,False,0,0,0,0,False,False,False
88012,100,0,False,0,0,0,0,False,False,False
88072,100,0,False,0,0,0,0,False,False,False
88132,74,0,False,0,0,0,0,False,False,False
88192,74,0,False,0,0,0,0,False,False,False
88252,33,0,False,0,0,0,0,False,False,False
88312,33,0,False,0,0,0,0,False,False,False
88372,33,0,False,0,0,0,0,False,False,False
92932,100,100,True,1,1,0,1,False,False,False
92992,100,100,True,1,1,0,1,False,False,False
93052,100,100,True,1,1,0,1,False,False,False
93112,100,100,True,1,1,0,1,False,False,False
93172,100,100,True,1,1,0,1,False,False,False
93232,100,100,True,1,1,0,1,False,False,False
93292,100,100,True,0,1,0,1,False,False,False
93352,100,100,True,0,1,0,1,False,False,False
93412,100,100,True,0,1,0,1,False,False,False
93472,100,100,True,0,1,0,1,False,False,False
93532,90,100,True,0,1,0,1,False,False,False
93592,58,100,True,0,1,0,1,False,False,False
93652,18,100,True,0,1,0,1,False,False,False
100852,100,100,True,0,1,0,1,False,False,False
100912,100,100,True,0,1,0,1,False,False,False
100972,100,100,True,0,1,0,1,False,False,False
101032,100,100,True,0,1,0,1,False,False,False
101092,100,100,True,0,1,0,1,False,False,False
101152,100,100,True,0,1,0,1,False,False,False
101212,100,100,True,0,1,0,1,False,False,False
101272,100,100,True,0,1,0,1,False,False,False
101332,100,100,True,0,1,0,1,False,False,False
101392,100,100,True,0,1,0,1,False,False,False
101452,100,100,True,0,1,0,1,False,False,False
101512,100,100,True,0,1,0,1,False,False,False
101572,100,100,True,0,1,0,1,False,False,False
101632,100,100,True,0,1,0,1,False,False,False
101692,98,99,True,0,1,0,1,False,False,False
101752,98,99,True,0,1,0,1,False,False,False
101812,98,99,True,0,1,0,1,False,False,False
101872,98,99,True,0,1,0,1,False,False,False
101932,98,99,True,0,1,0,1,False,False,False
101992,98,99,True,0,1,0,1,False,False,False
102052,98,99,True,0,1,0,1,False,False,False
102112,98,99,True,0,1,0,1,False,False,False
102172,98,99,True,0,1,0,1,False,False,False
102232,98,99,True,0,1,0,1,False,False,False
102292,98,99,True,0,1,0,1,False,False,False
102352,98,99,True,0,1,0,1,False,False,False
102412,98,99,True,0,1,0,1,False,False,False
102472,98,99,True,0,1,0,1,False,False,False
102532,98,99,True,0,1,0,1,False,False,False
102592,98,99,True,0,1,0,1,False,False,False
102652,98,99,True,0,1,0,1,False,False,False
102712,98,99,True,0,1,0,1,False,False,False
102772,98,99,True,0,1,0,1,False,False,False
102832,98,99,True,0,1,0,1,False,False,False
102892,98,99,True,0,1,0,1,False,False,False
102952,98,99,True,0,1,0,1,False,False,False
103012,98,99,True,0,1,0,1,False,False,False
103072,98,99,True,0,1,0,1,False,False,False
103132,98,99,True,0,1,0,1,False,False,False
103192,98,99,True,0,1,0,1,False,False,False
103252,98,99,True,0,1,0,1,False,False,False
103312,98,99,True,0,1,0,1,False,False,False
103372,98,99,True,0,1,0,1,False,False,False
103432,98,99,True,0,1,0,1,False,False,False
103492,98,99,True,0,1,0,1,False,False,False
103552,98,99,True,0,1,0,1,False,False,False
103612,98,99,True,0,1,0,1,False,False,False
103672,98,99,True,0,1,0,1,False,False,False
103732,98,99,True,0,1,0,1,False,False,True
103792,98,99,True,0,1,0,1,False,False,True
103852,98,99,True,0,1,0,1,False,False,True
103912,98,99,True,0,1,0,1,False,False,True
103972,98,99,True,0,1,0,1,False,False,True
104032,98,99,True,0,1,0,1,False,False,True
104092,98,99,True,0,1,0,1,False,False,True
104152,98,99,True,0,1,0,1,False,False,True
104212,98,99,True,0,1,0,1,False,False,True
104272,98,99,True,0,1,0,1,False,False,True
104332,98,99,True,0,1,0,1,False,False,True
104392,98,99,True,0,1,0,1,False,False,True
104452,98,99,True,0,1,0,1,False,False,True
104512,98,99,True,0,1,0,1,False,False,True
104572,98,99,True,0,1,0,1,False,False,True
104632,98,99,True,0,1,0,1,False,False,True
104692,98,99,True,0,1,0,1,False,False,True
104752,98,99,True,0,1,0,1,False,False,True
104812,98,99,True,0,1,0,1,False,False,True
104872,98,99,True,0,1,0,1,False,False,True
104932,98,99,True,0,1,0,1,False,False,True
104992,98,99,True,0,1,0,1,False,False,True
105052,98,99,True,0,1,0,1,False,False,True
105112,98,99,True,0,1,0,1,False,False,True
105172,98,99,True,0,1,0,1,False,False,True
105232,98,99,True,0,1,0,1,False,False,True
105292,98,99,True,0,1,0,1,False,False,True
105352,98,99,True,0,1,0,1,False,False,True
105412,98,99,True,0,1,0,1,False,False,True
105472,98,99,True,0,1,0,1,False,False,True
105532,98,99,True,0,1,0,1,False,False,True
105592,98,99,True,0,1,0,1,False,False,True
105652,98,99,True,0,1,0,1,False,False,True
106972,100,99,True,1,1,0,1,False,False,False
107032,100,99,True,1,1,0,1,False,False,False
107092,100,99,True,1,1,0,1,False,False,False
107152,100,99,True,1,1,0,1,False,False,False
107212,100,99,True,1,1,0,1,False,False,False
107272,100,99,True,1,1,0,1,False,False,False
107332,100,99,True,1,1,0,1,False,False,False
107392,100,99,True,0,1,0,1,False,False,False
107452,100,99,True,0,1,0,1,False,False,False
107512,99,99,True,0,1,0,1,False,False,False
107572,99,99,True,0,1,0,1,False,False,False
107632,68,89,True,0,1,0,1,False,False,False
107692,68,89,True,0,1,0,1,False,False,False
107752,68,89,True,0,1,0,1,False,False,False
107812,68,89,True,0,1,0,1,False,False,False
107872,68,89,True,0,1,0,1,False,False,False
107932,68,89,True,0,1,0,1,False,False,False
107992,68,89,True,0,1,0,1,False,False,False
108052,68,89,True,0,1,0,1,False,False,False
108112,68,89,True,0,1,0,1,False,False,False
108172,68,89,True,0,1,0,1,False,False,False
108232,68,89,True,0,1,0,1,False,False,False
108292,68,89,True,0,1,0,1,False,False,False
108352,68,89,True,0,1,0,1,False,False,False
108412,68,89,True,0,1,0,1,False,False,False
108472,68,89,True,0,1,0,1,False,False,False
108532,68,89,True,0,1,0,1,False,False,False
108592,68,89,True,0,1,0,1,False,False,False
108652,68,89,True,0,1,0,1,False,False,False
108712,68,89,True,0,1,0,1,False,False,False
108772,68,89,True,0,1,0,1,False,False,False
108832,68,89,True,0,1,0,1,False,False,False
108892,68,89,True,0,1,0,1,False,False,False
108952,68,89,True,0,1,0,1,False,False,False
109012,68,89,True,0,1,0,1,False,False,False
109072,68,89,True,0,1,0,1,False,False,False
109132,68,89,True,0,1,0,1,False,False,False
109192,68,89,True,0,1,0,1,False,False,False
109252,68,89,True,0,1,0,1,False,False,False
109312,68,89,True,0,1,0,1,False,False,False
109372,68,89,True,0,1,0,1,False,False,False
109432,68,89,True,0,1,0,1,False,False,False
109492,68,89,True,0,1,0,1,False,False,False
109552,68,89,True,0,1,0,1,False,False,False
109612,68,89,True,0,1,0,1,False,False,False
109672,68,89,True,0,1,0,1,False,False,False
109732,68,89,True,0,1,0,1,False,False,False
109792,68,89,True,0,1,0,1,False,False,False
109852,68,89,True,0,1,0,1,False,False,False
109912,68,89,True,0,1,0,1,False,False,False
109972,68,89,True,0,1,0,1,False,False,False
110032,68,89,True,0,1,0,1,False,False,False
110092,68,89,True,0,1,0,1,False,False,False
110152,68,89,True,0,1,0,1,False,False,False
110212,68,89,True,0,1,0,1,False,False,False
110272,68,89,True,0,1,0,1,False,False,False
110332,68,89,True,0,1,0,1,False,False,False
110392,68,89,True,0,1,0,1,False,False,False
110452,68,89,True,0,1,0,1,False,False,False
110512,68,89,True,0,1,0,1,False,False,False
110572,68,89,True,0,1,0,1,False,False,False
110632,68,89,True,0,1,0,1,False,False,False
110692,68,89,True,0,1,0,1,False,False,False
110752,68,89,True,0,1,0,1,False,False,False
110812,68,89,True,0,1,0,1,False,False,False
110872,68,89,True,0,1,0,1,False,False,False
110932,68,89,True,0,1,0,1,False,False,False
110992,68,89,True,0,1,0,1,False,False,False
111052,68,89,True,0,1,0,1,False,False,False
111112,68,89,True,0,1,0,1,False,False,False
111172,68,89,True,0,1,0,1,False,False,False
111232,68,89,True,0,1,0,1,False,False,False
111292,68,89,True,0,1,0,1,False,False,False
111352,68,89,True,0,1,0,1,False,False,False
111412,68,89,True,0,1,0,1,False,False,False
112732,100,89,True,1,1,0,1,False,False,False
112792,100,89,True,1,1,0,1,False,False,False
112852,100,89,True,1,1,0,1,False,False,False
112912,100,89,True,1,0,0,1,False,False,False
112972,100,89,True,1,0,0,1,False,False,False
113032,100,89,True,1,0,0,1,False,False,False
113092,100,89,True,1,0,0,1,False,False,False
113152,100,89,True,1,0,0,1,False,False,False
113212,100,89,True,1,0,0,1,False,False,False
113272,100,89,True,1,0,0,1,False,False,False
113332,100,89,True,1,0,0,1,False,False,False
113392,100,89,True,1,0,0,1,False,False,False
113452,22,52,True,1,0,0,1,False,False,False
113512,22,52,True,1,0,0,1,False,False,False
113572,22,52,True,1,0,0,1,False,False,False
113632,22,52,True,1,0,0,1,False,False,False
113692,22,52,True,1,0,0,1,False,False,False
113752,22,52,True,1,0,0,1,False,False,False
113812,22,52,True,1,0,0,1,False,False,False
113872,22,52,True,1,0,0,1,False,False,False
113932,22,52,True,1,0,0,1,False,False,False
113992,22,52,True,1,0,0,1,False,False,False
114052,22,52,True,1,0,0,1,False,False,False
114112,22,52,True,1,0,0,1,False,False,False
114172,22,52,True,1,0,0,1,False,False,False
114232,22,52,True,1,0,0,1,False,False,False
114292,22,52,True,0,0,0,1,False,False,False
114352,22,52,True,0,0,0,1,False,False,False
114412,22,52,True,0,0,0,1,False,False,False
114472,22,52,True,0,0,0,1,False,False,False
114532,22,52,True,0,0,0,1,False,False,False
114592,22,52,True,0,0,0,1,False,False,False
114652,22,52,True,0,0,0,1,False,False,False
114712,22,52,True,0,0,0,1,False,False,False
114772,22,52,True,0,0,0,1,False,False,False
114832,22,52,True,0,0,0,1,False,False,False
114892,22,52,True,0,0,0,1,False,False,False
114952,22,52,True,0,0,0,1,False,False,False
115012,22,52,True,0,0,0,1,False,False,False
115072,22,52,True,0,0,0,1,False,False,False
115132,22,52,True,0,0,0,1,False,False,False
115192,22,52,True,0,0,0,1,False,False,False
115252,22,52,True,0,0,0,1,False,False,False
115312,22,52,True,0,0,0,1,False,False,False
115372,22,52,True,0,0,0,1,False,False,False
115432,22,52,True,0,0,0,1,False,False,False
115492,22,52,True,0,0,0,1,False,False,False
115552,22,52,True,0,0,0,1,False,False,False
115612,22,52,True,0,0,0,1,False,False,False
115672,22,52,True,0,0,0,1,False,False,False
115732,22,52,True,0,0,0,1,False,False,False
115792,22,52,True,0,0,0,1,False,False,False
115852,22,52,True,0,0,0,1,False,False,False
115912,22,52,True,0,0,0,0,False,False,False
115972,22,52,True,0,0,0,0,False,False,False
116032,22,52,True,0,0,0,0,False,False,False
116092,22,52,True,0,0,0,0,False,False,False
118012,100,100,True,1,1,0,1,False,False,False
118072,100,100,True,1,1,0,1,False,False,False
118132,100,100,True,1,1,0,1,False,False,False
118192,100,100,True,1,1,0,1,False,False,False
118252,100,100,True,0,1,0,1,False,False,False
118312,100,100,True,0,1,0,1,False,False,False
118372,100,100,True,0,1,0,1,False,False,False
118432,100,100,True,0,1,0,1,False,False,False
118492,100,100,True,0,1,0,1,False,False,False
118552,100,100,True,0,0,0,1,False,False,False
118612,100,100,True,0,0,0,1,False,False,False
118672,100,100,True,0,0,0,1,False,False,False
118732,100,100,True,0,0,0,1,False,False,False
118792,100,100,True,0,0,0,1,False,False,False
118852,100,100,True,0,0,0,1,False,False,False
118912,100,100,True,0,0,0,1,False,False,False
118972,100,100,True,0,0,0,1,False,False,False
119032,100,100,True,0,0,0,1,False,False,False
119092,100,100,True,0,0,0,1,False,False,False
119152,100,100,True,0,0,0,1,False,False,False
119212,100,100,True,0,0,0,1,False,False,False
119272,100,100,True,0,0,0,1,False,False,False
119332,100,100,True,0,0,0,1,False,False,False
119392,100,100,True,0,0,0,1,False,False,False
119452,100,100,True,0,0,0,1,False,False,False
119512,100,100,True,0,0,0,1,False,False,False
119572,100,100,True,0,0,0,1,False,False,False
119632,100,100,True,0,0,0,1,False,False,False
119692,100,100,True,0,0,0,1,False,False,False
119752,100,100,True,0,0,0,0,False,False,False
119812,100,100,True,0,0,0,0,False,False,False
119872,100,100,True,0,0,0,0,False,False,False
119932,100,100,True,0,0,0,0,False,False,False
119992,100,100,True,0,0,0,0,False,False,False
120052,84,100,True,0,0,0,0,False,False,False
120112,14,87,True,0,0,0,0,False,False,False
124732,100,100,True,1,1,0,1,False,False,False
124792,100,100,True,0,1,0,1,False,False,False
124852,100,100,True,0,1,0,1,False,False,False
124912,100,100,True,0,1,0,1,False,False,False
124972,100,100,True,0,1,0,1,False,False,False
125032,100,100,True,0,1,0,1,False,False,False
125092,100,100,True,0,1,0,1,False,False,False
125152,100,100,True,0,1,0,1,False,False,False
125212,100,100,True,0,0,0,1,False,False,False
125272,100,100,True,0,0,0,1,False,False,False
125332,100,100,True,0,0,0,1,False,False,False
125392,100,100,True,0,0,0,1,False,False,False
125452,100,100,True,0,0,0,1,False,False,False
125512,100,100,True,0,0,0,1,False,False,False
125572,100,100,True,0,0,0,1,False,False,False
125632,100,100,True,0,0,0,1,False,False,False
125692,100,100,True,0,0,0,1,False,False,False
125752,100,100,True,0,0,0,1,False,False,False
125812,100,100,True,0,0,0,1,False,False,False
125872,100,100,True,0,0,0,1,False,False,False
125932,100,100,True,0,0,0,1,False,False,False
125992,100,100,True,0,0,0,1,False,False,False
126052,100,100,True,0,0,0,1,False,False,False
126112,100,100,True,0,0,0,1,False,False,False
126172,100,100,True,0,0,0,1,False,False,False
126232,63,99,True,0,0,0,1,False,False,False
126292,63,99,True,0,0,0,1,False,False,False
126352,63,99,True,0,0,0,1,False,False,False
126412,63,99,True,0,0,0,1,False,False,False
126472,63,99,True,0,0,0,1,False,False,False
126532,63,99,True,0,0,0,1,False,False,False
126592,63,99,True,0,0,0,1,False,False,False
126652,63,99,True,0,0,0,1,False,False,False
126712,63,99,True,0,0,0,1,False,False,False
126772,63,99,True,0,0,0,1,False,False,False
126832,63,99,True,0,0,0,0,False,False,False
126892,63,99,True,0,0,0,0,False,False,False
126952,63,99,True,0,0,0,0,False,False,False
127012,63,99,True,0,0,0,0,False,False,False
127072,63,99,True,0,0,0,0,False,False,False
127132,63,99,True,0,0,0,0,False,False,False
127192,63,99,True,0,0,0,0,False,False,False
127252,63,99,True,0,0,0,0,False,False,False
127312,63,99,True,0,0,0,0,False,False,False
127372,63,99,True,0,0,0,0,False,False,False
127432,63,99,True,0,0,0,0,False,False,False
127492,63,99,True,0,0,0,0,False,False,True
127552,63,99,True,0,0,0,0,False,False,True
127612,63,99,True,0,0,0,0,False,False,True
127672,63,99,True,0,0,0,0,False,False,True
130852,100,100,True,0,0,0,0,False,False,False
130912,100,100,True,0,0,0,0,False,False,False
130972,100,100,True,0,0,0,0,False,False,False
131032,100,100,True,0,0,0,0,False,False,False
131092,100,100,True,0,0,0,0,False,False,False
131152,100,100,True,0,0,0,0,False,False,False
131212,100,100,True,0,0,0,0,False,False,False
131272,100,100,True,0,0,0,0,False,False,False
131332,100,100,True,0,0,0,0,False,False,False
131392,100,100,True,0,0,0,0,False,False,False
131452,100,100,True,0,0,0,0,False,False,False
131512,100,100,True,0,0,0,0,False,False,False
131572,100,100,True,0,0,0,0,False,False,False
131632,100,100,True,0,0,0,0,False,False,False
131692,100,100,True,0,0,0,0,False,False,False
131752,100,100,True,0,0,0,0,False,False,False
131812,100,100,True,0,0,0,0,False,False,False
131872,100,100,True,0,0,0,0,False,False,False
131932,100,100,True,0,0,0,0,False,False,False
131992,100,100,True,0,0,0,0,False,False,False
132052,100,100,True,0,0,0,0,False,False,False
132112,100,100,True,0,0,0,0,False,False,False
132172,100,100,True,0,0,0,0,False,False,False
132232,100,100,True,0,0,0,0,False,False,False
132292,100,100,True,0,0,0,0,False,False,False
132352,100,100,True,0,0,0,0,False,False,False
132412,100,100,True,0,0,0,0,False,False,False
132472,100,100,True,0,0,0,0,False,False,False
132532,100,100,True,0,0,0,0,False,False,False
132592,100,100,True,0,0,0,0,False,False,False
132652,100,100,True,0,0,0,0,False,False,False
132712,100,100,True,0,0,0,0,False,False,False
132772,100,100,True,0,0,0,0,False,False,False
132832,100,100,True,0,0,0,0,False,False,False
132892,100,100,True,0,0,0,0,False,False,False
132952,100,100,True,0,0,0,0,False,False,False
133012,100,100,True,0,0,0,0,False,False,False
133072,100,100,True,0,0,0,0,False,False,False
133132,100,100,True,0,0,0,0,False,False,False
133192,100,100,True,0,0,0,0,False,False,False
133252,100,100,True,0,0,0,0,False,False,False
133312,100,100,True,0,0,0,0,False,False,False
133372,100,100,True,0,0,0,0,False,False,False
133432,100,100,True,0,0,0,0,False,False,False
133492,100,100,True,0,0,0,0,False,False,False
133552,100,100,True,0,0,0,0,False,False,False
133612,100,100,True,0,0,0,0,False,False,False
133672,100,100,True,0,0,0,0,False,False,False
133732,100,100,True,0,0,0,0,False,False,False
133792,100,100,True,0,0,0,0,False,False,False
133852,100,100,True,0,0,0,0,False,False,False
133912,100,100,True,0,0,0,0,False,False,False
133972,100,100,True,0,0,0,0,False,False,False
134032,100,100,True,0,0,0,0,False,False,False
134092,100,100,True,0,0,0,0,False,False,False
134152,100,100,True,0,0,0,0,False,False,False
134212,100,100,True,0,0,0,0,False,False,False
134272,100,100,True,0,0,0,0,False,False,False
134332,100,100,True,0,0,0,0,False,False,False
134392,100,100,True,0,0,0,0,False,False,False
134452,100,100,True,0,0,0,0,False,False,False
134512,100,100,True,0,0,0,0,False,False,False
134572,100,100,True,0,0,0,0,False,False,False
134632,100,100,True,0,0,0,0,False,False,False
134692,100,100,True,0,0,0,0,False,False,False
134752,100,100,True,0,0,0,0,False,False,False
134812,77,96,True,0,0,0,0,False,False,False
136912,100,100,True,1,1,0,1,False,True,False
136972,100,100,True,1,1,0,1,False,True,False
137032,100,100,True,1,1,0,1,False,True,False
137092,100,100,True,1,1,0,1,False,True,False
137152,100,100,True,1,1,0,1,False,True,False
137212,100,100,True,0,1,0,1,False,True,False
137272,100,100,True,0,1,0,1,False,True,False
137332,100,100,True,0,1,0,1,False,True,False
137392,100,100,True,0,1,0,1,False,True,False
137452,100,100,True,0,1,0,1,False,True,False
137512,100,100,True,0,1,0,1,False,True,False
137572,100,100,True,0,1,0,1,False,True,False
137632,100,100,True,0,1,0,1,False,True,False
137692,100,100,True,0,1,0,1,False,True,False
137752,100,100,True,0,1,0,1,False,True,False
137812,100,100,True,0,1,0,1,False,True,False
137872,100,100,True,0,1,0,1,False,True,False
137932,100,100,True,0,1,0,1,False,True,False
137992,100,100,True,0,1,0,1,False,True,False
138052,100,100,True,0,1,0,1,False,True,False
138112,100,100,True,0,1,0,1,False,True,False
138172,100,100,True,0,1,0,1,False,True,False
138232,100,100,True,0,1,0,1,False,True,False
138292,100,100,True,1,1,0,1,False,True,False
138352,100,100,True,1,1,0,1,False,True,False
138412,100,100,True,1,1,0,1,False,True,False
138472,100,100,True,1,1,0,1,False,True,False
138532,100,100,True,0,1,0,1,False,True,False
138592,100,100,True,0,1,0,1,False,True,False
138652,69,80,True,0,1,0,1,False,True,False
138712,69,80,True,0,1,0,1,False,True,False
138772,69,80,True,0,1,0,1,False,True,False
138832,69,80,True,0,1,0,1,False,True,False
138892,69,80,True,0,1,0,1,False,True,False
138952,69,80,True,0,1,0,1,False,True,False
139012,47,76,True,0,1,0,1,False,True,False
139072,47,76,True,0,1,0,1,False,True,False
139132,47,76,True,0,1,0,1,False,True,False
139192,47,76,True,0,1,0,1,False,True,False
139252,47,76,True,0,1,0,1,False,True,False
142612,100,100,True,1,1,0,1,False,False,False
142672,100,100,True,0,1,0,1,False,False,False
142732,100,100,True,0,1,0,1,False,False,False
142792,100,100,True,0,1,0,1,False,False,False
142852,100,100,True,0,1,0,1,False,False,False
142912,100,100,True,0,1,0,1,False,False,False
142972,100,100,True,0,1,0,1,False,False,False
143032,100,100,True,0,1,0,1,False,False,False
143092,100,100,True,0,1,0,1,False,False,False
143152,100,100,True,0,0,0,1,False,False,False
143212,100,100,True,0,0,0,1,False,False,False
143272,100,100,True,0,0,0,1,False,False,False
143332,100,100,True,0,0,0,1,False,False,False
143392,100,100,True,0,0,0,1,False,False,False
143452,100,100,True,0,0,0,0,False,False,False
143512,100,100,True,0,0,0,0,False,False,False
143572,100,100,True,0,0,0,0,False,False,False
143632,100,100,True,0,0,0,0,False,False,False
143692,100,100,True,0,0,0,0,False,False,False
143752,100,100,True,0,0,0,0,False,False,False
143812,100,100,True,0,0,0,0,False,False,False
143872,100,100,True,0,0,0,0,False,False,False
143932,100,100,True,0,0,0,0,False,False,False
143992,100,100,True,0,0,0,0,False,False,False
144052,100,100,True,0,0,0,0,False,False,False
144112,100,100,True,0,0,0,0,False,False,False
144172,100,100,True,0,0,0,0,False,False,False
144232,100,100,True,0,0,0,0,False,False,False
144292,100,100,True,0,0,0,0,False,False,False
144352,100,100,True,0,0,0,0,False,False,False
144412,100,100,True,0,0,0,0,False,False,False
144472,100,100,True,0,0,0,0,False,False,False
144532,100,100,True,0,0,0,0,False,False,False
144592,100,100,True,0,0,0,0,False,False,False
144652,100,100,True,0,0,0,0,False,False,False
144712,100,100,True,0,0,0,0,False,False,False
144772,100,100,True,0,0,0,0,False,False,False
144832,100,100,True,0,0,0,0,False,False,False
144892,100,100,True,0,0,0,0,False,False,False
144952,100,100,True,0,0,0,0,False,False,False
145012,100,100,True,0,0,0,0,False,False,False
145072,100,100,True,0,0,0,0,False,False,False
145132,100,100,True,0,0,0,0,False,False,False
145192,100,100,True,0,0,0,0,False,False,False
145252,100,100,True,0,0,0,0,False,False,False
145312,100,100,True,0,0,0,0,False,False,False
145372,100,100,True,0,0,0,0,False,False,False
145432,100,100,True,0,0,0,0,False,False,False
145492,100,100,True,0,0,0,0,False,False,False
145552,100,100,True,0,0,0,0,False,False,False
145612,100,100,True,0,0,0,0,False,False,False
145672,100,100,True,0,0,0,0,False,False,False
145732,100,100,True,0,0,0,0,False,False,False
145792,100,100,True,0,0,0,0,False,False,False
145852,100,100,True,0,0,0,0,False,False,False
145912,100,100,True,0,0,0,0,False,False,False
145972,100,100,True,0,0,0,0,False,False,False
146032,100,100,True,0,0,0,0,False,False,False
146092,100,100,True,0,0,0,0,False,False,False
146152,100,100,True,0,0,0,0,False,False,False
146212,100,100,True,0,0,0,0,False,False,False
146272,100,100,True,1,0,0,0,False,False,False
146332,100,100,True,1,0,0,0,False,False,False
146392,100,100,True,1,0,0,0,False,False,True
146452,100,100,True,1,0,0,0,False,False,True
146512,100,100,True,1,0,0,0,False,False,True
146572,100,100,True,1,0,0,0,False,False,True
146632,100,100,True,1,0,0,0,False,False,True
146692,100,100,True,1,0,0,0,False,False,True
146752,100,100,True,1,0,0,0,False,False,True
146812,100,100,True,1,0,0,0,False,False,True
146872,100,100,True,1,0,0,0,False,False,True
146932,100,100,True,1,0,0,0,False,False,True
146992,100,100,True,1,0,0,0,False,False,True
147052,71,99,True,1,0,0,0,False,False,True
147112,42,98,True,1,0,0,0,False,False,True
147172,42,98,True,1,0,0,0,False,False,True
147232,42,98,True,1,0,0,0,False,False,True
147292,42,98,True,1,0,0,0,False,False,True
147352,42,98,True,1,0,0,0,False,False,True
147412,42,98,True,1,0,0,0,False,False,True
