0,1,2,3,4,5,6,7,8,9,10
4982,100,100,False,0,0,0,0,False,False,False
5042,100,100,False,0,0,0,0,False,False,False
5102,100,100,False,0,0,0,0,False,False,False
5162,100,100,False,0,0,0,0,False,False,False
5222,100,100,False,0,0,0,0,False,False,False
5282,100,100,False,0,0,0,0,False,False,False
5342,100,100,False,0,0,0,0,False,False,False
5402,100,100,False,0,0,0,0,False,False,False
5462,100,100,False,0,0,0,0,False,False,False
5522,100,100,False,0,0,0,0,False,False,False
5582,100,100,False,0,0,0,0,False,False,False
5642,100,100,False,0,0,0,0,False,False,False
5702,100,100,False,0,0,0,0,False,False,False
5762,100,100,False,0,0,0,0,False,False,False
5822,100,100,False,0,0,0,0,False,False,False
5882,100,100,False,0,0,0,0,False,False,False
5942,100,100,False,0,0,0,0,False,False,False
6002,100,100,False,0,0,0,0,False,False,False
6062,100,100,False,0,0,0,0,False,False,False
6122,100,100,False,0,0,0,0,False,False,False
6182,100,100,False,0,0,0,0,False,False,False
6242,100,100,False,0,0,0,0,False,False,False
6302,100,100,False,0,0,0,0,False,False,False
6362,100,100,False,0,0,0,0,False,False,False
6422,100,100,False,0,0,0,0,False,False,False
6482,100,100,False,0,0,0,0,False,False,False
6542,100,100,False,0,0,0,0,False,False,False
6602,90,95,False,0,0,0,0,False,False,False
6662,90,95,False,0,0,0,0,False,False,False
6722,90,95,False,0,0,0,0,False,False,False
6782,90,95,False,0,0,0,0,False,False,False
6842,90,95,False,0,0,0,0,False,False,False
6902,90,95,False,0,0,0,0,False,False,False
6962,90,95,False,0,0,0,0,False,False,False
7022,90,95,False,0,0,0,0,False,False,False
7082,90,95,False,0,0,0,0,False,False,False
7142,90,95,False,0,0,0,0,False,False,False
7202,90,95,False,0,0,0,0,False,False,False
7262,90,95,False,0,0,0,0,False,False,False
7322,90,95,False,0,0,0,0,False,False,False
7382,90,95,False,0,0,0,0,False,False,False
7442,90,95,False,0,0,0,0,False,False,False
7502,90,95,False,0,0,0,0,False,False,False
7562,90,95,False,0,0,0,0,False,False,False
7622,90,95,False,0,0,0,0,False,False,False
7682,90,95,False,0,0,0,0,False,False,False
7742,90,95,False,0,0,0,0,False,False,False
7802,90,95,False,0,0,0,0,False,False,False
7862,84,92,False,0,0,0,0,False,False,False
7922,84,92,False,0,0,0,0,False,False,False
7982,84,92,False,0,0,0,0,False,False,False
8042,84,92,False,0,0,0,0,False,False,False
8102,84,92,False,0,0,0,0,False,False,False
8162,84,92,False,0,0,0,0,False,False,False
8222,84,92,False,0,0,0,0,False,False,False
8282,84,92,False,0,0,0,0,False,False,False
8342,84,92,False,0,0,0,0,False,False,False
8402,84,92,False,0,0,0,0,False,False,False
8462,84,92,False,0,0,0,0,False,False,False
8522,84,92,False,0,0,0,0,False,False,False
8582,84,92,False,0,0,0,0,False,False,False
8642,84,92,False,0,0,0,0,False,False,False
8702,84,92,False,0,0,0,0,False,False,False
8762,84,92,False,0,0,0,0,False,False,False
8822,84,92,False,0,0,0,0,False,False,False
8882,84,92,False,0,0,0,0,False,False,False
8942,84,92,False,0,0,0,0,False,False,False
9002,84,92,False,0,0,0,0,False,False,False
9062,84,92,False,0,0,0,0,False,False,False
9122,84,92,False,0,0,0,0,False,False,False
9182,84,92,False,0,0,0,0,False,False,False
9242,84,92,False,0,0,0,0,False,False,False
9302,84,92,False,0,0,0,0,False,False,False
9362,84,92,False,0,0,0,0,False,False,False
9422,84,92,False,0,0,0,0,False,False,False
9482,84,92,False,0,0,0,0,False,False,False
9542,84,92,False,0,0,0,0,False,False,False
9602,84,92,False,0,0,0,0,False,False,False
9662,84,92,False,0,0,0,0,False,False,False
9722,84,92,False,0,0,0,0,False,False,False
9782,84,92,False,0,0,0,0,False,False,False
9842,84,92,False,0,0,0,0,False,False,False
11162,100,100,True,1,1,0,1,False,False,False
11222,100,100,True,1,1,0,1,False,False,False
11282,100,100,True,1,1,0,1,False,False,False
11342,100,100,True,1,1,0,1,False,False,False
11402,100,100,True,1,1,0,1,False,False,False
11462,100,100,True,1,1,0,1,False,False,False
11522,99,100,True,1,1,0,1,False,False,False
11582,99,100,True,1,1,0,1,False,False,False
11642,99,100,True,1,1,0,1,False,False,False
11702,99,100,True,1,1,0,1,False,False,False
11762,99,100,True,1,1,0,1,False,False,False
11822,99,100,True,1,1,0,1,False,False,False
11882,99,100,True,1,1,0,1,False,False,False
11942,64,99,True,1,1,0,1,False,False,False
16742,100,100,True,1,0,1,1,False,False,False
16802,100,100,True,1,1,1,1,False,False,False
16862,100,100,True,1,1,1,1,False,False,False
16922,100,100,True,1,1,1,1,False,False,False
16982,100,100,True,1,1,1,1,False,False,False
17042,100,100,True,1,1,1,1,False,False,False
17102,100,100,True,1,1,1,1,False,False,False
17162,100,100,True,1,1,1,1,False,False,False
17222,100,100,True,1,1,1,1,False,False,False
17282,100,100,True,1,1,1,1,False,False,False
17342,100,100,True,1,1,1,1,False,False,False
17402,100,100,True,1,1,1,1,False,False,False
17462,100,100,True,1,1,1,1,False,False,False
17522,100,100,True,1,1,1,1,False,False,False
17582,100,100,True,1,1,1,1,False,False,False
17642,100,100,True,1,1,1,1,False,False,False
17702,100,100,True,1,1,1,1,False,False,False
17762,100,100,True,1,1,1,1,False,False,False
17822,100,100,True,1,1,0,1,False,False,False
17882,100,100,True,1,1,0,1,False,False,False
17942,100,100,True,1,1,0,1,False,False,False
18002,100,100,True,1,1,0,1,False,False,False
18062,100,100,True,1,1,0,1,False,False,False
18122,100,100,True,1,1,0,1,False,False,False
18182,100,100,True,1,1,0,1,False,False,False
18242,100,100,True,1,1,0,1,False,False,False
18302,100,100,True,1,1,0,1,False,False,False
18362,100,100,True,1,1,0,1,False,False,False
18422,100,100,True,1,1,0,1,False,False,False
18482,100,100,True,1,1,0,1,False,False,False
18542,100,100,True,1,1,0,1,False,False,False
18602,100,100,True,1,1,0,1,False,False,False
18662,100,100,True,1,1,0,1,False,False,False
18722,100,100,True,1,1,0,1,False,False,False
20102,100,100,True,1,1,1,1,True,False,False
20162,100,100,True,1,1,1,1,True,False,False
20222,100,100,True,1,1,1,1,True,False,False
20282,100,100,True,1,1,1,1,True,False,False
20342,100,100,True,1,1,1,1,True,False,False
20402,100,100,True,1,1,1,1,True,False,False
20462,100,100,True,1,1,1,1,True,False,False
20522,100,100,True,1,1,1,1,True,False,False
20582,100,100,True,1,1,1,1,True,False,False
20642,100,100,True,1,1,1,1,True,False,False
20702,100,100,True,1,1,1,1,True,False,False
20762,100,100,True,1,1,1,1,True,False,False
20822,100,100,True,1,1,1,1,True,False,False
20882,100,100,True,1,1,1,1,True,False,False
20942,100,100,True,1,1,1,1,True,False,False
21002,100,100,True,1,1,1,1,True,False,False
21062,100,100,True,1,1,1,1,True,False,False
21122,100,100,True,1,0,1,1,True,False,False
21182,100,100,True,1,0,1,1,True,False,False
21242,100,100,True,1,0,1,1,True,False,False
21302,100,100,True,1,0,1,1,True,False,False
21362,100,100,True,1,0,0,1,True,False,False
21422,100,100,True,1,0,0,1,True,False,False
21482,100,100,True,1,0,1,1,True,False,False
21542,100,100,True,1,0,1,1,True,False,False
21602,100,100,True,1,0,1,1,True,False,False
21662,100,100,True,1,0,1,1,True,False,False
21722,100,100,True,1,0,1,1,True,False,False
21782,100,100,True,1,1,1,1,True,False,False
21842,100,100,True,1,1,1,1,True,False,False
21902,100,100,True,1,1,1,1,True,False,False
21962,100,100,True,1,1,1,1,True,False,False
22022,100,100,True,1,1,1,1,True,False,False
22082,100,100,True,1,1,1,1,True,False,False
22142,100,100,True,1,1,1,1,True,False,False
22202,100,100,True,1,1,1,1,True,False,False
22262,100,100,True,0,1,1,1,True,False,False
22322,100,100,True,0,1,1,1,True,False,False
22382,100,100,True,0,1,1,1,True,False,False
22442,100,100,True,0,1,1,1,True,False,False
22502,100,100,True,0,1,1,1,True,False,False
22562,100,100,True,0,1,1,1,True,False,False
22622,100,100,True,0,1,1,1,True,False,False
22682,100,100,True,0,1,1,1,True,False,False
22742,100,100,True,0,1,1,1,True,False,False
22802,100,100,True,0,1,1,1,True,False,False
22862,100,100,True,0,1,1,1,True,False,False
22922,100,100,True,0,1,1,1,True,False,False
22982,100,100,True,0,1,1,1,True,False,False
23042,100,100,True,0,1,1,1,True,False,False
23102,100,100,True,0,1,1,1,True,False,False
23162,100,100,True,0,1,1,1,True,False,False
23222,100,100,True,0,1,1,1,True,False,False
23282,100,100,True,0,1,1,1,True,False,False
23342,100,100,True,0,1,1,1,True,False,False
23402,100,100,True,0,1,1,1,True,False,False
23462,100,100,True,0,1,1,1,True,False,False
23522,100,100,True,0,1,1,1,True,False,False
23582,100,100,True,0,1,1,1,True,False,False
23642,100,100,True,0,1,1,1,True,False,False
23702,100,100,True,0,1,1,1,True,False,False
23762,100,100,True,0,1,1,1,True,False,False
23822,100,100,True,0,1,1,1,True,False,False
23882,100,100,True,0,1,1,1,True,False,False
23942,100,100,True,0,1,1,1,True,False,False
24002,100,100,True,0,1,1,0,True,False,False
24062,100,100,True,0,1,0,0,True,False,False
24122,100,100,True,0,1,0,0,True,False,False
24182,100,100,True,0,1,0,0,True,False,False
24242,100,100,True,0,1,0,0,True,False,False
24302,100,100,True,0,1,0,0,True,False,False
24362,100,100,True,0,1,0,0,True,False,False
24422,100,100,True,0,1,0,0,True,False,False
24482,100,100,True,0,1,0,0,True,False,False
24542,100,100,True,0,1,0,0,True,False,False
24602,100,100,True,0,1,0,0,True,False,False
24662,100,100,True,0,1,0,0,True,False,False
24722,100,100,True,0,1,0,0,True,False,False
24782,100,100,True,0,1,0,0,True,False,False
24842,100,100,True,0,1,0,0,True,False,False
24902,100,100,True,0,1,0,0,True,False,False
24962,100,100,True,0,1,0,0,True,False,False
25022,100,100,True,0,1,0,0,True,False,False
25082,100,100,True,0,1,0,0,True,False,False
25142,100,100,True,0,1,0,0,True,False,False
25202,100,100,True,0,1,0,0,True,False,False
25262,100,100,True,0,1,0,0,True,False,False
25322,100,100,True,0,1,0,0,True,False,False
25382,100,100,True,0,1,0,0,True,False,False
25442,100,100,True,0,1,0,0,True,False,False
25502,100,100,True,0,1,0,0,True,False,False
25562,100,100,True,0,0,0,0,True,False,False
25622,100,100,True,0,0,0,0,True,False,False
25682,100,100,True,0,0,0,0,True,False,False
25742,100,100,True,0,0,0,0,True,False,False
25802,100,100,True,0,0,0,0,True,False,False
25862,100,100,True,0,0,0,0,True,False,False
25922,100,100,True,0,0,0,0,True,False,False
25982,100,100,True,0,0,0,0,True,False,False
26042,100,100,True,0,0,0,0,True,False,False
26102,100,100,True,0,0,0,0,True,False,False
26162,100,100,True,0,0,0,0,True,False,False
26222,48,94,True,0,0,0,0,True,False,False
26282,48,94,True,0,0,0,0,True,False,False
26342,48,94,True,0,0,0,0,True,False,False
26402,48,94,True,0,0,0,0,True,False,False
29402,100,100,False,1,0,0,0,False,False,False
29462,100,100,False,1,0,0,0,False,False,False
29522,100,100,False,1,0,0,0,False,False,False
29582,100,100,False,1,0,0,0,False,False,False
29642,100,100,False,1,0,0,0,False,False,False
29702,100,100,False,1,0,0,0,False,False,False
29762,100,100,False,1,0,0,0,False,False,False
29822,100,100,False,1,0,0,0,False,False,False
29882,100,100,False,1,0,0,0,False,False,False
29942,100,100,False,1,0,0,0,False,False,False
30002,100,100,False,1,0,0,0,False,False,False
30062,100,100,False,1,0,0,0,False,False,False
30122,100,100,False,1,0,0,0,False,False,False
30182,100,100,False,1,0,0,0,False,False,False
30242,100,100,False,1,0,0,0,False,False,False
30302,100,100,False,1,0,0,0,False,False,False
30362,100,100,False,1,0,0,0,False,False,False
30422,100,100,False,1,0,0,0,False,False,False
30482,100,100,False,1,0,0,0,False,False,False
30542,100,100,False,1,0,0,0,False,False,False
30602,100,100,False,1,0,0,0,False,False,False
30662,100,100,False,1,0,0,0,False,False,False
30722,100,100,False,1,0,0,0,False,False,False
30782,100,100,False,1,0,0,0,False,False,False
30842,100,100,False,1,0,0,0,False,False,False
30902,100,100,False,1,0,0,0,False,False,False
30962,100,100,False,1,0,0,0,False,False,False
31022,100,100,False,1,0,0,0,False,False,False
31082,100,100,False,1,0,0,0,False,False,False
31142,100,100,False,1,0,0,0,False,False,False
31202,100,100,False,1,0,0,0,False,False,False
31262,100,100,False,1,0,0,0,False,False,False
31322,100,100,False,1,0,0,0,False,False,False
31382,100,100,False,1,0,0,0,False,False,False
31442,100,100,False,1,0,0,0,False,False,False
31502,100,100,False,1,0,0,0,False,False,False
31562,100,100,False,1,0,0,0,False,False,False
31622,100,100,False,1,0,0,0,False,False,False
31682,100,100,False,1,0,0,0,False,False,False
31742,100,100,False,1,0,0,0,False,False,False
31802,100,100,False,1,0,0,0,False,False,False
31862,100,100,False,1,0,0,0,False,False,False
31922,100,100,False,1,0,0,0,False,False,False
31982,100,100,False,1,0,0,0,False,False,False
32042,100,100,False,1,0,0,0,False,False,False
32102,100,100,False,1,0,0,0,False,False,False
32162,100,100,False,1,0,0,0,False,False,False
32222,100,100,False,1,0,0,0,False,False,False
32282,100,100,False,1,0,0,0,False,False,False
32342,100,100,False,1,0,0,0,False,False,False
32402,100,100,False,1,0,0,0,False,False,False
32462,100,100,False,1,0,0,0,False,False,False
32522,100,100,False,1,0,0,0,False,False,False
32582,100,100,False,1,0,0,0,False,False,False
32642,100,100,False,1,0,0,0,False,False,False
32702,100,100,False,1,0,0,0,False,False,False
32762,100,100,False,1,0,0,0,False,False,False
32822,100,100,False,1,0,0,0,False,False,False
32882,100,100,False,1,0,0,0,False,False,False
32942,100,100,False,1,0,0,0,False,False,False
33002,100,100,False,1,0,0,0,False,False,False
33062,100,100,False,1,0,0,0,False,False,False
33122,100,100,False,1,0,0,0,False,False,False
33182,100,100,False,1,0,0,0,False,False,False
33242,100,100,False,1,0,0,0,False,False,False
33302,100,100,False,0,0,0,0,False,False,False
33362,100,100,False,0,0,0,0,False,False,False
33422,100,100,False,0,0,0,0,False,False,False
33482,100,100,False,0,0,0,0,False,False,False
33542,100,100,False,0,0,0,0,False,False,False
33602,100,100,False,0,0,0,0,False,False,False
33662,100,100,False,0,0,0,0,False,False,False
33722,100,100,False,0,0,0,0,False,False,False
33782,100,100,False,0,0,0,0,False,False,False
33842,100,100,False,0,0,0,0,False,False,False
33902,100,100,False,0,0,0,0,False,False,False
33962,100,100,False,0,0,0,0,False,False,False
34022,100,100,False,0,0,0,0,False,False,False
34082,45,92,False,0,0,0,0,False,False,False
34142,45,92,False,0,0,0,0,False,False,False
34202,45,92,False,0,0,0,0,False,False,False
34262,45,92,False,0,0,0,0,False,False,False
34322,45,92,False,0,0,0,0,False,False,False
34382,45,92,False,0,0,1,0,False,False,False
34442,45,92,False,0,0,1,0,False,False,False
36242,100,100,True,1,1,1,1,True,False,False
36302,100,100,True,1,1,1,1,True,False,False
36362,100,100,True,1,1,1,1,True,False,False
36422,100,100,True,1,1,1,1,True,False,False
36482,100,100,True,1,1,1,1,True,False,False
36542,100,100,True,1,1,1,1,True,False,False
36602,100,100,True,1,1,1,1,True,False,False
36662,100,100,True,1,1,1,1,True,False,False
36722,100,100,True,1,1,1,1,True,False,False
36782,100,100,True,1,1,1,1,True,False,False
36842,100,100,True,1,1,1,1,True,False,False
36902,100,100,True,1,1,1,1,True,False,False
36962,100,100,True,1,1,1,1,True,False,False
37022,100,100,True,1,1,1,1,True,False,False
37082,100,100,True,1,1,1,1,True,False,False
37142,100,100,True,1,1,1,1,True,False,False
37202,100,100,True,1,1,1,1,True,False,False
37262,100,100,True,1,1,0,1,True,False,False
37322,100,100,True,1,1,0,1,True,False,False
37382,100,100,True,1,1,0,1,True,False,False
37442,100,100,True,1,1,0,1,True,False,False
37502,100,100,True,1,1,0,1,True,False,False
37562,100,100,True,1,1,0,1,True,False,False
37622,100,100,True,1,1,0,1,True,False,False
37682,100,100,True,1,1,0,1,True,False,False
37742,100,100,True,1,1,0,1,True,False,False
37802,100,100,True,1,1,0,1,True,False,False
37862,100,100,True,1,1,0,1,True,False,False
37922,100,100,True,1,1,0,1,True,False,False
37982,95,100,True,1,1,0,1,True,False,False
38042,95,100,True,1,1,0,1,True,False,False
38102,95,100,True,1,1,0,1,True,False,False
38162,95,100,True,1,1,0,1,True,False,False
38222,95,100,True,1,1,0,1,True,False,False
38282,95,100,True,1,1,0,1,True,False,False
38342,95,100,True,1,1,0,1,True,False,False
38402,95,100,True,1,1,0,1,True,False,False
38462,95,100,True,1,1,0,1,True,False,False
38522,95,100,True,1,1,0,1,True,False,False
38582,95,100,True,1,1,0,1,True,False,False
38642,95,100,True,1,1,0,1,True,False,False
38702,95,100,True,1,1,0,0,True,False,False
38762,95,100,True,1,1,0,0,True,False,False
38822,95,100,True,1,1,0,0,True,False,False
38882,95,100,True,1,1,0,0,True,False,False
38942,95,100,True,1,1,0,0,True,False,False
39002,95,100,True,1,1,0,0,True,False,False
39062,95,100,True,0,1,0,0,True,False,False
39122,95,100,True,0,1,0,0,True,False,False
39182,95,100,True,0,1,0,0,True,False,False
39242,95,100,True,0,1,0,0,True,False,False
39302,95,100,True,0,1,0,0,True,False,False
39362,95,100,True,0,1,0,0,True,False,False
39422,95,100,True,0,1,0,0,True,False,False
39482,95,100,True,0,1,0,0,True,False,False
39542,95,100,True,0,1,0,0,True,False,False
39602,95,100,True,0,1,0,0,True,False,False
39662,95,100,True,0,1,0,0,True,False,False
39722,95,100,True,0,1,0,0,True,False,True
39782,95,100,True,0,1,0,0,True,False,True
39842,95,100,True,0,1,0,0,True,False,True
39902,95,100,True,0,1,0,0,True,False,True
39962,95,100,True,0,1,0,0,True,False,True
40022,95,100,True,0,1,0,0,True,False,True
40082,95,100,True,0,1,0,0,True,False,True
40142,95,100,True,0,1,0,0,True,False,True
40202,95,100,True,0,1,0,0,True,False,True
40262,95,100,True,0,1,0,0,True,False,True
40322,95,100,True,0,1,0,0,True,False,True
40382,95,100,True,0,1,0,0,True,False,True
40442,95,100,True,0,1,0,0,True,False,True
40502,95,100,True,0,1,0,0,True,False,True
40562,95,100,True,0,1,0,0,True,False,True
40622,95,100,True,0,1,0,0,True,False,True
40682,95,100,True,0,1,0,0,True,False,False
40742,95,100,True,0,1,0,0,True,False,False
40802,95,100,True,0,1,0,0,True,False,False
40862,95,100,True,0,1,0,0,True,False,False
40922,95,100,True,0,1,0,0,True,False,False
40982,95,100,True,0,1,0,0,True,False,False
41042,95,100,True,0,1,0,0,True,False,False
42422,100,100,True,0,1,1,1,True,False,False
42482,100,100,True,0,1,1,1,True,False,False
42542,100,100,True,0,1,1,1,True,False,False
42602,100,100,True,0,1,1,1,True,False,False
42662,100,100,True,0,1,1,1,True,False,False
42722,100,100,True,0,1,1,1,True,False,False
42782,100,100,True,0,1,1,1,True,False,False
42842,100,100,True,0,1,1,1,True,False,False
42902,100,100,True,0,1,1,1,True,False,False
42962,100,100,True,0,1,1,1,True,False,False
43022,100,100,True,0,1,1,1,True,False,False
43082,100,100,True,0,1,1,1,True,False,False
43142,100,100,True,0,1,1,1,True,False,False
43202,100,100,True,0,1,1,1,True,False,False
43262,100,100,True,0,1,1,1,True,False,False
43322,100,100,True,0,1,1,1,True,False,False
43382,100,100,True,0,1,1,1,True,False,False
43442,100,100,True,0,1,1,1,True,False,False
43502,100,100,True,0,1,1,1,True,False,False
43562,100,100,True,0,1,0,1,True,False,False
43622,100,100,True,0,1,0,1,True,False,False
43682,100,100,True,0,1,0,1,True,False,False
43742,100,100,True,0,1,0,1,True,False,False
43802,100,100,True,0,1,0,1,True,False,False
43862,100,100,True,0,1,0,1,True,False,False
43922,100,100,True,0,1,0,1,True,False,False
43982,100,100,True,0,1,0,1,True,False,False
44042,100,100,True,0,1,0,1,True,False,False
44102,100,100,True,0,1,0,1,True,False,False
44162,100,100,True,0,1,0,1,True,False,False
44222,100,100,True,0,1,0,1,True,False,False
44282,100,100,True,0,1,0,1,True,False,False
44342,100,100,True,0,1,0,1,True,False,False
44402,100,100,True,0,1,0,1,True,False,False
44462,100,100,True,0,1,0,1,True,False,False
44522,100,100,True,0,1,0,1,True,False,False
44582,100,100,True,0,1,0,1,True,False,False
44642,100,100,True,0,1,0,1,True,False,False
44702,100,100,True,0,1,0,1,True,False,False
44762,100,100,True,0,1,0,1,True,False,False
44822,100,100,True,0,1,0,1,True,False,False
44882,100,100,True,0,1,0,1,True,False,False
44942,100,100,True,0,1,0,1,True,False,False
45002,100,100,True,0,1,0,1,True,False,False
45062,100,100,True,0,1,0,1,True,False,False
45122,100,100,True,0,1,0,1,True,False,False
45182,100,100,True,0,1,0,1,True,False,False
45242,100,100,True,0,1,0,1,True,False,False
45302,100,100,True,0,1,0,1,True,False,False
45362,100,100,True,0,1,0,1,True,False,False
45422,100,100,True,0,1,0,1,True,False,False
45482,100,100,True,0,1,0,1,True,False,False
45542,100,100,True,0,1,0,1,True,False,False
45602,100,100,True,0,1,0,1,True,False,False
45662,100,100,True,0,1,0,1,True,False,False
45722,100,100,True,0,1,0,1,True,False,False
45782,100,100,True,0,1,0,1,True,False,False
45842,100,100,True,0,1,0,1,True,False,False
45902,100,100,True,0,1,0,1,True,False,False
45962,100,100,True,0,1,0,1,True,False,False
46022,100,100,True,0,1,0,1,True,False,False
46082,100,100,True,0,1,0,1,True,False,False
46142,100,100,True,0,1,0,1,True,False,False
46202,100,100,True,0,1,0,1,True,False,False
46262,100,100,True,0,1,0,1,True,False,False
46322,100,100,True,0,1,0,1,True,False,False
46382,100,100,True,0,1,0,1,True,False,False
46442,100,100,True,0,1,0,1,True,False,False
46502,100,100,True,0,0,0,1,True,False,False
46562,100,100,True,0,0,0,1,True,False,False
46622,100,100,True,0,0,0,1,True,False,False
46682,100,100,True,0,0,0,1,True,False,False
46742,100,100,True,0,0,0,1,True,False,False
46802,100,100,True,0,0,0,1,True,False,False
46862,100,100,True,0,0,0,0,True,False,False
46922,100,100,True,0,0,0,0,True,False,False
46982,100,100,True,0,0,0,0,True,False,False
47042,100,100,True,0,0,0,0,True,False,False
47102,100,100,True,0,0,0,0,True,False,False
47162,100,100,True,0,0,0,0,True,False,False
47222,100,100,True,0,0,0,0,True,False,False
47282,100,100,True,0,0,0,0,True,False,False
47342,100,100,True,0,0,0,0,True,False,False
47402,100,100,True,0,0,0,0,True,False,False
47462,100,100,True,0,0,0,0,True,False,False
47522,100,100,True,0,0,0,0,True,False,False
47582,100,100,True,0,0,0,0,True,False,False
47642,100,100,True,0,0,0,0,True,False,False
47702,100,100,True,0,0,0,0,True,False,False
47762,100,100,True,0,0,0,0,True,False,False
47822,100,100,True,0,0,0,0,True,False,False
47882,100,100,True,0,0,0,0,True,False,False
47942,100,100,True,0,0,0,0,True,False,False
48002,100,100,True,0,0,0,0,True,False,False
48062,100,100,True,0,0,0,0,True,False,False
48122,100,100,True,0,0,0,0,True,False,False
48182,100,100,True,0,0,0,0,True,False,False
48242,100,100,True,0,0,0,0,True,False,False
48302,100,100,True,0,0,0,0,True,False,False
48362,100,100,True,1,0,0,0,True,False,False
48422,100,100,True,1,0,0,0,True,False,False
48482,95,100,True,1,0,0,0,True,False,False
48542,95,100,True,1,0,0,0,True,False,True
48602,95,100,True,1,0,0,0,True,False,True
48662,95,100,True,1,0,0,0,True,False,True
48722,95,100,True,1,0,0,0,True,False,True
48782,95,100,True,1,0,0,0,True,False,True
48842,95,100,True,1,0,0,0,True,False,True
48902,95,100,True,1,0,0,0,True,False,True
48962,95,100,True,1,0,0,0,True,False,True
49022,95,100,True,1,0,0,0,True,False,True
49082,95,100,True,1,0,0,0,True,False,True
49142,95,100,True,1,0,0,0,True,False,True
49202,95,100,True,1,0,0,0,True,False,True
49262,95,100,True,1,0,0,0,True,False,True
49322,95,100,True,1,0,0,0,True,False,True
49382,95,100,True,1,0,0,0,True,False,True
49442,95,100,True,1,0,0,0,True,False,True
49502,95,100,True,1,0,0,0,True,False,True
52622,100,100,True,1,1,0,1,True,False,False
52682,100,100,True,1,1,0,1,True,False,False
52742,100,100,True,1,1,0,1,True,False,False
52802,100,100,True,1,1,0,1,True,False,False
52862,100,100,True,1,1,0,1,True,False,False
52922,100,100,True,1,1,0,1,True,False,False
52982,100,100,True,1,1,0,1,True,False,False
53042,100,100,True,1,1,0,1,True,False,False
53102,100,100,True,1,1,0,1,True,False,False
53162,100,100,True,1,1,0,1,True,False,False
53222,100,100,True,1,1,0,1,True,False,False
53282,100,100,True,1,1,0,1,True,False,False
53342,100,100,True,1,1,0,1,True,False,False
53402,100,100,True,1,1,0,1,True,False,False
53462,100,100,True,1,1,0,1,True,False,False
53522,100,100,True,1,1,0,1,True,False,False
53582,72,97,True,1,1,0,1,True,False,False
59402,100,100,False,1,0,1,1,False,False,False
59462,100,100,False,1,0,1,1,False,False,False
59522,100,100,False,1,0,1,1,False,False,False
59582,100,100,False,1,0,1,1,False,False,False
59642,100,100,False,1,0,1,1,False,False,False
59702,100,100,False,1,0,1,1,False,False,False
59762,100,100,False,1,0,1,1,False,False,False
59822,100,100,False,1,0,1,1,False,False,False
59882,100,100,False,1,0,1,1,False,False,False
59942,100,100,False,1,0,1,1,False,False,False
60002,100,100,False,1,0,1,1,False,False,False
60062,100,100,False,1,0,1,1,False,False,False
60122,100,100,False,1,0,1,1,False,False,False
60182,100,100,False,1,0,1,0,False,False,False
60242,100,100,False,1,0,1,0,False,False,False
60302,100,100,False,1,0,1,0,False,False,False
60362,100,100,False,1,0,1,0,False,False,False
60422,100,100,False,1,0,1,0,False,False,False
60482,100,100,False,1,0,1,0,False,False,False
60542,100,100,False,1,0,1,0,False,False,False
60602,100,100,False,1,0,1,0,False,False,False
60662,100,100,False,1,0,1,0,False,False,False
60722,100,100,False,1,0,1,0,False,False,False
60782,100,100,False,1,0,1,0,False,False,False
60842,100,100,False,1,0,1,0,False,False,False
60902,100,100,False,1,0,1,0,False,False,False
60962,100,100,False,1,0,1,0,False,False,False
61022,100,100,False,1,0,1,0,False,False,False
61082,100,100,False,1,0,1,0,False,False,False
61142,100,100,False,1,0,1,0,False,False,False
61202,100,100,False,1,0,1,0,False,False,False
61262,100,100,False,1,0,1,0,False,False,False
61322,100,100,False,1,0,1,0,False,False,False
61382,100,100,False,1,0,1,0,False,False,False
61442,100,100,False,1,0,1,0,False,False,False
61502,100,100,False,1,0,1,0,False,False,False
61562,100,100,False,1,0,1,0,False,False,False
61622,100,100,False,1,0,1,0,False,False,False
61682,100,100,False,1,0,0,0,False,False,False
61742,100,100,False,1,0,0,0,False,False,False
61802,100,100,False,1,0,0,0,False,False,False
61862,100,100,False,1,0,0,0,False,False,False
61922,100,100,False,1,0,0,0,False,False,False
61982,100,100,False,1,0,0,0,False,False,False
62042,100,100,False,1,0,0,0,False,False,False
62102,100,100,False,1,0,0,0,False,False,False
62162,100,100,False,1,0,0,0,False,False,False
62222,100,100,False,1,0,0,0,False,False,False
62282,100,100,False,1,0,0,0,False,False,False
62342,100,100,False,1,0,0,0,False,False,False
62402,100,100,False,1,0,0,0,False,False,False
62462,100,100,False,1,0,0,0,False,False,False
68282,100,100,True,0,0,1,0,False,False,False
68342,100,100,True,1,0,1,0,False,False,False
68402,100,100,True,1,0,1,0,False,False,False
68462,100,100,True,1,0,1,0,False,False,False
68522,100,100,True,1,0,1,0,False,False,False
68582,100,100,True,1,0,1,0,False,False,False
68642,100,100,True,1,0,1,0,False,False,False
68702,100,100,True,1,0,1,0,False,False,False
68762,100,100,True,1,0,1,0,False,False,False
68822,100,100,True,1,0,1,0,False,False,False
68882,100,100,True,1,0,1,0,False,False,False
68942,100,100,True,1,0,1,0,False,False,False
69002,100,100,True,1,0,1,0,False,False,False
69062,100,100,True,1,0,1,0,False,False,False
69122,100,100,True,1,0,1,0,False,False,False
69182,100,100,True,1,0,1,0,False,False,False
69242,100,100,True,1,0,1,0,False,False,False
69302,100,100,True,1,0,1,0,False,False,False
69362,100,100,True,1,0,1,0,False,False,False
69422,100,100,True,1,0,1,0,False,False,False
69482,64,96,True,1,0,1,0,False,False,False
69542,64,96,True,1,0,1,0,False,False,False
69602,60,96,True,0,0,1,0,False,False,False
69662,60,96,True,0,0,1,0,False,False,False
69722,60,96,True,0,0,1,0,False,False,False
69782,60,96,True,0,0,1,0,False,False,False
69842,60,96,True,0,0,1,0,False,False,False
69902,60,96,True,0,0,0,0,False,False,False
69962,60,96,True,0,0,0,0,False,False,False
70022,60,96,True,0,0,0,0,False,False,False
70082,60,96,True,0,0,0,0,False,False,False
74942,100,100,False,0,0,0,0,False,False,False
75002,100,100,False,0,0,0,0,False,False,False
75062,100,100,False,0,0,0,0,False,False,False
75122,100,100,False,0,0,0,0,False,False,False
75182,100,100,False,0,0,0,0,False,False,False
75242,100,100,False,0,0,0,0,False,False,False
75302,100,100,False,0,0,0,0,False,False,False
75362,100,100,False,0,0,0,0,False,False,False
75422,100,100,False,0,0,0,0,False,False,False
75482,100,100,False,0,0,0,0,False,False,False
75542,100,100,False,0,0,0,0,False,False,False
75602,100,100,False,0,0,0,0,False,False,False
75662,100,100,False,0,0,0,0,False,False,False
75722,100,100,False,0,0,0,0,False,False,False
75782,100,100,False,0,0,0,0,False,False,False
75842,100,100,False,0,0,0,0,False,False,False
75902,100,100,False,0,0,0,0,False,False,False
75962,100,100,False,0,0,0,0,False,False,False
76022,100,100,False,0,0,0,0,False,False,False
76082,100,100,False,0,0,0,0,False,False,False
76142,100,100,False,0,0,0,0,False,False,False
76202,100,100,False,0,0,0,0,False,False,False
76262,100,100,False,0,0,0,0,False,False,False
76322,100,100,False,0,0,0,0,False,False,False
76382,100,100,False,0,0,0,0,False,False,False
76442,100,100,False,0,0,0,0,False,False,False
76502,100,100,False,0,0,0,0,False,False,False
76562,100,100,False,0,0,0,0,False,False,False
76622,100,100,False,0,0,0,0,False,False,False
76682,100,100,False,0,0,0,0,False,False,False
76742,100,100,False,0,0,0,0,False,False,False
76802,100,100,False,0,0,0,0,False,False,False
76862,100,100,False,0,0,0,0,False,False,False
76922,100,100,False,0,0,0,0,False,False,False
76982,100,100,False,0,0,0,0,False,False,False
77042,100,100,False,0,0,0,0,False,False,False
77102,100,100,False,0,0,0,0,False,False,False
77162,100,100,False,0,0,0,0,False,False,False
77222,100,100,False,0,0,0,0,False,False,False
77282,73,97,False,0,0,0,0,False,False,False
77342,73,97,False,0,0,0,0,False,False,False
77402,73,97,False,0,0,0,0,False,False,False
77462,73,97,False,0,0,0,0,False,False,False
77522,73,97,False,0,0,0,0,False,False,True
77582,73,97,False,0,0,0,0,False,False,True
80762,100,100,True,1,1,0,1,False,False,False
80822,100,100,True,1,1,0,1,False,False,False
80882,100,100,True,1,1,0,1,False,False,False
80942,100,100,True,1,1,0,1,False,False,False
81002,100,100,True,1,1,0,1,False,False,False
81062,100,100,True,1,1,0,1,False,False,False
81122,100,100,True,1,1,0,1,False,False,False
81182,100,100,True,1,1,0,1,False,False,False
81242,100,100,True,1,1,0,1,False,False,False
81302,100,100,True,1,1,0,1,False,False,False
81362,100,100,True,1,1,0,1,False,False,False
81422,100,100,True,1,1,0,1,False,False,False
81482,100,100,True,1,1,0,1,False,False,False
81542,100,100,True,1,1,0,1,False,False,False
81602,100,100,True,1,1,0,1,False,False,False
81662,100,100,True,1,1,0,1,False,False,False
81722,100,100,True,1,1,0,1,False,False,False
81782,100,100,True,1,1,0,1,False,False,False
81842,100,100,True,1,1,0,1,False,False,False
81902,100,100,True,1,1,0,1,False,False,False
81962,100,100,True,1,1,0,1,False,False,False
82022,100,100,True,1,1,0,1,False,False,False
82082,100,100,True,1,1,0,1,False,False,False
82142,100,100,True,1,1,0,1,False,False,False
82202,100,100,True,1,1,0,1,False,False,False
82262,100,100,True,1,1,0,1,False,False,False
82322,100,100,True,1,1,0,1,False,False,False
82382,100,100,True,1,1,0,1,False,False,False
82442,100,100,True,1,1,0,1,False,False,False
82502,100,100,True,1,1,0,1,False,False,False
82562,100,100,True,1,1,0,1,False,False,False
82622,100,100,True,1,1,0,1,False,False,False
82682,100,100,True,1,1,0,1,False,False,False
82742,100,100,True,1,1,0,1,False,False,False
82802,100,100,True,1,1,0,1,False,False,False
82862,100,100,True,1,1,0,1,False,False,False
82922,100,100,True,1,1,0,1,False,False,False
82982,100,100,True,1,1,0,1,False,False,False
83042,100,100,True,1,1,0,1,False,False,False
83102,100,100,True,0,1,0,1,False,False,False
83162,100,100,True,0,1,0,1,False,False,False
83222,100,100,True,0,1,0,1,False,False,False
83282,100,100,True,0,1,0,1,False,False,False
83342,100,100,True,0,1,0,1,False,False,False
83402,100,100,True,0,1,0,1,False,False,False
83462,100,100,True,0,1,0,1,False,False,False
83522,100,100,True,0,1,0,1,False,False,False
83582,100,100,True,0,1,0,1,False,False,False
83642,100,100,True,0,1,0,1,False,False,False
83702,100,100,True,0,1,0,1,False,False,False
83762,100,100,True,0,1,0,1,False,False,False
83822,100,100,True,0,1,0,1,False,False,False
83882,100,100,True,0,1,0,1,False,False,False
83942,100,100,True,0,1,0,1,False,False,False
84002,100,100,True,0,1,0,1,False,False,False
84062,74,100,True,0,1,0,1,False,False,False
84122,74,100,True,0,1,0,0,False,False,False
84182,74,100,True,0,1,0,0,False,False,False
84242,74,100,True,0,1,0,0,False,False,False
84302,72,100,True,0,1,0,0,False,False,False
84362,72,100,True,0,1,0,0,False,False,False
84422,72,100,True,0,1,0,0,False,False,False
84482,72,100,True,0,0,0,0,False,False,False
84542,72,100,True,0,0,0,0,False,False,False
84602,72,100,True,0,0,0,0,False,False,False
84662,72,100,True,0,0,0,0,False,False,False
84722,72,100,True,0,0,0,0,False,False,False
84782,72,100,True,0,0,0,0,False,False,False
84842,72,100,True,0,0,0,0,False,False,False
84902,72,100,True,0,0,0,0,False,False,False
84962,72,100,True,0,0,0,0,False,False,False
85022,72,100,True,0,0,0,0,False,False,False
85082,3,92,True,0,0,0,0,False,False,False
85142,3,92,True,0,0,0,0,False,False,False
85202,3,92,True,0,0,0,0,False,False,False
85262,3,92,True,0,0,0,0,False,False,False
85322,3,92,True,0,0,0,0,False,False,False
85382,3,92,True,0,0,0,0,False,False,False
85442,3,92,True,0,0,0,0,False,False,False
85502,3,92,True,0,0,0,0,False,False,False
85562,3,92,True,0,0,0,0,False,False,False
85622,3,92,True,0,0,0,0,False,False,False
85682,3,92,True,0,0,0,0,False,False,False
85742,3,92,True,0,0,0,0,False,False,False
85802,3,92,True,0,0,0,0,False,False,False
85862,3,92,True,0,0,0,0,False,False,False
85922,3,92,True,0,0,0,0,False,False,False
85982,3,92,True,0,0,0,0,False,False,False
86042,3,92,True,0,0,0,0,False,False,False
86102,3,92,True,0,0,0,0,False,False,True
86162,3,92,True,0,0,0,0,False,False,True
86222,3,92,True,0,0,0,0,False,False,True
86282,3,92,True,0,0,0,0,False,False,True
86342,3,92,True,0,0,0,0,False,False,True
86402,3,92,True,0,0,0,0,False,False,True
86462,3,92,True,0,0,0,0,False,False,True
90182,100,100,False,0,0,0,0,False,False,False
90242,100,100,False,0,0,0,0,False,False,False
90302,100,100,False,0,0,0,0,False,False,False
90362,100,100,False,0,0,0,0,False,False,False
90422,100,100,False,0,0,0,0,False,False,False
90482,100,100,False,0,0,0,0,False,False,False
90542,100,100,False,0,0,0,0,False,False,False
90602,100,100,False,0,0,0,0,False,False,False
90662,100,100,False,0,0,0,0,False,False,False
90722,100,100,False,0,0,0,0,False,False,False
90782,100,100,False,0,0,0,0,False,False,False
90842,100,100,False,0,0,0,0,False,False,False
90902,100,100,False,0,0,0,0,False,False,False
90962,100,100,False,0,0,0,0,False,False,False
91022,100,100,False,0,0,0,0,False,False,False
91082,100,100,False,0,0,0,0,False,False,False
91142,100,100,False,0,0,0,0,False,False,False
91202,100,100,False,0,0,0,0,False,False,False
91262,100,100,False,0,0,0,0,False,False,False
91322,100,100,False,0,0,0,0,False,False,False
91382,100,100,False,0,0,0,0,False,False,False
91442,100,100,False,0,0,0,0,False,False,False
91502,100,100,False,0,0,0,0,False,False,False
91562,100,100,False,0,0,0,0,False,False,False
91622,100,100,False,0,0,0,0,False,False,False
91682,100,100,False,0,0,0,0,False,False,False
91742,100,100,False,0,0,0,0,False,False,False
91802,100,100,False,0,0,0,0,False,False,False
91862,100,100,False,0,0,0,0,False,False,False
91922,100,100,False,0,0,0,0,False,False,False
91982,100,100,False,0,0,0,0,False,False,False
92042,100,100,False,0,0,0,0,False,False,False
92102,100,100,False,0,0,0,0,False,False,False
92162,100,100,False,0,0,0,0,False,False,False
92222,100,100,False,0,0,0,0,False,False,False
92282,100,100,False,0,0,0,0,False,False,False
92342,100,100,False,0,0,0,0,False,False,False
92402,100,100,False,0,0,0,0,False,False,False
92462,100,100,False,0,0,0,0,False,False,False
92522,100,100,False,0,0,0,0,False,False,False
92582,100,100,False,0,0,0,0,False,False,False
92642,100,100,False,0,0,0,0,False,False,False
92702,100,100,False,0,0,0,0,False,False,False
92762,100,100,False,0,0,0,0,False,False,False
92822,100,100,False,0,0,0,0,False,False,False
92882,100,100,False,0,0,0,0,False,False,False
92942,100,100,False,0,0,0,0,False,False,False
93002,100,100,False,0,0,0,0,False,False,False
93062,100,100,False,0,0,0,0,False,False,False
93122,83,92,False,0,1,0,0,False,True,False
93182,83,92,False,0,1,0,0,False,True,False
93242,83,92,False,0,1,0,0,False,True,False
93302,83,92,False,0,1,0,0,False,True,False
93362,83,92,False,0,1,0,0,False,True,False
93422,83,92,False,0,1,0,0,False,True,False
93482,83,92,False,0,1,0,0,False,True,False
93542,83,92,False,0,1,0,0,False,True,False
93602,83,92,False,0,1,0,0,False,True,False
93662,83,92,False,0,1,0,0,False,True,False
93722,83,92,False,0,1,0,0,False,True,False
93782,83,92,False,0,1,0,0,False,True,False
93842,83,92,False,0,1,0,0,False,True,False
93902,83,92,False,0,1,0,0,False,True,False
93962,83,92,False,0,1,0,0,False,True,False
94022,83,92,False,0,0,0,0,False,True,False
94082,83,92,False,0,0,0,0,False,True,False
94142,83,92,False,0,0,0,0,False,True,False
94202,83,92,False,0,0,0,0,False,True,False
94262,83,92,False,0,0,0,0,False,True,False
94322,83,92,False,0,0,0,0,False,True,False
94382,83,92,False,0,0,0,0,False,True,False
94442,83,92,False,0,0,0,0,False,True,False
94502,83,92,False,0,0,0,0,False,True,False
94562,83,92,False,0,0,0,0,False,True,False
94622,83,92,False,0,0,0,0,False,True,False
94682,83,92,False,0,0,0,0,False,True,False
94742,83,92,False,0,0,0,0,False,True,False
94802,83,92,False,0,0,0,0,False,True,False
94862,83,92,False,0,0,0,0,False,True,False
94922,83,92,False,0,0,0,0,False,False,False
94982,83,92,False,0,0,0,0,False,False,False
95042,78,92,False,0,0,0,0,False,False,False
95102,78,92,False,0,0,0,0,False,False,False
95162,78,92,False,0,0,0,0,False,False,False
95222,78,92,False,0,0,0,0,False,False,False
96602,100,100,True,1,1,0,1,False,False,False
96662,100,100,True,1,1,0,1,False,True,False
96722,100,100,True,1,1,0,1,False,True,False
96782,100,100,True,1,1,0,1,False,True,False
96842,100,100,True,1,1,0,1,False,True,False
96902,100,100,True,1,1,0,1,False,True,False
96962,100,100,True,1,1,0,1,False,True,False
97022,100,100,True,1,1,0,1,False,True,False
97082,100,100,True,1,0,0,1,False,True,False
97142,100,100,True,1,1,0,1,False,True,False
97202,100,100,True,1,1,0,1,False,True,False
97262,100,100,True,1,1,0,1,False,True,False
97322,100,100,True,1,1,0,1,False,True,False
97382,100,100,True,1,1,0,1,False,True,False
97442,100,100,True,1,1,0,1,False,False,False
97502,100,100,True,1,1,0,1,False,False,False
97562,100,100,True,1,1,0,1,False,False,False
97622,100,100,True,1,1,0,1,False,False,False
97682,100,100,True,1,1,0,1,False,False,False
97742,100,100,True,1,1,0,1,False,False,False
97802,80,95,True,1,1,0,1,False,False,False
97862,4,74,True,1,1,0,1,False,False,False
103142,100,100,True,1,1,1,1,False,False,False
103202,100,100,True,1,1,1,1,False,False,False
103262,100,100,True,1,1,1,1,False,False,False
103322,100,100,True,1,1,1,1,False,False,False
103382,100,100,True,1,1,1,1,False,False,False
103442,100,100,True,1,1,1,1,False,False,False
103502,100,100,True,1,1,1,1,False,False,False
103562,100,100,True,1,1,1,1,False,False,False
103622,100,100,True,1,1,1,1,False,False,False
103682,100,100,True,1,1,1,1,False,False,False
103742,100,100,True,1,1,1,1,False,False,False
103802,100,100,True,1,1,1,1,False,False,False
103862,100,100,True,1,1,1,1,False,False,False
103922,100,100,True,1,1,1,1,False,False,False
103982,100,100,True,1,1,1,1,False,False,False
104042,100,100,True,1,1,1,1,False,False,False
104102,100,100,True,1,1,1,1,False,False,False
104162,100,100,True,1,1,1,1,False,False,False
104222,100,100,True,1,1,1,1,False,True,False
104282,100,100,True,1,1,1,1,False,True,False
104342,100,100,True,1,1,1,1,False,True,False
104402,100,100,True,1,1,1,1,False,True,False
104462,100,100,True,1,1,1,1,False,True,False
104522,100,100,True,1,1,1,1,False,True,False
104582,100,100,True,1,1,1,1,False,True,False
104642,100,100,True,1,1,1,1,False,False,False
104702,100,100,True,1,1,1,1,False,False,False
104762,100,100,True,1,1,1,1,False,False,False
104822,100,100,True,1,1,1,1,False,False,False
104882,100,100,True,1,1,1,1,False,False,False
104942,100,100,True,1,1,1,1,False,False,False
105002,100,100,True,1,1,1,1,False,False,False
105062,100,100,True,1,1,1,1,False,False,False
105122,100,100,True,1,1,1,1,False,False,False
105182,100,100,True,1,1,1,1,False,False,False
105242,100,100,True,1,1,1,1,False,False,False
105302,100,100,True,1,1,1,1,False,False,False
105362,100,100,True,1,1,1,1,False,False,False
105422,100,100,True,1,1,1,1,False,False,False
105482,100,100,True,1,1,1,1,False,False,False
105542,100,100,True,1,1,1,1,False,False,False
105602,15,84,True,1,1,1,1,False,False,False
109682,100,100,True,1,0,0,0,False,False,False
109742,100,100,True,1,0,0,0,False,False,False
109802,100,100,True,1,0,0,0,False,False,False
109862,100,100,True,1,0,0,0,False,False,False
109922,100,100,True,1,0,0,0,False,False,False
109982,100,100,True,1,0,0,0,False,False,False
110042,100,100,True,1,0,0,0,False,False,False
110102,100,100,True,1,0,0,0,False,False,False
110162,100,100,True,1,0,0,0,False,False,False
110222,100,100,True,1,0,0,0,False,False,False
110282,100,100,True,1,0,0,0,False,False,False
110342,100,100,True,1,0,0,0,False,False,False
110402,100,100,True,1,0,0,0,False,False,False
110462,100,100,True,1,0,0,0,False,False,False
110522,100,100,True,1,0,0,0,False,False,False
110582,100,100,True,1,0,0,0,False,False,False
110642,100,100,True,1,0,0,0,False,False,False
110702,98,100,True,1,0,0,0,False,False,False
110762,83,100,True,1,0,0,0,False,False,False
110822,83,100,True,1,0,0,0,False,False,False
110882,83,100,True,1,0,0,0,False,False,False
110942,83,100,True,1,0,0,0,False,False,False
111002,83,100,True,1,0,0,0,False,False,False
111062,83,100,True,1,0,0,0,False,False,False
111122,83,100,True,1,0,0,0,False,False,False
111182,83,100,True,1,0,0,0,False,False,False
111242,83,100,True,1,0,0,0,False,False,False
111302,83,100,True,1,0,0,0,False,False,False
111362,83,100,True,1,0,0,0,False,False,False
111422,83,100,True,1,0,0,0,False,False,False
111482,83,100,True,1,0,0,0,False,False,False
111542,83,100,True,1,0,0,0,False,False,False
111602,83,100,True,1,0,0,0,False,False,False
111662,83,100,True,1,0,0,0,False,False,False
111722,57,95,True,1,0,0,0,False,False,False
111782,57,95,True,1,0,0,0,False,False,False
111842,57,95,True,1,0,0,0,False,False,False
111902,57,95,True,1,0,0,0,False,False,False
111962,57,95,True,0,0,0,1,False,False,False
112022,57,95,True,0,0,0,1,False,False,False
112082,57,95,True,0,0,0,1,False,False,False
112142,57,95,True,0,0,0,1,False,False,False
112202,57,95,True,0,0,0,1,False,False,False
112262,57,95,True,0,0,0,1,False,False,False
112322,57,95,True,0,0,0,1,False,False,False
112382,57,95,True,0,0,0,1,False,False,False
112442,57,95,True,0,0,0,1,False,False,False
112502,57,95,True,0,0,0,1,False,False,False
112562,57,95,True,0,0,0,1,False,False,False
112622,57,95,True,0,0,0,1,False,False,False
112682,57,95,True,0,0,0,1,False,False,False
112742,57,95,True,0,0,0,1,False,False,False
112802,57,95,True,0,0,0,1,False,False,False
112862,57,95,True,0,0,0,1,False,False,False
112922,57,95,True,0,0,0,1,False,False,False
112982,57,95,True,0,0,0,1,False,False,False
113042,57,95,True,0,0,0,1,False,False,False
113102,57,95,True,0,0,0,1,False,False,False
113162,57,95,True,0,0,0,1,False,False,False
113222,57,95,True,0,0,0,1,False,False,False
113282,57,95,True,0,0,0,1,False,False,False
113342,57,95,True,0,0,0,1,False,False,False
113402,57,95,True,0,0,0,1,False,False,False
113462,57,95,True,0,0,0,1,False,False,False
113522,57,95,True,0,0,0,1,False,False,False
113582,57,95,True,0,0,0,1,False,False,False
113642,57,95,True,0,0,0,1,False,False,False
113702,57,95,True,0,0,0,1,False,False,False
113762,57,95,True,0,0,0,1,False,False,False
113822,57,95,True,0,0,0,1,False,False,False
113882,57,95,True,0,0,0,1,False,False,False
113942,57,95,True,0,0,0,1,False,False,False
114002,57,95,True,0,0,0,0,False,False,False
114062,57,95,True,0,0,0,0,False,False,True
114122,57,95,True,0,0,0,0,False,False,True
114182,57,95,True,0,0,0,0,False,False,True
114242,57,95,True,0,0,0,0,False,False,True
114302,57,95,True,0,0,0,0,False,False,True
114362,49,95,True,0,0,0,0,False,False,True
114422,49,95,True,0,0,0,0,False,False,True
114482,49,95,True,0,0,0,0,False,False,True
114542,49,95,True,0,0,0,0,False,False,True
114602,49,95,True,0,0,0,0,False,False,True
114662,49,95,True,0,0,0,0,False,False,True
116042,100,95,True,1,1,0,0,False,False,False
116102,100,95,True,1,1,0,0,False,False,False
116162,100,95,True,1,1,0,0,False,False,False
116222,100,95,True,1,1,0,0,False,False,False
116282,100,95,True,1,1,0,0,False,False,False
116342,100,95,True,1,1,0,0,False,False,False
116402,100,95,True,1,1,0,0,False,False,False
116462,100,95,True,1,1,0,0,False,False,False
116522,100,95,True,1,1,0,0,False,False,False
116582,100,95,True,1,1,0,0,False,False,False
116642,100,95,True,1,1,0,0,False,False,False
116702,100,95,True,1,1,0,0,False,False,False
116762,100,95,True,1,1,0,0,False,False,False
116822,100,95,True,1,1,0,0,False,False,False
116882,100,95,True,1,1,0,0,False,False,False
116942,100,95,True,1,1,0,0,False,False,False
117002,100,95,True,1,1,0,0,False,False,False
117062,100,95,True,1,1,0,0,False,False,False
117122,100,95,True,1,1,0,0,False,False,False
117182,100,95,True,1,1,0,0,False,False,False
117242,100,95,True,1,1,0,0,False,False,False
120902,100,100,True,1,1,1,1,False,False,False
120962,100,100,True,1,1,1,1,False,False,False
121022,100,100,True,1,1,1,1,False,False,False
121082,100,100,True,1,1,1,1,False,False,False
121142,100,100,True,0,1,1,1,False,False,False
121202,100,100,True,0,1,1,1,False,False,False
121262,100,100,True,0,1,1,1,False,False,False
121322,100,100,True,0,1,1,1,False,False,False
121382,100,100,True,0,1,1,1,False,False,False
121442,100,100,True,0,1,1,1,False,False,False
121502,100,100,True,0,1,1,1,False,False,False
121562,100,100,True,0,0,1,1,False,False,False
121622,100,100,True,0,0,1,1,False,False,False
121682,100,100,True,0,1,1,1,False,False,False
121742,100,100,True,0,1,1,1,False,False,False
121802,100,100,True,0,1,1,1,False,False,False
121862,100,100,True,0,1,1,1,False,False,False
121922,100,100,True,0,1,1,1,False,False,False
121982,100,100,True,0,1,1,1,False,False,False
122042,100,100,True,0,1,1,1,False,False,False
122102,100,100,True,0,1,1,1,False,False,False
122162,100,100,True,0,1,1,1,False,False,False
122222,100,100,True,0,1,1,1,False,False,False
122282,100,100,True,0,1,1,1,False,False,False
122342,100,100,True,0,1,1,1,False,False,False
122402,100,100,True,0,1,0,1,False,False,False
122462,100,100,True,0,1,0,1,False,False,False
122522,100,100,True,0,1,0,1,False,False,False
122582,100,100,True,0,1,0,1,False,False,False
122642,100,100,True,0,1,0,1,False,False,False
122702,100,100,True,0,1,0,1,False,False,True
122762,100,100,True,0,1,0,1,False,False,True
122822,100,100,True,0,1,0,1,False,False,True
122882,100,100,True,0,1,0,1,False,False,True
122942,100,100,True,0,1,0,1,False,False,True
123002,100,100,True,0,1,0,1,False,False,True
123062,100,100,True,0,1,0,1,False,False,True
123122,100,100,True,0,1,0,1,False,False,True
123182,100,100,True,0,1,0,1,False,False,True
123242,100,100,True,0,1,0,1,False,False,True
123302,100,100,True,0,1,0,1,False,False,True
123362,100,100,True,0,1,0,1,False,False,True
123422,100,100,True,0,1,0,1,False,False,True
123482,100,100,True,0,1,0,1,False,False,True
123542,100,100,True,0,1,0,1,False,False,True
123602,100,100,True,0,1,0,1,False,False,True
123662,100,100,True,0,1,0,1,False,False,True
123722,100,100,True,0,1,0,1,False,False,True
123782,100,100,True,0,1,0,1,False,False,True
123842,100,100,True,0,1,0,1,False,False,True
123902,100,100,True,0,1,0,1,False,False,True
123962,100,100,True,0,1,0,1,False,False,True
124022,75,88,True,0,1,0,1,False,False,True
124082,75,88,True,0,1,0,1,False,False,True
124142,75,88,True,0,1,0,1,False,False,True
124202,75,88,True,0,1,0,1,False,False,True
124262,75,88,True,0,1,0,1,False,False,True
124322,75,88,True,0,1,0,1,False,False,True
124382,75,88,True,0,0,0,1,False,False,True
124442,75,88,True,0,0,0,1,False,False,True
124502,75,88,True,0,0,0,1,False,False,True
124562,75,88,True,0,0,0,1,False,False,True
124622,75,88,True,0,0,0,1,False,False,True
124682,75,88,True,0,0,0,1,False,False,True
124742,75,88,True,0,0,0,1,False,False,True
124802,75,88,True,0,0,0,1,False,False,True
124862,75,88,True,0,0,0,1,False,False,True
124922,75,88,True,0,0,0,1,False,False,True
124982,75,88,True,0,0,0,1,False,False,True
126302,100,88,True,1,1,0,1,False,False,False
126362,100,88,True,1,1,0,1,False,False,False
126422,100,88,True,1,1,0,1,False,False,False
126482,100,88,True,1,1,0,1,False,False,False
126542,100,88,True,1,1,0,1,False,False,False
