0,1,2,3,4,5,6,7,8,9,10
5525,100,100,False,0,0,0,0,False,False,False
5585,100,100,False,0,0,0,0,False,False,False
5645,100,100,False,0,0,0,0,False,False,False
5705,100,100,False,0,0,0,0,False,False,False
5765,100,100,False,0,0,0,0,False,False,False
5825,100,100,False,0,0,0,0,False,False,False
5885,100,100,False,0,0,0,0,False,False,False
5945,100,100,False,0,0,0,0,False,False,False
6005,100,100,False,0,0,0,0,False,False,False
6065,100,100,False,0,0,0,0,False,False,False
6125,100,100,False,0,0,0,0,False,False,False
6185,100,100,False,0,0,0,0,False,False,False
6245,100,100,False,0,0,0,0,False,False,False
6305,100,100,False,0,0,0,0,False,False,False
6365,100,100,False,0,0,0,0,False,False,False
6425,100,100,False,0,0,0,0,False,False,False
6485,100,100,False,0,0,0,0,False,False,False
6545,100,100,False,0,0,0,0,False,False,False
6605,74,100,False,0,0,0,0,False,False,False
6665,74,100,False,0,0,0,0,False,False,False
6725,69,98,False,0,0,0,0,False,False,False
6785,69,98,False,0,0,0,0,False,False,False
6845,69,98,False,0,0,0,0,False,False,False
6905,69,98,False,0,0,0,0,False,False,False
6965,69,98,False,0,0,0,0,False,False,False
7025,69,98,False,0,0,0,0,False,False,False
7085,69,98,False,0,0,0,0,False,False,False
7145,69,98,False,0,0,0,0,False,False,False
7205,69,98,False,0,0,0,0,False,False,False
7265,69,98,False,0,0,0,0,False,False,False
7325,69,98,False,0,0,0,0,False,False,False
7385,69,98,False,0,0,0,0,False,False,False
7445,69,98,False,0,0,0,0,False,False,False
7505,69,98,False,0,0,0,0,False,False,False
7565,69,98,False,0,0,0,0,False,False,False
7625,69,98,False,0,0,0,0,False,False,False
7685,69,98,False,0,0,0,0,False,False,False
7745,69,98,False,0,0,0,0,False,False,False
7805,69,98,False,0,0,0,0,False,False,False
7865,69,98,False,0,0,0,0,False,False,False
7925,69,98,False,0,0,0,0,False,False,False
7985,69,98,False,0,0,0,0,False,False,False
8045,69,98,False,0,0,0,0,False,False,False
8105,69,98,False,0,0,0,0,False,False,False
8165,59,93,False,0,0,0,0,False,False,False
11585,100,100,False,0,1,0,0,False,False,False
11645,100,100,False,0,1,0,0,False,False,False
11705,100,100,False,0,1,0,0,False,False,False
11765,100,100,False,0,1,0,0,False,False,False
11825,100,100,False,0,1,0,0,False,False,False
11885,100,100,False,0,1,0,0,False,False,False
11945,100,100,False,0,1,0,0,False,False,False
12005,100,100,False,0,1,0,0,False,False,False
12065,100,100,False,0,1,0,0,False,False,False
12125,100,100,False,0,1,0,0,False,False,False
12185,100,100,False,0,1,0,0,False,False,False
12245,100,100,False,0,1,0,0,False,False,False
12305,100,100,False,0,1,0,0,False,False,False
12365,100,100,False,0,1,0,0,False,False,False
12425,100,100,False,0,1,0,0,False,False,False
12485,100,100,False,0,0,0,0,False,False,False
12545,100,100,False,0,0,0,0,False,False,False
12605,100,100,False,0,0,0,0,False,False,False
12665,100,100,False,0,0,0,0,False,False,False
12725,100,100,False,0,0,0,0,False,False,False
12785,100,100,False,0,0,0,0,False,False,False
12845,100,100,False,0,0,0,0,False,False,False
12905,100,100,False,0,0,0,0,False,False,False
12965,94,100,False,0,0,0,0,False,False,False
13025,94,100,False,0,0,0,0,False,False,False
13085,94,100,False,0,0,0,0,False,False,False
13145,94,100,False,0,0,0,0,False,False,False
13205,72,97,False,0,0,0,0,False,False,False
13265,50,94,False,0,0,0,0,False,False,False
13325,50,94,False,0,0,0,0,False,False,False
13385,50,94,False,0,0,0,0,False,False,False
15665,100,100,False,0,0,0,0,False,False,False
15725,100,100,False,0,0,0,0,False,False,False
15785,100,100,False,0,0,0,0,False,False,False
15845,100,100,False,0,0,0,0,False,False,False
15905,100,100,False,0,0,0,0,False,False,False
15965,100,100,False,0,0,0,0,False,False,False
16025,100,100,False,0,0,0,0,False,False,False
16085,100,100,False,0,0,0,0,False,False,False
16145,100,100,False,0,0,0,0,False,False,False
16205,100,100,False,0,0,0,0,False,False,False
16265,100,100,False,0,0,0,0,False,False,False
16325,100,100,False,0,0,0,0,False,False,False
16385,100,100,False,0,0,0,0,False,False,False
16445,100,100,False,0,0,0,0,False,False,False
16505,100,100,False,0,0,0,0,False,False,False
16565,100,100,False,0,0,0,0,False,False,False
16625,100,100,False,0,0,0,0,False,False,False
16685,100,100,False,0,0,0,0,False,False,False
16745,100,100,False,0,0,0,0,False,False,False
16805,100,100,False,0,0,0,0,False,False,False
16865,100,100,False,0,0,0,0,False,False,False
16925,100,100,False,0,0,0,0,False,False,False
16985,100,100,False,0,0,0,0,False,False,False
17045,100,100,False,0,0,0,0,False,False,False
17105,100,100,False,0,0,0,0,False,False,False
17165,100,100,False,0,0,0,0,False,False,False
17225,100,100,False,0,0,0,0,False,False,False
17285,100,100,False,0,0,0,0,False,False,False
17345,100,100,False,0,0,0,0,False,False,False
17405,100,100,False,0,0,0,0,False,False,False
17465,100,100,False,0,0,0,0,False,False,False
17525,100,100,False,0,0,0,0,False,False,False
17585,100,100,False,0,0,0,0,False,False,False
17645,100,100,False,0,0,0,0,False,False,False
17705,100,100,False,0,0,0,0,False,False,False
17765,100,100,False,0,0,0,0,False,False,False
17825,100,100,False,0,0,0,0,False,False,False
17885,100,100,False,0,0,0,0,False,False,False
17945,100,100,False,0,0,0,0,False,False,False
18005,87,98,False,0,0,0,0,False,False,False
18065,87,98,False,0,0,0,0,False,False,False
18125,87,98,False,0,0,0,0,False,False,False
18185,87,98,False,0,0,0,0,False,False,False
18245,87,98,False,0,0,0,0,False,False,False
18305,87,98,False,0,0,0,0,False,False,False
18365,87,98,False,0,0,0,0,False,False,False
18425,87,98,False,0,0,0,0,False,False,False
18485,87,98,False,0,0,0,0,False,False,False
18545,87,98,False,0,0,0,0,False,False,False
18605,87,98,False,0,0,0,0,False,False,False
18665,87,98,False,0,0,0,0,False,False,False
18725,87,98,False,0,0,0,0,False,False,False
18785,87,98,False,0,0,0,0,False,False,False
18845,87,98,False,0,0,0,0,False,False,False
18905,87,98,False,0,0,0,0,False,False,False
18965,87,98,False,0,0,0,0,False,False,False
19025,87,98,False,0,0,0,0,False,False,False
19085,87,98,False,0,0,0,0,False,False,False
19145,87,98,False,0,0,0,0,False,False,False
19205,87,98,False,0,0,0,0,False,False,False
19265,87,98,False,0,0,0,0,False,False,False
19325,87,98,False,0,0,0,0,False,False,False
19385,87,98,False,0,0,0,0,False,False,False
19445,87,98,False,0,0,0,0,False,False,False
19505,87,98,False,0,0,0,0,False,False,False
19565,87,98,False,0,0,0,0,False,False,False
19625,87,98,False,0,0,0,0,False,False,False
19685,87,98,False,0,0,0,0,False,False,False
19745,87,98,False,0,0,0,0,False,False,False
19805,87,98,False,0,0,0,0,False,False,False
19865,87,98,False,0,0,0,0,False,False,False
19925,87,98,False,0,0,0,0,False,False,False
19985,87,98,False,0,0,0,0,False,False,False
20045,87,98,False,0,0,0,0,False,False,False
20105,87,98,False,0,0,0,0,False,False,False
21425,100,100,True,1,1,1,1,True,False,False
21485,100,100,True,1,1,1,1,True,False,False
21545,100,100,True,1,1,1,1,True,False,False
21605,100,100,True,1,1,1,1,True,False,False
21665,100,100,True,1,1,1,1,True,False,False
21725,100,100,True,1,1,1,1,True,False,False
21785,100,100,True,1,1,1,1,True,False,False
21845,99,100,True,1,1,1,1,True,False,False
21905,99,100,True,1,1,1,1,True,False,False
21965,99,100,True,1,1,1,1,True,False,False
22025,99,100,True,1,1,1,1,True,False,False
29105,100,100,True,1,1,1,1,True,False,False
29165,100,100,True,1,1,1,1,True,False,False
29225,100,100,True,1,1,1,1,True,False,False
29285,100,100,True,1,1,1,1,True,False,False
29345,100,100,True,1,1,1,1,True,False,False
29405,100,100,True,1,1,1,1,True,False,False
29465,100,100,True,1,1,1,1,True,False,False
29525,100,100,True,1,1,1,1,True,False,False
29585,100,100,True,1,1,1,1,True,False,False
29645,100,100,True,1,1,1,1,True,False,False
29705,100,100,True,1,1,1,1,True,False,False
29765,100,100,True,1,1,1,1,True,False,False
29825,100,100,True,1,1,1,1,True,False,False
29885,100,100,True,1,1,1,1,True,False,False
29945,100,100,True,1,1,1,1,True,False,False
30005,100,100,True,1,1,1,1,True,False,False
30065,100,100,True,1,1,1,1,True,False,False
30125,100,100,True,1,1,1,1,True,False,False
30185,48,98,True,1,1,1,1,True,False,False
33605,100,100,True,1,0,0,0,False,False,False
33665,100,100,True,1,0,0,0,False,False,False
33725,100,100,True,1,0,0,0,False,False,False
33785,100,100,True,1,0,0,0,False,False,False
33845,100,100,True,1,0,0,0,False,False,False
33905,100,100,True,1,0,0,0,False,False,False
33965,100,100,True,1,0,0,0,False,False,False
34025,100,100,True,1,0,0,0,False,False,False
34085,100,100,True,1,0,0,0,False,False,False
34145,100,100,True,1,0,0,0,False,False,False
34205,100,100,True,1,0,0,0,False,False,False
34265,100,100,True,1,0,0,0,False,False,False
34325,100,100,True,1,0,0,0,False,False,False
34385,100,100,True,1,0,0,0,False,False,False
34445,100,100,True,1,0,0,0,False,False,False
34505,100,100,True,1,0,0,0,False,False,False
34565,100,100,True,1,0,0,0,False,False,False
34625,100,100,True,1,0,0,0,False,False,False
34685,100,100,True,1,0,0,0,False,False,False
34745,100,100,True,1,0,0,0,False,False,False
34805,100,100,True,1,0,0,0,False,False,False
34865,100,100,True,1,0,0,0,False,False,False
34925,100,100,True,1,0,0,0,False,False,False
34985,100,100,True,1,0,0,0,False,False,False
35045,100,100,True,1,0,0,0,False,False,False
35105,100,100,True,1,0,0,0,False,False,False
35165,66,96,True,1,0,0,0,False,False,False
39785,100,0,False,0,0,0,0,False,False,False
39845,100,0,False,0,0,0,0,False,False,False
39905,100,0,False,0,0,0,0,False,False,False
39965,100,0,False,0,0,0,0,False,False,False
40025,100,0,False,0,0,0,0,False,False,False
40085,100,0,False,0,0,0,0,False,False,False
40145,100,0,False,0,0,0,0,False,False,False
40205,100,0,False,0,0,0,0,False,False,False
40265,100,0,False,0,0,0,0,False,False,False
40325,100,0,False,0,0,0,0,False,False,False
40385,100,0,False,0,0,0,0,False,False,False
40445,100,0,False,0,0,0,0,False,False,False
40505,100,0,False,0,0,0,0,False,False,False
40565,100,0,False,0,0,0,0,False,False,False
40625,100,0,False,0,0,0,0,False,False,False
40685,100,0,False,0,0,0,0,False,False,False
40745,100,0,False,0,0,0,0,False,False,False
40805,100,0,False,0,0,0,0,False,False,False
40865,100,0,False,0,0,0,0,False,False,False
40925,100,0,False,0,0,0,0,False,False,False
40985,100,0,False,0,0,0,0,False,False,False
41045,100,0,False,0,0,0,0,False,False,False
41105,100,0,False,0,0,0,0,False,False,False
41165,100,0,False,0,0,0,0,False,False,False
41225,100,0,False,0,0,0,0,False,False,False
41285,100,0,False,0,0,0,0,False,False,False
41345,100,0,False,0,0,0,0,False,False,False
41405,100,0,False,0,0,0,0,False,False,False
41465,100,0,False,0,0,0,0,False,False,False
41525,52,0,False,0,0,0,0,False,False,False
41585,52,0,False,0,0,0,0,False,False,False
43385,100,100,True,0,1,0,0,False,False,False
43445,100,100,True,0,1,0,0,False,False,False
43505,100,100,True,0,1,0,0,False,False,False
43565,100,100,True,0,1,0,0,False,False,False
43625,100,100,True,0,1,0,0,False,False,False
43685,100,100,True,0,1,0,0,False,False,False
43745,100,100,True,0,1,0,0,False,False,False
43805,100,100,True,0,1,0,0,False,False,False
43865,100,100,True,0,0,0,0,False,False,False
43925,100,100,True,0,0,0,0,False,False,False
43985,100,100,True,0,0,0,0,False,False,False
44045,100,100,True,0,0,0,0,False,False,False
44105,100,100,True,0,0,0,0,False,False,False
44165,100,100,True,0,0,0,0,False,False,False
44225,100,100,True,0,0,0,0,False,False,False
44285,100,100,True,0,0,0,0,False,False,False
44345,100,100,True,0,0,0,0,False,False,False
44405,100,100,True,0,0,0,0,False,False,False
44465,100,100,True,0,0,0,0,False,False,False
44525,100,100,True,0,0,0,0,False,False,False
44585,100,100,True,0,0,0,0,False,False,False
44645,100,100,True,0,0,0,0,False,False,False
44705,100,100,True,0,0,0,0,False,False,False
44765,100,100,True,0,0,0,0,False,False,False
44825,100,100,True,0,0,0,0,False,False,False
44885,100,100,True,0,0,0,0,False,False,False
44945,100,100,True,0,0,0,0,False,False,False
45005,100,100,True,0,0,0,0,False,False,False
45065,100,100,True,0,0,0,0,False,False,False
45125,100,100,True,0,0,0,0,False,False,False
45185,100,100,True,0,0,0,0,False,False,False
45245,100,100,True,0,0,0,0,False,False,False
45305,100,100,True,0,0,0,0,False,False,False
45365,100,100,True,0,0,0,0,False,False,False
45425,100,100,True,0,0,0,0,False,False,False
45485,100,100,True,0,0,0,0,False,False,False
45545,100,100,True,0,0,0,0,False,False,False
45605,100,100,True,0,0,0,0,False,False,False
45665,100,100,True,0,0,0,0,False,False,False
45725,100,100,True,0,0,0,0,False,False,False
45785,100,100,True,0,0,0,0,False,False,False
45845,100,100,True,0,0,0,0,False,False,False
45905,100,100,True,0,0,0,0,False,False,False
45965,100,100,True,0,0,0,0,False,False,False
46025,100,100,True,0,0,0,0,False,False,False
46085,100,100,True,0,0,0,0,False,False,False
46145,100,100,True,0,0,0,0,False,False,False
46205,100,100,True,0,0,0,0,False,False,False
46265,100,100,True,0,0,0,0,False,False,False
50105,100,100,True,1,1,1,1,True,False,False
50165,100,100,True,1,1,1,1,True,False,False
50225,100,100,True,1,1,1,1,True,False,False
50285,100,100,True,1,1,1,1,True,False,False
50345,100,100,True,1,1,1,1,True,False,False
50405,100,100,True,1,1,1,1,True,False,False
50465,100,100,True,1,1,1,1,True,False,False
50525,100,100,True,1,1,1,1,True,False,False
50585,100,100,True,1,1,1,1,True,False,False
50645,100,100,True,1,1,1,1,True,False,False
50705,100,100,True,1,1,1,1,True,False,False
50765,100,100,True,1,1,1,1,True,False,False
50825,100,100,True,1,1,1,1,True,False,False
50885,100,100,True,1,1,1,1,True,False,False
50945,100,100,True,1,1,1,1,True,False,False
51005,100,100,True,1,1,1,1,True,False,False
51065,100,100,True,1,1,1,1,True,False,False
51125,100,100,True,1,1,1,1,True,False,False
51185,100,100,True,1,1,1,1,True,False,False
51245,100,100,True,1,1,1,1,True,False,False
51305,100,100,True,1,1,1,1,True,False,False
51365,73,97,True,1,1,1,1,True,False,False
51425,73,97,True,1,1,1,1,True,False,False
51485,73,97,True,1,1,1,1,True,False,False
51545,73,97,True,1,1,1,1,True,False,False
51605,73,97,True,1,1,1,1,True,False,False
51665,73,97,True,1,1,1,1,True,False,False
51725,73,97,True,1,1,1,1,True,False,False
51785,73,97,True,1,1,1,1,True,False,False
51845,73,97,True,1,1,1,1,True,False,False
51905,73,97,True,1,1,1,1,True,False,False
51965,73,97,True,1,1,1,1,True,False,False
52025,73,97,True,1,1,1,1,True,False,False
52085,73,97,True,1,1,1,1,True,False,False
52145,73,97,True,1,1,1,1,True,False,False
54905,100,100,True,1,1,1,1,True,False,False
54965,100,100,True,1,1,1,1,True,False,False
55025,100,100,True,1,1,1,1,True,False,False
55085,100,100,True,0,1,1,1,True,False,False
55145,100,100,True,0,1,1,1,True,False,False
55205,100,100,True,0,1,1,1,True,False,False
55265,100,100,True,0,1,1,1,True,False,False
55325,100,100,True,0,1,1,1,True,False,False
55385,100,100,True,0,1,1,1,True,False,False
55445,100,100,True,0,1,1,1,True,False,False
55505,100,100,True,0,1,1,1,True,False,False
55565,100,100,True,0,1,1,1,True,False,False
55625,100,100,True,0,1,1,1,True,False,False
61205,100,100,True,1,1,1,1,True,False,False
61265,100,100,True,1,1,1,1,True,False,False
61325,100,100,True,1,1,1,1,True,False,False
61385,100,100,True,1,1,1,1,True,False,False
61445,100,100,True,1,1,1,1,True,False,False
61505,100,100,True,1,1,1,1,True,False,False
61565,100,100,True,1,1,1,1,True,False,False
61625,100,100,True,1,1,1,1,True,False,False
61685,100,100,True,1,1,1,1,True,False,False
61745,100,100,True,1,1,1,1,True,False,False
61805,100,100,True,1,1,1,1,True,False,False
61865,6,89,True,1,1,1,1,True,False,False
61925,6,89,True,1,1,1,1,True,False,False
61985,6,89,True,1,1,1,1,True,False,False
62045,6,89,True,1,1,1,1,True,False,False
62105,6,89,True,1,1,1,1,True,False,False
62165,6,89,True,1,1,1,1,True,False,False
62225,6,89,True,1,1,1,1,True,False,False
62285,6,89,True,1,1,1,1,True,False,False
62345,6,89,True,1,1,1,1,True,False,False
62405,6,89,True,1,1,1,1,True,False,False
62465,6,89,True,1,1,1,1,True,False,False
62525,6,89,True,1,1,1,1,True,False,False
62585,6,89,True,1,1,1,1,True,False,False
62645,6,89,True,1,1,1,1,True,False,False
62705,6,89,True,1,1,1,1,True,False,False
62765,6,89,True,1,1,1,1,True,False,False
62825,6,89,True,1,1,1,1,True,False,False
62885,6,89,True,1,1,1,1,True,False,False
62945,6,89,True,1,1,1,1,True,False,False
63005,6,89,True,1,1,1,1,True,False,False
63065,6,89,True,1,1,1,1,True,False,False
63125,6,89,True,1,1,1,1,True,False,False
63185,6,89,True,1,1,1,1,True,False,False
63245,6,89,True,1,1,1,1,True,False,False
63305,6,89,True,1,1,1,1,True,False,False
63365,6,89,True,1,1,1,1,True,False,False
63425,6,89,True,1,1,1,1,True,False,False
63485,6,89,True,1,1,0,1,True,False,False
63545,6,89,True,1,1,0,0,True,False,False
63605,6,89,True,1,1,0,0,True,False,False
66305,100,100,True,1,0,1,0,False,False,False
66365,100,100,True,1,0,1,0,False,False,False
66425,100,100,True,0,0,1,0,False,False,False
66485,100,100,True,0,0,1,0,False,False,False
66545,100,100,True,0,0,1,0,False,False,False
66605,100,100,True,0,0,1,0,False,False,False
66665,100,100,True,0,0,1,0,False,False,False
66725,100,100,True,0,0,1,0,False,False,False
66785,100,100,True,0,0,1,0,False,False,False
66845,100,100,True,0,0,0,0,False,False,False
66905,100,100,True,0,0,0,0,False,False,False
66965,100,100,True,0,0,0,0,False,False,False
67025,100,100,True,0,0,0,0,False,False,False
67085,100,100,True,0,0,0,0,False,False,False
67145,100,100,True,0,0,0,0,False,False,False
67205,100,100,True,0,0,0,0,False,False,False
67265,100,100,True,0,0,0,0,False,False,False
67325,100,100,True,0,0,0,0,False,False,False
67385,100,100,True,0,0,0,0,False,False,False
67445,100,100,True,0,0,0,0,False,False,False
67505,100,100,True,0,0,0,0,False,False,False
67565,100,100,True,0,0,0,0,False,False,False
67625,100,100,True,0,0,0,0,False,False,False
67685,100,100,True,0,0,0,0,False,False,False
67745,100,100,True,0,0,0,0,False,False,False
67805,100,100,True,0,0,0,0,False,False,False
67865,100,100,True,0,0,0,0,False,False,False
67925,100,100,True,0,0,0,0,False,False,False
67985,100,100,True,0,0,0,0,False,False,False
68045,100,100,True,0,0,0,0,False,False,False
68105,100,100,True,0,0,0,0,False,False,False
68165,100,100,True,0,0,0,1,False,False,False
68225,100,100,True,0,0,0,1,False,False,False
68285,100,100,True,0,0,0,1,False,False,False
68345,100,100,True,0,0,0,1,False,False,False
68405,100,100,True,0,0,0,1,False,False,False
68465,100,100,True,0,0,0,1,False,False,False
68525,100,100,True,0,0,0,1,False,False,False
68585,100,100,True,0,0,0,1,False,False,False
68645,100,100,True,0,0,0,1,False,False,False
68705,100,100,True,0,0,0,1,False,False,False
68765,100,100,True,0,0,0,1,False,False,False
68825,100,100,True,0,0,0,1,False,False,False
68885,100,100,True,0,0,0,1,False,False,False
68945,100,100,True,0,0,0,1,False,False,False
69005,100,100,True,0,0,0,1,False,False,False
69065,100,100,True,0,0,0,1,False,False,False
69125,100,100,True,0,0,0,1,False,False,False
69185,100,100,True,0,0,0,1,False,False,False
69245,100,100,True,0,0,0,1,False,False,False
69305,100,100,True,0,0,0,1,False,False,False
69365,100,100,True,0,0,0,1,False,False,False
69425,100,100,True,0,0,0,1,False,False,False
69485,100,100,True,0,0,0,1,False,False,False
69545,100,100,True,0,0,0,1,False,False,False
69605,100,100,True,0,0,0,1,False,False,False
69665,100,100,True,0,0,0,1,False,False,False
69725,100,100,True,0,0,0,1,False,False,False
69785,100,100,True,0,0,0,1,False,False,False
69845,100,100,True,0,0,0,1,False,False,False
69905,100,100,True,0,0,0,1,False,False,False
69965,100,100,True,0,0,0,1,False,False,False
70025,100,100,True,0,0,0,1,False,False,False
70085,100,100,True,0,0,0,1,False,False,False
70145,43,93,True,0,0,0,1,False,False,False
70205,43,93,True,0,0,0,1,False,False,False
70265,43,93,True,0,0,0,1,False,False,False
70325,43,93,True,0,0,0,1,False,False,False
70385,43,93,True,0,0,0,1,False,False,False
70445,43,93,True,0,0,0,1,False,False,False
70505,43,93,True,0,0,0,1,False,False,False
70565,43,93,True,0,0,0,1,False,False,False
70625,43,93,True,0,0,0,1,False,False,False
70685,43,93,True,0,0,0,1,False,False,False
70745,43,93,True,0,0,0,1,False,False,False
70805,43,93,True,0,0,0,1,False,False,False
70865,43,93,True,0,0,0,1,False,False,False
70925,43,93,True,0,0,0,1,False,False,False
70985,43,93,True,0,0,0,1,False,False,False
71045,43,93,True,0,0,0,1,False,False,False
71105,43,93,True,0,0,0,1,False,False,False
71165,43,93,True,0,0,0,1,False,False,False
71225,43,93,True,0,0,0,1,False,False,False
71285,43,93,True,0,0,0,1,False,False,False
71345,43,93,True,0,0,0,1,False,False,False
71405,43,93,True,0,0,0,1,False,False,False
71465,43,93,True,0,0,0,1,False,False,False
71525,43,93,True,0,0,0,1,False,False,False
71585,43,93,True,0,0,0,1,False,False,False
71645,43,93,True,0,0,0,1,False,False,False
71705,43,93,True,0,0,0,0,False,False,False
71765,43,93,True,0,0,0,0,False,False,False
71825,43,93,True,0,0,0,0,False,False,False
71885,43,93,True,0,0,0,0,False,False,False
71945,43,93,True,0,0,0,0,False,False,False
72005,43,93,True,0,0,0,0,False,False,False
72065,43,93,True,0,0,0,0,False,False,False
72125,43,93,True,0,0,0,0,False,False,False
73865,100,100,False,0,0,0,0,False,False,False
73925,100,100,False,0,0,0,0,False,False,False
73985,100,100,False,0,0,0,0,False,False,False
74045,100,100,False,0,0,0,0,False,False,False
74105,100,100,False,0,0,0,0,False,False,False
74165,100,100,False,0,0,0,0,False,False,False
74225,100,100,False,0,0,0,0,False,False,False
74285,100,100,False,0,0,0,0,False,False,False
74345,100,100,False,0,0,0,0,False,False,False
74405,100,100,False,0,0,0,0,False,False,False
74465,100,100,False,0,0,0,0,False,False,False
74525,100,100,False,0,0,0,0,False,False,False
74585,100,100,False,0,0,0,0,False,False,False
74645,100,100,False,0,0,0,0,False,False,False
74705,100,100,False,0,0,0,0,False,False,False
74765,100,100,False,0,0,0,0,False,False,False
74825,100,100,False,0,0,0,0,False,False,False
74885,100,100,False,0,0,0,0,False,False,False
74945,100,100,False,0,0,0,0,False,False,False
75005,100,100,False,0,0,0,0,False,False,False
75065,100,100,False,0,0,0,0,False,False,False
75125,100,100,False,0,0,0,0,False,False,False
75185,100,100,False,0,0,0,0,False,False,False
75245,100,100,False,0,0,0,0,False,False,False
75305,100,100,False,0,0,0,0,False,False,False
78245,100,100,True,0,0,0,0,False,False,False
78305,100,100,True,1,0,0,0,False,False,False
78365,100,100,True,1,0,0,0,False,False,False
78425,100,100,True,1,0,0,0,False,False,False
78485,100,100,True,1,0,0,0,False,False,False
78545,100,100,True,1,0,0,0,False,False,False
78605,100,100,True,1,0,0,0,False,False,False
78665,100,100,True,1,0,0,0,False,False,False
78725,100,100,True,1,0,0,0,False,False,False
78785,100,100,True,1,0,0,0,False,False,False
78845,100,100,True,1,0,0,0,False,False,False
78905,100,100,True,1,0,0,0,False,False,False
78965,100,100,True,1,0,0,0,False,False,False
79025,100,100,True,1,0,0,0,False,False,False
79085,100,100,True,1,0,0,0,False,False,False
79145,100,100,True,1,0,0,0,False,False,False
79205,100,100,True,1,0,0,0,False,False,False
79265,100,100,True,1,0,0,0,False,False,False
79325,100,100,True,1,0,0,0,False,False,False
79385,100,100,True,1,0,0,0,False,False,False
79445,100,100,True,1,0,0,0,False,False,False
79505,100,100,True,1,0,0,0,False,False,False
79565,100,100,True,1,0,0,0,False,False,False
79625,100,100,True,1,0,0,0,False,False,False
79685,100,100,True,1,0,0,0,False,False,False
79745,100,100,True,1,0,0,0,False,False,False
79805,100,100,True,1,0,0,0,False,False,False
79865,100,100,True,1,0,0,0,False,False,False
79925,100,100,True,1,0,0,0,False,False,False
79985,100,100,True,1,0,0,0,False,False,False
80045,100,100,True,1,0,0,0,False,False,False
80105,100,100,True,1,0,0,0,False,False,False
80165,100,100,True,1,0,0,0,False,False,False
80225,100,100,True,1,0,0,0,False,False,False
80285,100,100,True,1,0,0,0,False,False,False
80345,100,100,True,1,0,0,0,False,False,False
80405,100,100,True,1,0,0,0,False,False,False
80465,88,96,True,1,0,0,0,False,False,False
85865,100,100,True,1,0,0,1,False,False,False
85925,100,100,True,1,0,0,1,False,False,False
85985,100,100,True,1,0,0,1,False,False,False
86045,100,100,True,1,0,0,1,False,False,False
86105,100,100,True,1,0,0,1,False,False,False
86165,100,100,True,1,0,0,1,False,False,False
86225,100,100,True,1,0,0,1,False,False,False
86285,100,100,True,1,0,0,1,False,False,False
86345,100,100,True,1,0,0,1,False,False,False
86405,100,100,True,1,0,0,1,False,False,False
86465,100,100,True,1,0,0,1,False,False,False
86525,100,100,True,1,0,0,1,False,False,False
86585,100,100,True,1,0,0,1,False,False,False
86645,100,100,True,1,0,0,1,False,False,False
86705,100,100,True,1,0,0,1,False,False,False
86765,100,100,True,1,0,0,1,False,False,False
86825,100,100,True,1,0,0,1,False,False,False
86885,100,100,True,1,0,0,1,False,False,False
86945,100,100,True,1,0,0,1,False,False,False
87005,100,100,True,1,0,0,1,False,False,False
87065,100,100,True,1,0,0,1,False,False,False
87125,100,100,True,1,0,0,1,False,False,False
87185,100,100,True,1,0,0,1,False,False,False
87245,100,100,True,1,0,0,1,False,False,False
87305,100,100,True,1,0,0,1,False,False,False
87365,100,100,True,1,0,0,1,False,False,False
87425,100,100,True,1,0,0,1,False,False,False
87485,100,100,True,1,0,0,1,False,False,False
87545,100,100,True,1,0,0,1,False,False,False
87605,100,100,True,1,0,0,1,False,False,False
87665,100,100,True,1,0,0,1,False,False,False
87725,100,100,True,1,0,0,1,False,False,False
87785,100,100,True,1,0,0,1,False,False,False
87845,100,100,True,1,0,0,1,False,False,False
87905,100,100,True,1,0,0,1,False,False,False
87965,100,100,True,1,0,0,1,False,False,False
88025,100,100,True,1,0,0,1,False,False,False
88085,100,100,True,1,0,0,1,False,False,False
88145,100,100,True,1,0,0,1,False,False,False
88205,100,100,True,1,0,0,1,False,False,False
88265,100,100,True,1,0,0,1,False,False,False
88325,100,100,True,1,0,0,1,False,False,False
88385,100,100,True,1,0,0,1,False,False,False
88445,100,100,True,1,0,0,1,False,False,False
88505,100,100,True,1,0,0,1,False,False,False
88565,100,100,True,1,0,0,1,False,False,False
88625,100,100,True,1,0,0,1,False,False,False
88685,100,100,True,1,0,0,1,False,False,False
88745,100,100,True,1,0,0,1,False,False,False
88805,100,100,True,1,0,0,1,False,False,False
88865,100,100,True,1,0,0,1,False,False,False
88925,100,100,True,1,0,0,1,False,False,False
90245,100,100,True,1,1,0,1,False,True,False
90305,100,100,True,1,1,0,1,False,True,False
90365,100,100,True,1,1,0,1,False,True,False
90425,100,100,True,1,1,0,1,False,True,False
90485,100,100,True,1,1,0,1,False,True,False
90545,100,100,True,1,1,0,1,False,True,False
90605,100,100,True,1,1,0,1,False,True,False
90665,100,100,True,1,1,0,1,False,True,False
90725,100,100,True,1,1,0,1,False,True,False
90785,100,100,True,1,0,0,1,False,True,False
90845,100,100,True,1,0,0,1,False,True,False
90905,100,100,True,1,0,0,1,False,True,False
90965,100,100,True,1,0,0,1,False,True,False
91025,100,100,True,1,0,0,1,False,False,False
91085,100,100,True,1,0,0,1,False,False,False
91145,100,100,True,1,0,0,1,False,False,False
91205,100,100,True,1,0,0,1,False,False,False
91265,100,100,True,1,0,0,1,False,False,False
91325,100,100,True,1,0,0,1,False,False,False
91385,100,100,True,1,0,0,1,False,False,False
91445,100,100,True,1,0,0,1,False,False,False
91505,100,100,True,1,0,0,1,False,False,False
91565,100,100,True,1,0,0,1,False,False,False
91625,100,100,True,1,0,0,1,False,False,False
91685,100,100,True,1,0,0,1,False,False,False
91745,100,100,True,1,0,0,1,False,False,False
91805,100,100,True,1,0,0,1,False,False,False
91865,100,100,True,1,0,0,1,False,False,False
91925,100,100,True,1,0,0,1,False,False,False
91985,100,100,True,1,0,0,1,False,False,False
92045,100,100,True,1,0,0,1,False,False,False
92105,100,100,True,1,0,0,1,False,False,False
92165,100,100,True,1,0,0,1,False,False,False
92225,100,100,True,1,0,0,1,False,False,False
92285,100,100,True,1,0,0,1,False,False,False
92345,100,100,True,1,0,0,1,False,False,False
92405,100,100,True,1,0,0,1,False,False,True
92465,100,100,True,1,0,0,1,False,False,True
92525,100,100,True,1,0,0,1,False,False,True
92585,100,100,True,1,0,0,1,False,False,True
92645,100,100,True,1,0,0,1,False,False,True
92705,100,100,True,1,0,0,1,False,False,True
94025,100,100,True,1,1,0,1,False,False,False
94085,100,100,True,1,1,0,1,False,True,False
94145,100,100,True,1,1,0,1,False,True,False
94205,100,100,True,1,1,0,1,False,True,False
94265,100,100,True,1,1,0,1,False,True,False
94325,100,100,True,1,1,0,1,False,True,False
94385,100,100,True,1,1,0,1,False,True,False
94445,100,100,True,1,1,0,1,False,True,False
94505,100,100,True,1,1,0,1,False,True,False
94565,100,100,True,1,1,0,1,False,True,False
94625,100,100,True,1,1,0,1,False,True,False
94685,100,100,True,1,1,0,1,False,True,False
94745,100,100,True,1,0,0,1,False,True,False
94805,100,100,True,1,0,0,1,False,True,False
94865,100,100,True,1,0,0,1,False,True,False
94925,100,100,True,1,0,0,1,False,True,False
94985,100,100,True,1,0,0,1,False,True,False
95045,100,100,True,1,0,0,1,False,True,False
95105,100,100,True,1,0,0,1,False,True,False
95165,100,100,True,1,0,0,1,False,True,False
95225,100,100,True,1,0,0,1,False,True,False
95285,100,100,True,1,0,0,1,False,True,False
95345,77,96,True,1,0,0,1,False,True,False
95405,77,96,True,1,0,0,1,False,True,False
95465,77,96,True,1,0,0,1,False,True,False
95525,77,96,True,0,0,0,1,False,True,False
95585,77,96,True,0,0,0,1,False,True,False
95645,77,96,True,0,0,0,0,False,True,False
95705,77,96,True,0,0,0,0,False,True,False
95765,77,96,True,0,0,0,0,False,True,False
95825,77,96,True,0,0,0,0,False,True,False
95885,77,96,True,0,0,0,0,False,True,False
95945,77,96,True,0,0,0,0,False,True,False
96005,77,96,True,0,0,0,0,False,True,False
96065,77,96,True,0,0,0,0,False,True,False
96125,77,96,True,0,0,0,0,False,True,False
96185,77,96,True,0,0,0,0,False,True,False
96245,77,96,True,0,0,0,0,False,True,False
96305,77,96,True,0,0,0,0,False,True,False
96365,77,96,True,0,0,0,0,False,True,False
96425,77,96,True,0,0,0,0,False,True,False
96485,77,96,True,0,0,0,0,False,True,False
96545,77,96,True,0,0,0,0,False,True,False
96605,77,96,True,0,0,0,0,False,True,False
96665,77,96,True,0,0,0,0,False,True,False
96725,77,96,True,0,0,0,0,False,True,False
96785,77,96,True,0,0,0,0,False,True,False
96845,77,96,True,0,0,0,0,False,True,False
101105,100,100,True,1,1,0,1,False,False,False
101165,100,100,True,0,1,0,1,False,False,False
101225,100,100,True,0,1,0,1,False,False,False
101285,100,100,True,0,1,0,1,False,False,False
101345,100,100,True,0,1,0,1,False,False,False
101405,100,100,True,0,1,0,1,False,False,False
101465,100,100,True,0,1,0,1,False,False,False
101525,100,100,True,0,1,0,1,False,False,False
101585,100,100,True,0,1,0,1,False,False,False
101645,100,100,True,0,1,0,1,False,False,False
101705,100,100,True,0,1,0,1,False,False,False
101765,100,100,True,0,1,0,1,False,False,False
101825,100,100,True,0,1,0,1,False,True,False
101885,100,100,True,0,1,0,1,False,True,False
101945,100,100,True,0,1,0,1,False,True,False
102005,100,100,True,0,1,0,1,False,True,False
102065,100,100,True,0,1,0,1,False,True,False
102125,100,100,True,0,0,0,1,False,True,False
102185,100,100,True,0,0,0,1,False,True,False
102245,100,100,True,0,0,0,1,False,True,False
102305,100,100,True,0,0,0,1,False,True,False
102365,100,100,True,0,0,0,1,False,True,False
102425,100,100,True,0,0,0,1,False,True,False
102485,100,100,True,0,0,0,1,False,True,False
102545,100,100,True,1,0,0,1,False,True,False
102605,100,100,True,1,0,0,1,False,True,False
102665,100,100,True,1,0,0,1,False,True,False
102725,100,100,True,1,0,0,1,False,True,False
102785,100,100,True,1,0,0,1,False,True,False
102845,100,100,True,1,0,0,1,False,True,False
102905,100,100,True,1,0,0,1,False,True,False
102965,100,100,True,1,0,0,1,False,True,False
103025,100,100,True,1,0,0,1,False,True,False
103085,100,100,True,1,0,0,1,False,True,False
103145,100,100,True,1,0,0,1,False,True,False
103205,100,100,True,1,0,0,1,False,True,False
103265,100,100,True,1,0,0,1,False,True,False
103325,100,100,True,1,0,0,1,False,True,False
103385,100,100,True,1,0,0,1,False,True,False
103445,100,100,True,1,0,0,1,False,True,False
103505,100,100,True,1,0,0,1,False,True,False
103565,100,100,True,1,0,0,1,False,True,False
103625,100,100,True,1,0,0,1,False,True,False
103685,100,100,True,1,0,0,1,False,True,False
103745,100,100,True,1,0,0,1,False,True,False
103805,100,100,True,1,0,0,1,False,True,False
103865,100,100,True,1,0,0,1,False,True,False
103925,100,100,True,1,0,0,1,False,True,False
103985,100,100,True,1,0,0,1,False,True,False
104045,100,100,True,1,0,0,1,False,True,False
104105,100,100,True,1,0,0,1,False,True,False
104165,100,100,True,1,0,0,1,False,True,False
104225,100,100,True,1,0,0,1,False,True,False
104285,100,100,True,1,0,0,1,False,True,False
104345,100,100,True,1,0,0,1,False,True,False
104405,100,100,True,1,0,0,1,False,True,False
104465,100,100,True,1,0,0,1,False,True,False
104525,100,100,True,1,0,0,1,False,True,False
104585,100,100,True,1,0,0,1,False,True,False
104645,100,100,True,1,0,0,1,False,True,False
104705,100,100,True,1,0,0,1,False,True,False
104765,100,100,True,1,0,0,1,False,True,False
104825,100,100,True,1,0,0,1,False,True,False
104885,100,100,True,1,0,0,1,False,True,False
104945,100,100,True,1,0,0,1,False,True,False
105005,100,100,True,1,0,0,1,False,True,False
105065,100,100,True,1,0,0,1,False,True,False
105125,100,100,True,1,0,0,1,False,True,False
105185,100,100,True,1,0,0,1,False,True,False
105245,100,100,True,1,0,0,1,False,True,False
105305,28,85,True,1,0,0,1,False,True,False
105365,28,85,True,1,0,0,1,False,True,False
105425,28,85,True,1,0,0,1,False,True,False
105485,28,85,True,0,0,0,1,False,True,False
105545,28,85,True,0,0,0,1,False,True,False
105605,28,85,True,0,0,0,1,False,True,False
105665,28,85,True,0,0,0,1,False,True,False
105725,28,85,True,0,0,0,1,False,True,False
105785,28,85,True,0,0,0,1,False,True,False
105845,28,85,True,0,0,0,1,False,True,False
105905,28,85,True,0,0,0,1,False,True,False
105965,28,85,True,0,0,0,1,False,True,False
106025,28,85,True,0,0,0,1,False,True,False
106085,28,85,True,0,0,0,1,False,True,False
106145,28,85,True,0,0,0,1,False,True,False
106205,28,85,True,0,0,0,0,False,True,False
106265,28,85,True,0,0,0,0,False,True,False
106325,28,85,True,0,0,0,0,False,True,False
106385,28,85,True,0,0,0,0,False,True,False
106445,28,85,True,0,0,0,0,False,True,False
106505,28,85,True,0,0,0,0,False,True,False
106565,6,81,True,0,0,0,0,False,True,False
106625,6,81,True,0,0,0,0,False,True,False
106685,6,81,True,0,0,0,0,False,True,False
108425,100,100,True,1,1,0,1,False,False,False
108485,100,100,True,1,1,0,1,False,False,False
108545,100,100,True,1,1,0,1,False,False,False
108605,100,100,True,1,1,0,1,False,False,False
108665,100,100,True,1,1,0,1,False,False,False
108725,100,100,True,1,1,0,1,False,False,False
108785,100,100,True,1,1,0,1,False,False,False
108845,100,100,True,1,1,0,1,False,False,False
108905,100,100,True,1,1,0,1,False,False,False
108965,100,100,True,1,1,0,1,False,False,False
109025,100,100,True,1,1,0,1,False,False,False
109085,100,100,True,1,1,0,1,False,False,False
109145,67,79,True,1,1,0,1,False,False,False
109205,67,79,True,1,1,0,1,False,False,False
109265,67,79,True,1,1,0,1,False,False,False
109325,67,79,True,1,1,0,1,False,False,False
109385,67,79,True,1,1,0,1,False,False,False
109445,67,79,True,1,1,0,1,False,False,False
109505,67,79,True,1,1,0,1,False,False,False
109565,67,79,True,1,1,0,1,False,False,False
109625,67,79,True,1,1,0,1,False,False,False
109685,67,79,True,1,1,0,1,False,False,False
109745,67,79,True,1,1,0,1,False,False,False
109805,67,79,True,1,1,0,1,False,False,False
109865,67,79,True,1,1,0,1,False,False,False
109925,67,79,True,1,1,0,1,False,False,False
109985,67,79,True,1,1,0,1,False,False,False
110045,67,79,True,1,1,0,1,False,False,False
110105,67,79,True,1,1,0,1,False,False,False
110165,67,79,True,1,1,0,1,False,False,False
110225,67,79,True,1,1,0,1,False,False,False
110285,67,79,True,1,1,0,1,False,False,False
110345,67,79,True,1,1,0,1,False,False,False
110405,67,79,True,1,1,0,1,False,False,False
110465,59,78,True,1,1,0,1,False,True,False
110525,59,78,True,1,1,0,1,False,True,False
110585,59,78,True,1,1,0,1,False,True,False
110645,59,78,True,0,1,0,1,False,True,False
110705,59,78,True,0,1,0,1,False,True,False
110765,59,78,True,0,1,0,1,False,True,False
110825,59,78,True,0,1,0,1,False,True,False
110885,59,78,True,0,1,0,1,False,True,False
110945,59,78,True,0,1,0,1,False,True,False
111005,59,78,True,0,1,0,1,False,True,False
111065,59,78,True,0,1,0,1,False,True,False
111125,59,78,True,0,1,0,1,False,True,False
111185,59,78,True,0,1,0,1,False,True,False
111245,59,78,True,0,1,0,1,False,True,False
111305,59,78,True,0,1,0,1,False,True,False
111365,59,78,True,0,1,0,1,False,True,False
111425,59,78,True,0,1,0,1,False,True,False
111485,59,78,True,0,1,0,1,False,True,False
111545,59,78,True,0,1,0,1,False,True,False
111605,59,78,True,0,1,0,1,False,True,False
111665,59,78,True,0,1,0,1,False,True,False
111725,59,78,True,1,1,0,1,False,True,False
111785,59,78,True,1,1,0,1,False,True,False
111845,59,78,True,1,1,0,0,False,True,False
111905,59,78,True,1,1,0,0,False,True,False
111965,59,78,True,1,1,0,0,False,True,False
112025,59,78,True,1,1,0,0,False,True,False
112085,59,78,True,1,1,0,0,False,True,False
112145,59,78,True,1,1,0,0,False,True,False
112205,59,78,True,1,1,0,0,False,True,False
112265,59,78,True,1,0,0,0,False,True,False
112325,59,78,True,1,0,0,0,False,True,False
112385,59,78,True,1,0,0,0,False,False,False
112445,59,78,True,1,0,0,0,False,False,False
112505,59,78,True,1,0,0,0,False,False,False
112565,59,78,True,1,0,0,0,False,False,False
112625,59,78,True,1,0,0,0,False,False,False
112685,25,71,True,1,0,0,0,False,False,False
112745,25,71,True,1,0,0,0,False,False,False
112805,25,71,True,1,0,0,0,False,False,False
112865,25,71,True,1,0,0,0,False,True,False
112925,25,71,True,1,0,0,0,False,True,False
112985,25,71,True,1,0,0,0,False,True,False
113045,25,71,True,1,0,0,0,False,True,False
113105,25,71,True,1,0,0,0,False,True,False
113165,25,71,True,1,0,0,0,False,True,False
113225,25,71,True,1,0,0,0,False,True,False
113285,25,71,True,1,0,0,0,False,False,True
113345,25,71,True,1,0,0,0,False,False,True
113405,25,71,True,0,0,0,0,False,False,True
113465,25,71,True,0,0,0,0,False,False,True
113525,25,71,True,0,0,0,0,False,False,True
113585,25,71,True,0,0,0,0,False,False,True
113645,25,71,True,0,0,0,0,False,False,True
113705,25,71,True,0,0,0,0,False,False,True
113765,25,71,True,0,0,0,0,False,False,True
113825,25,71,True,0,0,0,0,False,False,True
113885,25,71,True,0,0,0,0,False,False,True
113945,25,71,True,0,0,0,0,False,False,True
114005,25,71,True,0,0,0,0,False,False,True
114065,25,71,True,0,0,0,0,False,False,True
114125,25,71,True,0,0,0,0,False,False,True
114185,25,71,True,0,0,0,0,False,False,True
114245,25,71,True,0,0,0,0,False,False,True
114305,25,71,True,0,0,0,0,False,False,True
114365,25,71,True,0,0,0,0,False,False,True
114425,25,71,True,0,0,0,0,False,False,True
114485,25,71,True,0,0,0,0,False,False,True
114545,25,71,True,0,0,0,0,False,False,True
114605,25,71,True,0,0,0,0,False,False,True
114665,25,71,True,0,0,0,0,False,False,True
114725,25,71,True,0,0,0,0,False,False,True
114785,25,71,True,0,0,0,0,False,False,True
114845,25,71,True,0,0,0,0,False,False,True
114905,25,71,True,0,0,0,0,False,False,True
114965,25,71,True,0,0,0,0,False,False,True
115025,25,71,True,0,0,0,0,False,False,True
115085,25,71,True,0,0,0,0,False,False,True
115145,25,71,True,0,0,0,0,False,False,True
115205,25,71,True,0,0,0,0,False,False,True
115265,25,71,True,0,0,0,0,False,False,True
115325,25,71,True,0,0,0,0,False,False,True
115385,25,71,True,0,0,0,0,False,False,True
115445,25,71,True,0,0,0,0,False,False,True
115505,25,71,True,0,0,0,0,False,False,True
115565,25,71,True,0,0,0,0,False,False,True
115625,25,71,True,0,0,0,0,False,False,True
115685,25,71,True,0,0,0,0,False,False,True
115745,25,71,True,0,0,0,0,False,False,True
115805,25,71,True,0,0,0,0,False,False,True
117665,100,100,True,1,0,0,1,False,False,False
117725,100,100,True,1,0,0,1,False,False,False
117785,100,100,True,1,0,0,1,False,False,False
117845,100,100,True,1,0,0,1,False,False,False
117905,100,100,True,1,0,0,1,False,False,False
117965,100,100,True,1,0,0,1,False,False,False
118025,100,100,True,1,0,0,1,False,False,False
118085,100,100,True,1,0,0,1,False,False,False
118145,100,100,True,1,0,0,1,False,False,False
118205,94,100,True,0,0,0,1,False,False,False
118265,90,100,True,0,0,0,1,False,False,False
118325,90,100,True,0,0,0,1,False,False,False
118385,90,100,True,0,0,0,1,False,False,False
118445,73,89,True,0,0,0,1,False,False,False
118505,73,89,True,0,0,0,1,False,False,False
118565,73,89,True,0,0,0,1,False,False,False
118625,73,89,True,0,0,0,1,False,False,False
118685,73,89,True,0,0,0,1,False,False,False
118745,73,89,True,0,0,0,1,False,False,False
118805,73,89,True,0,0,0,1,False,False,False
118865,73,89,True,0,0,0,1,False,False,False
118925,73,89,True,0,0,0,1,False,False,False
118985,73,89,True,0,0,0,1,False,False,False
119045,73,89,True,0,0,0,1,False,False,False
119105,73,89,True,0,0,0,1,False,False,False
119165,73,89,True,0,0,0,1,False,False,False
119225,73,89,True,0,0,0,1,False,False,False
119285,73,89,True,0,0,0,1,False,False,False
119345,73,89,True,0,0,0,1,False,False,False
119405,73,89,True,0,0,0,1,False,False,False
119465,73,89,True,0,0,0,1,False,False,False
119525,73,89,True,0,0,0,1,False,False,False
119585,73,89,True,0,0,0,1,False,False,False
119645,73,89,True,0,0,0,1,False,False,False
119705,73,89,True,0,0,0,1,False,False,False
119765,73,89,True,0,0,0,1,False,False,False
119825,73,89,True,0,0,0,1,False,False,False
119885,73,89,True,0,0,0,1,False,False,False
119945,73,89,True,0,0,0,1,False,False,False
120005,73,89,True,0,0,0,1,False,False,False
120065,73,89,True,0,0,0,1,False,False,True
120125,73,89,True,0,0,0,1,False,False,True
120185,73,89,True,0,0,0,1,False,False,True
120245,73,89,True,0,0,0,1,False,False,True
120305,73,89,True,0,0,0,0,False,False,True
120365,73,89,True,0,0,0,0,False,False,True
120425,73,89,True,0,0,0,0,False,False,True
120485,73,89,True,0,0,0,0,False,False,True
120545,73,89,True,0,0,0,0,False,False,True
120605,73,89,True,0,0,0,0,False,False,True
120665,73,89,True,0,0,0,0,False,False,True
120725,73,89,True,0,0,0,0,False,False,True
120785,73,89,True,0,0,0,0,False,False,True
120845,73,89,True,1,0,0,0,False,False,True
120905,73,89,True,1,0,0,0,False,False,True
120965,73,89,True,1,0,0,0,False,False,True
121025,46,86,True,1,0,0,0,False,False,True
124445,100,100,True,1,1,1,1,False,True,False
124505,100,100,True,1,1,1,1,False,True,False
124565,100,100,True,1,1,1,1,False,True,False
124625,100,100,True,1,1,1,1,False,True,False
124685,100,100,True,1,1,1,1,False,True,False
124745,100,100,True,1,1,1,1,False,True,False
124805,100,100,True,1,1,1,1,False,True,False
124865,100,100,True,1,1,1,1,False,True,False
124925,100,100,True,1,1,1,1,False,True,False
124985,100,100,True,1,1,1,1,False,True,False
125045,100,100,True,1,1,1,1,False,True,False
125105,100,100,True,1,1,1,1,False,True,False
125165,100,100,True,1,1,0,1,False,False,False
125225,100,100,True,1,1,0,1,False,False,False
125285,100,100,True,1,1,0,1,False,False,False
125345,100,100,True,1,0,0,1,False,False,False
125405,100,100,True,1,1,0,1,False,False,False
125465,100,100,True,1,1,0,1,False,False,False
125525,100,100,True,1,1,0,1,False,False,False
125585,100,100,True,1,1,0,1,False,False,False
125645,18,99,True,1,1,0,1,False,False,False
125705,18,99,True,1,1,0,1,False,False,False
125765,18,99,True,1,1,0,1,False,False,False
125825,18,99,True,1,1,0,1,False,False,False
125885,18,99,True,1,1,0,1,False,False,False
125945,18,99,True,1,1,0,1,False,False,False
126005,18,99,True,0,1,0,1,False,False,False
126065,18,99,True,0,1,0,1,False,False,False
126125,18,99,True,0,1,0,1,False,False,False
126185,18,99,True,0,1,0,1,False,False,False
126245,18,99,True,0,1,0,1,False,False,False
126305,18,99,True,0,1,0,1,False,False,False
126365,18,99,True,0,1,0,0,False,False,False
126425,18,99,True,0,1,0,0,False,False,True
126485,18,99,True,0,1,0,0,False,False,True
126545,18,99,True,0,1,0,0,False,False,True
126605,18,99,True,0,1,0,0,False,False,True
126665,18,99,True,0,1,0,0,False,False,True
129785,100,100,True,1,1,0,0,False,False,False
129845,100,100,True,1,1,0,0,False,False,False
129905,100,100,True,1,1,0,0,False,False,False
129965,100,100,True,1,1,0,0,False,False,False
130025,100,100,True,1,1,0,0,False,False,False
130085,100,100,True,1,1,0,0,False,False,False
130145,100,100,True,1,1,0,0,False,False,False
130205,100,100,True,1,1,0,0,False,False,False
130265,100,100,True,1,1,0,0,False,False,False
130325,100,100,True,1,1,0,0,False,False,False
130385,100,100,True,1,1,0,0,False,False,False
130445,100,100,True,1,1,0,0,False,False,False
130505,100,100,True,1,1,0,0,False,False,False
130565,100,100,True,1,1,0,0,False,False,False
130625,100,100,True,1,1,0,0,False,False,False
130685,100,100,True,1,1,0,0,False,False,False
130745,100,100,True,1,1,0,0,False,False,False
130805,100,100,True,1,1,0,0,False,False,False
130865,100,100,True,1,1,0,0,False,False,False
130925,100,100,True,1,1,0,0,False,False,False
130985,100,100,True,1,1,0,0,False,False,False
131045,100,100,True,1,1,0,0,False,False,False
131105,100,100,True,1,1,0,0,False,False,False
131165,100,100,True,1,1,0,0,False,False,False
131225,100,100,True,1,1,0,0,False,False,False
131285,100,100,True,1,1,0,0,False,False,False
131345,100,100,True,1,1,0,0,False,False,False
131405,51,90,True,1,1,0,0,False,False,False
131465,50,90,True,1,1,0,0,False,False,False
131525,50,90,True,1,1,0,0,False,False,False
131585,50,90,True,1,1,0,0,False,False,False
131645,50,90,True,1,1,0,0,False,False,False
131705,50,90,True,1,1,0,0,False,False,False
131765,50,90,True,1,1,0,0,False,False,False
131825,50,90,True,1,1,0,0,False,False,False
131885,50,90,True,1,1,0,0,False,False,False
131945,50,90,True,1,1,0,0,False,False,False
132005,50,90,True,1,1,0,0,False,False,False
132065,50,90,True,1,1,0,0,False,False,False
132125,50,90,True,0,1,0,0,False,False,False
132185,50,90,True,0,1,0,0,False,False,False
132245,50,90,True,0,0,0,0,False,False,False
132305,50,90,True,0,0,0,0,False,False,False
132365,50,90,True,0,0,0,0,False,False,False
132425,50,90,True,0,0,0,0,False,False,False
132485,50,90,True,0,0,0,0,False,False,False
132545,50,90,True,0,0,0,0,False,False,False
132605,50,90,True,0,0,0,0,False,False,False
132665,50,90,True,1,0,0,0,False,False,False
132725,50,90,True,1,0,0,0,False,False,False
132785,50,90,True,1,0,0,0,False,False,False
132845,50,90,True,1,0,0,0,False,False,False
132905,50,90,True,1,0,0,0,False,False,False
132965,50,90,True,1,0,0,0,False,False,False
133025,50,90,True,1,0,0,0,False,False,False
133085,50,90,True,1,0,0,0,False,False,False
133145,50,90,True,1,0,0,0,False,False,False
133205,50,90,True,1,0,0,0,False,False,False
133265,50,90,True,1,0,0,0,False,False,False
133325,50,90,True,1,0,0,0,False,False,False
133385,50,90,True,1,0,0,0,False,False,False
133445,50,90,True,1,0,0,0,False,False,False
133505,50,90,True,1,0,0,0,False,False,True
133565,50,90,True,1,0,0,0,False,False,True
133625,50,90,True,1,0,0,0,False,False,True
134945,100,90,True,1,1,1,1,False,True,False
135005,100,90,True,1,1,1,1,False,True,False
135065,100,90,True,1,1,1,1,False,True,False
135125,100,90,True,1,1,1,1,False,True,False
135185,100,90,True,1,1,1,1,False,True,False
135245,100,90,True,1,1,1,1,False,True,False
135305,100,90,True,1,1,1,1,False,True,False
135365,100,90,True,1,1,1,1,False,True,False
135425,100,90,True,1,1,1,1,False,True,False
135485,100,90,True,1,0,1,1,False,True,False
135545,100,90,True,1,0,0,1,False,True,False
135605,100,90,True,1,0,0,1,False,True,False
135665,100,90,True,1,0,0,1,False,True,False
135725,100,90,True,0,0,0,1,False,True,False
135785,100,90,True,0,0,0,1,False,True,False
135845,100,90,True,0,0,0,0,False,True,False
135905,100,90,True,0,0,0,0,False,True,False
135965,100,90,True,0,0,0,0,False,True,False
136025,100,90,True,0,0,0,0,False,True,False
136085,100,90,True,0,0,0,0,False,True,False
136145,100,90,True,0,0,0,0,False,True,False
136205,100,90,True,0,0,0,0,False,True,False
136265,100,90,True,0,0,0,0,False,True,False
136325,100,90,True,0,0,0,0,False,True,False
136385,100,90,True,0,0,0,0,False,True,False
136445,100,90,True,0,0,0,0,False,True,False
136505,100,90,True,0,0,0,0,False,True,False
136565,100,90,True,0,0,0,0,False,True,False
136625,100,90,True,0,0,0,0,False,True,False
136685,100,90,True,0,0,0,0,False,True,False
136745,100,90,True,0,0,0,0,False,True,False
136805,100,90,True,0,0,0,0,False,True,False
136865,100,90,True,0,0,0,0,False,True,False
136925,100,90,True,0,0,0,0,False,True,False
136985,100,90,True,0,0,0,0,False,True,False
137045,100,90,True,0,0,0,0,False,True,False
137105,100,90,True,0,0,0,0,False,False,False
137165,100,90,True,0,0,0,0,False,False,False
137225,100,90,True,0,0,0,0,False,False,False
137285,100,90,True,0,0,0,0,False,True,False
137345,100,90,True,0,0,0,0,False,True,False
137405,100,90,True,0,0,0,0,False,True,False
137465,100,90,True,0,0,0,0,False,True,False
137525,100,90,True,0,0,0,0,False,True,False
137585,100,90,True,0,0,0,0,False,True,False
137645,100,90,True,0,0,0,0,False,True,False
137705,100,90,True,0,0,0,0,False,True,False
137765,100,90,True,0,0,0,0,False,True,False
137825,100,90,True,0,0,0,0,False,True,False
137885,100,90,True,0,0,0,0,False,True,False
137945,100,90,True,0,0,0,0,False,True,False
138005,100,90,True,0,0,0,0,False,True,False
138065,100,90,True,0,0,0,0,False,True,False
138125,100,90,True,0,0,0,0,False,True,False
138185,100,90,True,0,0,0,0,False,True,False
138245,100,90,True,0,0,0,0,False,True,False
138305,100,90,True,0,0,0,0,False,True,False
138365,100,90,True,0,0,0,0,False,True,False
138425,100,90,True,0,0,0,0,False,True,False
138485,100,90,True,0,0,0,0,False,False,True
138545,100,90,True,0,0,0,0,False,False,True
138605,100,90,True,0,0,0,0,False,False,True
138665,100,90,True,0,0,0,0,False,False,True
138725,100,90,True,0,0,0,0,False,False,True
138785,100,90,True,0,0,0,0,False,False,True
138845,100,90,True,0,0,0,0,False,False,True
138905,100,90,True,0,0,0,0,False,False,True
138965,100,90,True,0,0,0,0,False,False,True
139025,100,90,True,0,0,0,0,False,False,True
139085,100,90,True,0,0,0,0,False,False,True
139145,95,90,True,0,0,0,0,False,False,True
139205,95,90,True,0,0,0,0,False,False,True
139265,95,90,True,0,0,0,0,False,False,True
139325,95,90,True,0,0,0,0,False,False,True
139385,95,90,True,0,0,0,0,False,False,True
139445,95,90,True,0,0,0,0,False,False,True
139505,95,90,True,0,0,0,0,False,False,True
139565,95,90,True,0,0,0,0,False,False,True
139625,95,90,True,0,0,0,0,False,False,True
139685,95,90,True,0,0,0,0,False,False,True
139745,95,90,True,0,0,0,0,False,False,True
139805,95,90,True,0,0,0,0,False,False,True
139865,95,90,True,0,0,0,0,False,False,True
139925,95,90,True,0,0,0,0,False,False,True
139985,95,90,True,0,0,0,0,False,False,True
140045,95,90,True,0,0,0,0,False,False,True
