0,1,2,3,4,5,6,7,8,9,10
5151,100.0,0.0,False,1,0,0,1,False,False,False
5211,100.0,0.0,False,1,0,0,1,False,False,False
5271,100.0,0.0,False,1,0,0,1,False,False,False
5331,100.0,0.0,False,1,0,0,1,False,False,False
5391,100.0,0.0,False,1,0,0,1,False,False,False
5451,100.0,0.0,False,1,0,0,1,False,False,False
5511,100.0,0.0,False,1,0,0,1,False,False,False
5571,100.0,0.0,False,1,0,0,1,False,False,False
5631,100.0,0.0,False,1,0,0,1,False,False,False
5691,100.0,0.0,False,0,0,0,1,False,False,False
5751,100.0,0.0,False,0,0,0,1,False,False,False
5811,100.0,0.0,False,0,0,0,1,False,False,False
5871,100.0,0.0,False,0,0,0,1,False,False,False
5931,100.0,0.0,False,0,0,0,0,False,False,False
5991,100.0,0.0,False,0,0,0,0,False,False,False
6051,100.0,0.0,False,0,0,0,0,False,False,False
6111,100.0,0.0,False,0,0,0,0,False,False,False
6171,100.0,0.0,False,0,0,0,0,False,False,False
6231,100.0,0.0,False,0,0,0,0,False,False,False
6291,100.0,0.0,False,0,0,0,0,False,False,False
6351,100.0,0.0,False,0,0,0,0,False,False,False
6411,100.0,0.0,False,0,0,0,0,False,False,False
6471,100.0,0.0,False,0,0,0,0,False,False,False
6531,100.0,0.0,False,0,0,0,0,False,False,False
6591,100.0,0.0,False,0,0,0,0,False,False,False
6651,100.0,0.0,False,0,0,0,0,False,False,False
6711,100.0,0.0,False,0,0,0,0,False,False,False
6771,100.0,0.0,False,0,0,0,0,False,False,False
6831,100.0,0.0,False,0,0,0,0,False,False,False
6891,100.0,0.0,False,0,0,0,0,False,False,False
6951,100.0,0.0,False,0,0,0,0,False,False,False
7011,100.0,0.0,False,0,0,0,0,False,False,False
7071,100.0,0.0,False,0,0,0,0,False,False,False
7131,100.0,0.0,False,0,0,0,0,False,False,False
7191,100.0,0.0,False,0,0,0,0,False,False,False
7251,100.0,0.0,False,0,0,0,0,False,False,False
7311,100.0,0.0,False,0,0,0,0,False,False,False
7371,100.0,0.0,False,0,0,0,0,False,False,False
7431,100.0,0.0,False,0,0,0,0,False,False,False
7491,100.0,0.0,False,0,0,0,0,False,False,False
7551,100.0,0.0,False,0,0,0,0,False,False,False
7611,100.0,0.0,False,0,0,0,0,False,False,False
7671,100.0,0.0,False,0,0,0,0,False,False,False
7731,100.0,0.0,False,0,0,0,0,False,False,False
7791,100.0,0.0,False,0,0,0,0,False,False,False
7851,100.0,0.0,False,0,0,0,0,False,False,False
7911,100.0,0.0,False,0,0,0,0,False,False,False
7971,100.0,0.0,False,0,0,0,0,False,False,False
8031,100.0,0.0,False,0,0,0,0,False,False,False
8091,100.0,0.0,False,0,0,0,0,False,False,False
8151,100.0,0.0,False,0,0,0,0,False,False,False
8211,100.0,0.0,False,0,0,0,0,False,False,False
8271,100.0,0.0,False,0,0,0,0,False,False,False
8331,100.0,0.0,False,0,0,0,0,False,False,False
8391,100.0,0.0,False,0,0,0,0,False,False,False
8451,100.0,0.0,False,0,0,0,0,False,False,False
8511,100.0,0.0,False,0,0,0,0,False,False,False
8571,100.0,0.0,False,0,0,0,0,False,False,False
8631,100.0,0.0,False,0,0,0,0,False,False,False
8691,100.0,0.0,False,0,0,0,0,False,False,False
8751,100.0,0.0,False,0,0,0,0,False,False,False
8811,100.0,0.0,False,0,0,0,0,False,False,False
8871,100.0,0.0,False,0,0,0,0,False,False,False
8931,100.0,0.0,False,0,0,0,0,False,False,False
8991,75.0,0.0,False,0,0,0,0,False,False,False
9051,47.0,0.0,False,0,0,0,0,False,False,False
9111,47.0,0.0,False,0,0,0,0,False,False,False
9171,47.0,0.0,False,0,0,0,0,False,False,False
9231,47.0,0.0,False,0,0,0,0,False,False,False
9291,47.0,0.0,False,0,0,0,0,False,False,False
9351,47.0,0.0,False,0,0,0,0,False,False,False
9411,47.0,0.0,False,0,0,0,0,False,False,False
9471,47.0,0.0,False,0,0,0,0,False,False,False
9531,47.0,0.0,False,0,0,0,0,False,False,False
9591,47.0,0.0,False,0,0,0,0,False,False,False
9651,13.0,0.0,False,0,0,0,0,False,False,False
11391,100.0,100.0,False,0,1,0,0,False,False,False
11451,100.0,100.0,False,0,1,0,0,False,False,False
11511,100.0,100.0,False,0,1,0,0,False,False,False
11571,100.0,100.0,False,0,1,0,0,False,False,False
11631,100.0,100.0,False,0,1,0,0,False,False,False
11691,100.0,100.0,False,0,1,0,0,False,False,False
11751,100.0,100.0,False,0,1,0,0,False,False,False
11811,100.0,100.0,False,0,1,0,0,False,False,False
11871,100.0,100.0,False,0,1,0,0,False,False,False
11931,100.0,100.0,False,0,1,0,0,False,False,False
11991,100.0,100.0,False,0,1,0,0,False,False,False
12051,100.0,100.0,False,0,1,0,0,False,False,False
12111,100.0,100.0,False,0,1,0,0,False,False,False
12171,100.0,100.0,False,0,1,0,0,False,False,False
12231,100.0,100.0,False,0,1,0,0,False,False,False
12291,100.0,100.0,False,0,1,0,0,False,False,False
12351,100.0,100.0,False,0,1,0,0,False,False,False
12411,100.0,100.0,False,0,1,0,0,False,False,False
12471,100.0,100.0,False,0,1,0,0,False,False,False
12531,100.0,100.0,False,0,1,0,0,False,False,False
12591,100.0,100.0,False,0,1,0,0,False,False,False
12651,100.0,100.0,False,0,1,0,0,False,False,False
12711,100.0,100.0,False,0,0,0,0,False,False,False
12771,100.0,100.0,False,0,0,0,0,False,False,False
12831,100.0,100.0,False,0,0,0,0,False,False,False
12891,100.0,100.0,False,0,0,0,0,False,False,False
12951,100.0,100.0,False,0,0,0,0,False,False,False
13011,100.0,100.0,False,0,0,0,0,False,False,False
13071,100.0,100.0,False,0,0,0,0,False,False,False
13131,100.0,100.0,False,0,0,0,0,False,False,False
13191,100.0,100.0,False,0,0,0,0,False,False,False
13251,100.0,100.0,False,0,0,0,0,False,False,False
13311,100.0,100.0,False,0,0,0,0,False,False,False
13371,100.0,100.0,False,0,0,0,0,False,False,False
13431,100.0,100.0,False,0,0,0,0,False,False,False
13491,100.0,100.0,False,0,0,0,0,False,False,False
13551,100.0,100.0,False,0,0,0,0,False,False,False
13611,100.0,100.0,False,0,0,0,0,False,False,False
13671,100.0,100.0,False,0,0,0,0,False,False,False
13731,100.0,100.0,False,0,0,0,0,False,False,False
13791,100.0,100.0,False,0,0,0,0,False,False,False
13851,100.0,100.0,False,0,0,0,0,False,False,False
13911,100.0,100.0,False,0,0,0,0,False,False,False
13971,100.0,100.0,False,0,0,0,0,False,False,False
14031,100.0,100.0,False,0,0,0,0,False,False,False
14091,100.0,100.0,False,0,0,0,0,False,False,False
14151,100.0,100.0,False,0,0,0,0,False,False,False
14211,100.0,100.0,False,0,0,0,0,False,False,False
14271,100.0,100.0,False,0,0,0,0,False,False,False
14331,100.0,100.0,False,0,0,0,0,False,False,False
14391,100.0,100.0,False,0,0,0,0,False,False,False
14451,100.0,100.0,False,0,0,0,0,False,False,False
14511,100.0,100.0,False,0,0,0,0,False,False,False
14571,100.0,100.0,False,0,0,0,0,False,False,False
14631,100.0,100.0,False,0,0,0,0,False,False,False
14691,100.0,100.0,False,0,0,0,0,False,False,False
14751,100.0,100.0,False,0,0,0,0,False,False,False
14811,100.0,100.0,False,0,0,0,0,False,False,False
14871,100.0,100.0,False,0,0,0,0,False,False,False
14931,100.0,100.0,False,0,0,0,0,False,False,False
14991,100.0,100.0,False,0,0,0,0,False,False,False
15051,100.0,100.0,False,0,0,0,0,False,False,False
15111,100.0,100.0,False,1,0,0,0,False,False,False
15171,100.0,100.0,False,1,0,0,0,False,False,False
15231,100.0,100.0,False,1,0,0,0,False,False,False
15291,100.0,100.0,False,1,0,0,0,False,False,False
15351,100.0,100.0,False,1,0,0,0,False,False,False
15411,100.0,100.0,False,1,0,0,0,False,False,False
15471,100.0,100.0,False,1,0,0,0,False,False,False
15531,100.0,100.0,False,1,0,0,0,False,False,False
15591,100.0,100.0,False,1,0,0,0,False,False,False
15651,100.0,100.0,False,1,0,0,0,False,False,False
15711,100.0,100.0,False,1,0,0,0,False,False,False
15771,100.0,100.0,False,1,0,0,0,False,False,False
15831,100.0,100.0,False,1,0,0,0,False,False,False
15891,100.0,100.0,False,1,0,0,0,False,False,False
15951,100.0,100.0,False,1,0,0,0,False,False,False
16011,100.0,100.0,False,1,0,0,0,False,False,False
16071,100.0,100.0,False,1,0,0,0,False,False,False
16131,100.0,100.0,False,1,0,0,0,False,False,False
16191,100.0,100.0,False,1,0,0,0,False,False,False
16251,100.0,100.0,False,1,0,0,0,False,True,False
16311,100.0,100.0,False,1,0,0,0,False,True,False
16371,100.0,100.0,False,1,0,0,0,False,True,False
16431,100.0,100.0,False,1,0,0,0,False,True,False
16491,100.0,100.0,False,1,0,0,0,False,True,False
16551,100.0,100.0,False,1,0,0,0,False,True,False
16611,100.0,100.0,False,1,0,0,0,False,True,False
16671,100.0,100.0,False,1,0,0,0,False,True,False
16731,100.0,100.0,False,1,0,0,0,False,True,False
16791,100.0,100.0,False,1,0,0,0,False,True,False
16851,100.0,100.0,False,1,0,0,0,False,True,False
16911,100.0,100.0,False,1,0,0,0,False,True,False
16971,100.0,100.0,False,1,0,0,0,False,True,False
17031,100.0,100.0,False,1,0,0,0,False,True,False
17091,100.0,100.0,False,1,0,0,0,False,False,True
17151,100.0,100.0,False,1,0,0,0,False,False,True
17211,100.0,100.0,False,0,0,0,0,False,False,True
17271,100.0,100.0,False,0,0,0,0,False,False,True
17331,100.0,100.0,False,0,0,0,0,False,False,True
17391,100.0,100.0,False,0,0,0,0,False,False,True
17451,100.0,100.0,False,0,0,0,0,False,False,True
17511,100.0,100.0,False,0,0,0,0,False,False,True
17571,100.0,100.0,False,0,0,0,0,False,False,True
17631,100.0,100.0,False,0,0,0,0,False,False,True
17691,100.0,100.0,False,0,0,0,0,False,False,True
17751,100.0,100.0,False,0,0,0,0,False,False,True
17811,100.0,100.0,False,0,0,0,0,False,False,True
17871,100.0,100.0,False,0,0,0,0,False,False,True
17931,100.0,100.0,False,0,0,0,0,False,False,True
17991,100.0,100.0,False,0,0,0,0,False,False,True
18051,100.0,100.0,False,0,0,0,0,False,False,True
18111,100.0,100.0,False,0,0,0,0,False,False,True
18171,100.0,100.0,False,0,0,0,0,False,False,True
18231,100.0,100.0,False,0,0,0,0,False,False,True
18291,100.0,100.0,False,0,0,0,0,False,False,True
18351,100.0,100.0,False,0,0,0,0,False,False,True
18411,100.0,100.0,False,0,0,0,0,False,False,True
18471,100.0,100.0,False,0,0,0,0,False,False,True
18531,100.0,100.0,False,0,0,0,0,False,False,True
18591,100.0,100.0,False,0,0,0,0,False,False,True
18651,100.0,100.0,False,0,0,0,0,False,False,True
18711,100.0,100.0,False,0,0,1,0,False,False,True
18771,100.0,100.0,False,0,0,1,0,False,False,True
18831,100.0,100.0,False,0,0,1,0,False,False,True
20151,100.0,100.0,True,1,1,1,1,False,False,False
20211,100.0,100.0,True,1,1,1,1,False,False,False
20271,100.0,100.0,True,1,1,1,1,False,False,False
20331,100.0,100.0,True,1,1,1,1,False,False,False
20391,100.0,100.0,True,1,1,1,1,False,False,False
20451,100.0,100.0,True,1,1,1,1,False,False,False
20511,100.0,100.0,True,1,1,1,1,False,False,False
20571,100.0,100.0,True,1,1,1,1,False,False,False
20631,100.0,100.0,True,1,1,1,1,False,False,False
20691,100.0,100.0,True,1,0,1,1,False,False,False
20751,100.0,100.0,True,1,0,1,1,False,False,False
20811,100.0,100.0,True,1,0,1,1,False,False,False
20871,100.0,100.0,True,1,0,1,1,False,False,False
20931,100.0,100.0,True,1,0,1,1,False,False,False
20991,100.0,100.0,True,1,0,1,1,False,False,False
21051,100.0,100.0,True,1,0,1,1,False,False,False
21111,100.0,100.0,True,1,0,1,1,False,False,False
21171,100.0,100.0,True,1,0,0,1,False,False,False
21231,100.0,100.0,True,1,0,0,1,False,False,False
21291,100.0,100.0,True,1,0,0,0,False,False,False
21351,100.0,100.0,True,1,0,0,0,False,False,False
21411,100.0,100.0,True,1,0,0,0,False,False,False
21471,100.0,100.0,True,1,0,0,0,False,False,False
21531,100.0,100.0,True,1,0,0,0,False,False,False
21591,100.0,100.0,True,1,0,0,0,False,False,False
21651,100.0,100.0,True,1,0,0,0,False,False,False
21711,100.0,100.0,True,1,0,0,0,False,False,False
21771,100.0,100.0,True,1,0,0,0,False,False,False
21831,100.0,100.0,True,1,0,0,0,False,False,False
21891,100.0,100.0,True,1,0,0,0,False,False,False
21951,100.0,100.0,True,0,0,0,0,False,False,False
22011,100.0,100.0,True,0,0,0,0,False,False,False
22071,100.0,100.0,True,0,0,0,0,False,False,False
22131,100.0,100.0,True,0,0,0,0,False,False,False
22191,100.0,100.0,True,0,0,0,0,False,False,False
22251,100.0,100.0,True,0,0,0,0,False,False,False
22311,100.0,100.0,True,0,0,0,0,False,False,False
22371,100.0,100.0,True,0,0,0,0,False,False,False
22431,100.0,100.0,True,0,0,0,0,False,False,False
22491,100.0,100.0,True,0,0,0,0,False,False,False
22551,100.0,100.0,True,0,0,0,0,False,False,False
22611,100.0,100.0,True,0,0,0,0,False,False,False
22671,100.0,100.0,True,0,0,0,0,False,False,False
22731,96.0,100.0,True,0,0,0,0,False,False,False
22791,96.0,100.0,True,0,0,0,0,False,False,False
22851,96.0,100.0,True,0,0,0,0,False,False,True
22911,96.0,100.0,True,0,0,0,0,False,False,True
22971,96.0,100.0,True,0,0,0,0,False,False,True
23031,96.0,100.0,True,0,0,0,0,False,False,True
23091,96.0,100.0,True,0,0,0,0,False,False,True
23151,96.0,100.0,True,0,0,0,0,False,False,True
23211,96.0,100.0,True,0,0,0,0,False,False,True
23271,96.0,100.0,True,0,0,0,0,False,False,True
23331,96.0,100.0,True,0,0,0,0,False,False,True
23391,96.0,100.0,True,0,0,0,0,False,False,True
23451,96.0,100.0,True,0,0,0,0,False,False,True
23511,96.0,100.0,True,0,0,0,0,False,False,True
23571,96.0,100.0,True,0,0,0,0,False,False,True
23631,96.0,100.0,True,0,0,0,0,False,False,True
23691,96.0,100.0,True,0,0,0,0,False,False,True
23751,96.0,100.0,True,0,0,0,0,False,False,True
23811,96.0,100.0,True,0,0,0,0,False,False,True
23871,96.0,100.0,True,0,0,0,0,False,False,True
23931,96.0,100.0,True,0,0,0,0,False,False,True
23991,96.0,100.0,True,0,0,0,0,False,False,True
24051,96.0,100.0,True,0,0,0,0,False,False,True
24111,96.0,100.0,True,0,0,0,0,False,False,True
24171,96.0,100.0,True,0,0,0,0,False,False,True
24231,96.0,100.0,True,0,0,0,0,False,False,True
24291,96.0,100.0,True,0,0,0,0,False,False,True
24351,96.0,100.0,True,0,0,0,0,False,False,True
24411,96.0,100.0,True,0,0,0,0,False,False,True
24471,96.0,100.0,True,0,0,0,0,False,False,True
24531,96.0,100.0,True,0,0,0,0,False,False,True
24591,96.0,100.0,True,0,0,0,0,False,False,True
24651,96.0,100.0,True,0,0,0,0,False,False,True
24711,96.0,100.0,True,0,0,0,0,False,False,True
24771,96.0,100.0,True,0,0,0,0,False,False,True
26091,100.0,100.0,True,0,0,0,1,False,True,False
26151,100.0,100.0,True,1,1,1,1,False,True,False
26211,100.0,100.0,True,1,1,1,1,False,True,False
26271,100.0,100.0,True,1,1,1,1,False,True,False
26331,100.0,100.0,True,1,1,1,1,False,True,False
26391,100.0,100.0,True,1,1,1,1,False,True,False
26451,100.0,100.0,True,1,1,1,1,False,True,False
26511,100.0,100.0,True,1,1,1,1,False,True,False
26571,100.0,100.0,True,1,1,1,1,False,True,False
26631,100.0,100.0,True,1,1,1,1,False,True,False
26691,100.0,100.0,True,1,1,1,1,False,True,False
26751,100.0,100.0,True,1,1,1,1,False,True,False
26811,100.0,100.0,True,1,1,1,1,False,True,False
26871,100.0,100.0,True,1,1,1,1,False,True,False
26931,100.0,100.0,True,1,1,1,1,False,True,False
26991,100.0,100.0,True,1,1,1,1,False,True,False
27051,100.0,100.0,True,1,1,1,1,False,True,False
27111,100.0,100.0,True,1,1,1,1,False,True,False
27171,100.0,100.0,True,1,1,1,1,False,True,False
27231,100.0,100.0,True,1,1,1,1,False,True,False
27291,100.0,100.0,True,1,1,1,0,False,True,False
27351,100.0,100.0,True,1,1,1,0,False,True,False
27411,100.0,100.0,True,1,1,1,0,False,True,False
27471,100.0,100.0,True,1,1,1,0,False,True,False
27531,100.0,100.0,True,1,1,1,0,False,True,False
27591,100.0,100.0,True,1,1,1,0,False,True,False
27651,100.0,100.0,True,1,1,1,0,False,True,False
27711,100.0,100.0,True,1,1,1,0,False,True,False
27771,100.0,100.0,True,1,1,1,0,False,True,False
27831,100.0,100.0,True,1,1,1,0,False,True,False
27891,100.0,100.0,True,1,1,1,0,False,True,False
27951,100.0,100.0,True,1,1,1,0,False,False,True
28011,100.0,100.0,True,1,1,1,0,False,False,True
28071,100.0,100.0,True,1,1,1,0,False,False,True
28131,100.0,100.0,True,1,1,1,0,False,False,True
28191,100.0,100.0,True,1,1,1,0,False,False,True
28251,100.0,100.0,True,1,1,1,0,False,False,True
28311,100.0,100.0,True,1,1,1,0,False,False,True
28371,100.0,100.0,True,1,1,1,0,False,False,True
28431,100.0,100.0,True,1,1,1,0,False,False,True
28491,100.0,100.0,True,1,1,1,0,False,False,True
28551,100.0,100.0,True,1,1,1,0,False,False,True
28611,100.0,100.0,True,1,1,1,0,False,False,True
28671,100.0,100.0,True,1,1,1,0,False,False,True
28731,100.0,100.0,True,1,1,1,0,False,False,True
28791,100.0,100.0,True,1,1,1,0,False,False,True
28851,100.0,100.0,True,1,1,1,0,False,False,True
28911,100.0,100.0,True,1,1,1,0,False,False,True
28971,100.0,100.0,True,1,1,1,0,False,False,True
29031,100.0,100.0,True,1,1,1,0,False,False,True
29091,100.0,100.0,True,1,1,1,0,False,False,True
29151,100.0,100.0,True,1,1,1,0,False,False,True
29211,100.0,100.0,True,1,1,1,0,False,False,True
29271,100.0,100.0,True,1,1,0,0,False,False,True
29331,100.0,100.0,True,1,1,0,0,False,False,True
29391,100.0,100.0,True,1,0,0,0,False,False,True
32331,100.0,100.0,True,1,1,1,1,False,False,False
32391,100.0,100.0,True,1,1,1,1,False,False,False
32451,100.0,100.0,True,1,1,1,1,False,False,False
32511,100.0,100.0,True,1,1,1,1,False,False,False
32571,100.0,100.0,True,1,1,1,1,False,False,False
32631,100.0,100.0,True,1,1,1,1,False,False,False
32691,100.0,100.0,True,1,1,1,1,False,False,False
32751,100.0,100.0,True,1,1,1,1,False,False,False
32811,100.0,100.0,True,1,1,1,1,False,False,False
32871,100.0,100.0,True,1,1,1,1,False,False,False
32931,100.0,100.0,True,1,1,1,1,False,False,False
32991,100.0,100.0,True,1,1,1,1,False,False,False
33051,100.0,100.0,True,1,1,1,1,False,False,False
33111,100.0,100.0,True,1,1,1,1,False,False,False
33171,92.0,100.0,True,1,1,1,1,False,False,False
33231,52.0,100.0,True,1,1,1,1,False,False,False
33291,44.0,100.0,True,1,1,1,1,False,False,False
33351,44.0,100.0,True,1,1,1,1,False,False,False
33411,44.0,100.0,True,1,1,1,1,False,False,False
33471,44.0,100.0,True,1,1,1,1,False,False,False
33531,44.0,100.0,True,1,1,1,1,False,False,False
33591,44.0,100.0,True,1,1,1,1,False,False,False
33651,44.0,100.0,True,0,1,1,1,False,False,False
33711,44.0,100.0,True,0,1,1,1,False,False,False
33771,44.0,100.0,True,0,1,0,1,False,False,False
33831,44.0,100.0,True,0,1,0,1,False,False,False
33891,44.0,100.0,True,0,1,0,1,False,False,False
33951,44.0,100.0,True,0,1,0,1,False,False,False
34011,44.0,100.0,True,0,1,0,1,False,False,False
34071,44.0,100.0,True,0,1,0,1,False,False,False
34131,44.0,100.0,True,0,1,0,1,False,False,False
34191,44.0,100.0,True,0,1,0,1,False,False,True
34251,44.0,100.0,True,0,1,0,1,False,False,True
34311,44.0,100.0,True,0,1,0,1,False,False,True
34371,44.0,100.0,True,0,0,0,1,False,False,True
34431,44.0,100.0,True,0,0,0,1,False,False,True
34491,44.0,100.0,True,0,0,0,1,False,False,True
34551,44.0,100.0,True,0,0,0,1,False,False,True
34611,44.0,100.0,True,0,0,0,1,False,False,True
34671,44.0,100.0,True,0,0,0,1,False,False,True
34731,44.0,100.0,True,0,0,0,1,False,False,True
34791,44.0,100.0,True,0,0,0,1,False,False,True
34851,44.0,100.0,True,0,0,0,1,False,False,True
34911,44.0,100.0,True,0,0,0,1,False,False,True
34971,44.0,100.0,True,1,0,0,1,False,False,True
35031,44.0,100.0,True,1,0,0,1,False,False,True
35091,44.0,100.0,True,1,0,0,1,False,False,True
35151,44.0,100.0,True,1,0,0,1,False,False,True
35211,44.0,100.0,True,1,0,0,1,False,False,True
35271,44.0,100.0,True,1,0,0,1,False,False,True
35331,44.0,100.0,True,1,0,0,1,False,False,True
35391,44.0,100.0,True,1,0,0,1,False,False,True
35451,44.0,100.0,True,1,0,0,1,False,False,True
35511,44.0,100.0,True,1,0,0,1,False,False,True
38511,100.0,100.0,True,1,1,0,1,False,False,False
38571,100.0,100.0,True,1,1,0,1,False,False,False
38631,100.0,100.0,True,1,1,0,1,False,False,False
38691,100.0,100.0,True,1,1,0,1,False,False,False
38751,100.0,100.0,True,1,1,0,1,False,False,False
38811,100.0,100.0,True,1,1,0,1,False,False,False
38871,100.0,100.0,True,1,1,0,1,False,False,False
38931,100.0,100.0,True,1,1,0,1,False,False,False
38991,100.0,100.0,True,1,1,0,1,False,False,False
39051,100.0,100.0,True,1,1,0,1,False,False,False
39111,100.0,100.0,True,1,1,0,1,False,False,False
39171,100.0,100.0,True,1,1,0,1,False,False,False
39231,100.0,100.0,True,1,1,0,1,False,False,False
39291,100.0,100.0,True,1,1,0,1,False,False,False
39351,100.0,100.0,True,1,1,0,1,False,False,False
39411,100.0,100.0,True,1,1,0,1,False,False,False
39471,100.0,100.0,True,1,1,0,1,False,False,False
39531,100.0,100.0,True,1,1,0,1,False,False,False
39591,100.0,100.0,True,1,1,0,1,False,False,False
39651,100.0,100.0,True,1,1,0,1,False,False,False
39711,100.0,100.0,True,1,1,0,1,False,False,False
39771,100.0,100.0,True,1,1,0,1,False,False,False
39831,100.0,100.0,True,1,1,0,0,False,False,False
39891,100.0,100.0,True,1,1,0,0,False,False,False
39951,100.0,100.0,True,1,1,0,0,False,False,False
40011,100.0,100.0,True,1,1,0,0,False,False,False
40071,100.0,100.0,True,1,1,0,0,False,False,False
40131,100.0,100.0,True,1,1,0,0,False,False,False
40191,100.0,100.0,True,1,1,0,0,False,False,False
40251,100.0,100.0,True,1,1,0,0,False,False,False
40311,100.0,100.0,True,1,1,0,0,False,False,False
40371,100.0,100.0,True,1,1,0,0,False,False,False
40431,100.0,100.0,True,1,1,0,0,False,False,False
40491,100.0,100.0,True,1,1,0,0,False,False,False
40551,100.0,100.0,True,1,1,0,0,False,False,False
40611,100.0,100.0,True,1,1,0,0,False,False,False
40671,100.0,100.0,True,1,1,0,0,False,False,False
40731,50.0,90.0,True,1,1,0,0,False,False,False
43431,100.0,100.0,True,0,0,0,0,False,False,False
43491,100.0,100.0,True,1,0,0,1,False,False,False
43551,100.0,100.0,True,1,0,0,1,False,False,False
43611,100.0,100.0,True,1,0,0,1,False,False,False
43671,100.0,100.0,True,1,0,0,1,False,False,False
43731,100.0,100.0,True,1,0,0,1,False,False,False
43791,100.0,100.0,True,1,0,0,1,False,False,False
43851,100.0,100.0,True,1,0,0,1,False,False,False
43911,100.0,100.0,True,1,0,0,1,False,False,False
43971,100.0,100.0,True,1,0,0,1,False,False,False
44031,100.0,100.0,True,1,0,0,1,False,False,False
44091,100.0,100.0,True,1,0,0,1,False,False,False
44151,100.0,100.0,True,1,0,0,1,False,False,False
44211,100.0,100.0,True,1,0,0,1,False,False,False
44271,100.0,100.0,True,1,0,0,1,False,False,False
46791,100.0,0.0,False,0,0,0,0,False,False,False
46851,100.0,0.0,False,0,0,0,0,False,False,False
46911,100.0,0.0,False,0,0,0,0,False,False,False
46971,100.0,0.0,False,0,0,0,0,False,False,False
47031,100.0,0.0,False,0,0,0,0,False,False,False
47091,100.0,0.0,False,0,0,0,0,False,False,False
47151,100.0,0.0,False,0,0,0,0,False,False,False
47211,100.0,0.0,False,0,0,0,0,False,False,False
47271,100.0,0.0,False,0,0,0,0,False,False,False
47331,100.0,0.0,False,0,0,0,0,False,False,False
47391,100.0,0.0,False,0,0,0,0,False,False,False
47451,100.0,0.0,False,0,0,0,0,False,False,False
47511,100.0,0.0,False,0,0,0,0,False,False,False
47571,100.0,0.0,False,0,0,0,0,False,False,False
47631,100.0,0.0,False,0,0,0,0,False,False,False
47691,100.0,0.0,False,0,0,0,0,False,False,False
47751,100.0,0.0,False,0,0,0,0,False,False,False
47811,100.0,0.0,False,0,0,0,0,False,False,False
47871,100.0,0.0,False,0,0,0,0,False,False,False
47931,100.0,0.0,False,0,0,0,0,False,False,False
47991,100.0,0.0,False,0,0,0,0,False,False,False
48051,100.0,0.0,False,0,0,0,0,False,False,False
48111,100.0,0.0,False,0,0,0,0,False,False,False
48171,100.0,0.0,False,0,0,0,0,False,False,False
48231,100.0,0.0,False,0,0,0,0,False,False,False
48291,100.0,0.0,False,0,0,0,0,False,False,False
48351,100.0,0.0,False,0,0,0,0,False,False,False
48411,100.0,0.0,False,0,0,0,0,False,False,False
48471,100.0,0.0,False,0,0,0,0,False,False,False
48531,100.0,0.0,False,0,0,0,0,False,False,False
48591,100.0,0.0,False,0,0,0,0,False,False,False
48651,100.0,0.0,False,0,0,0,0,False,False,False
48711,20.0,0.0,False,0,0,0,0,False,False,False
48771,20.0,0.0,False,0,0,0,0,False,False,False
48831,20.0,0.0,False,0,0,0,0,False,False,False
48891,20.0,0.0,False,0,0,0,0,False,False,False
48951,20.0,0.0,False,0,0,0,0,False,False,False
49011,20.0,0.0,False,0,0,0,0,False,False,False
49071,20.0,0.0,False,0,0,0,0,False,False,False
49131,20.0,0.0,False,0,0,0,0,False,False,False
49191,20.0,0.0,False,0,0,0,0,False,False,False
49251,20.0,0.0,False,0,0,0,0,False,False,False
49311,20.0,0.0,False,0,0,0,0,False,False,False
49371,20.0,0.0,False,0,0,0,0,False,False,False
49431,20.0,0.0,False,0,0,0,0,False,False,False
49491,20.0,0.0,False,0,0,0,0,False,False,False
49551,20.0,0.0,False,0,0,0,0,False,False,False
49611,20.0,0.0,False,0,0,0,0,False,False,False
49671,20.0,0.0,False,0,0,0,0,False,False,False
49731,20.0,0.0,False,0,0,0,0,False,False,False
49791,20.0,0.0,False,0,0,0,0,False,False,False
49851,20.0,0.0,False,0,0,0,0,False,False,False
49911,20.0,0.0,False,0,0,0,0,False,False,False
49971,20.0,0.0,False,0,0,0,0,False,False,False
50031,20.0,0.0,False,0,0,0,0,False,False,False
51831,100.0,100.0,True,1,0,0,0,False,False,False
51891,100.0,100.0,True,1,0,0,0,False,False,False
51951,100.0,100.0,True,1,0,0,0,False,False,False
52011,100.0,100.0,True,1,0,0,0,False,False,False
52071,100.0,100.0,True,1,0,0,0,False,False,False
52131,100.0,100.0,True,1,0,0,0,False,False,False
52191,100.0,100.0,True,1,0,0,0,False,False,False
52251,100.0,100.0,True,1,0,0,0,False,False,False
52311,100.0,100.0,True,1,0,0,0,False,False,False
52371,100.0,100.0,True,1,0,0,0,False,False,False
52431,100.0,100.0,True,1,0,0,0,False,False,False
52491,100.0,100.0,True,1,0,0,0,False,False,False
52551,100.0,100.0,True,1,0,0,0,False,False,False
52611,100.0,100.0,True,1,0,0,0,False,False,False
52671,100.0,100.0,True,1,0,0,0,False,False,False
52731,100.0,100.0,True,1,0,0,0,False,False,False
52791,100.0,100.0,True,1,0,0,0,False,False,False
52851,100.0,100.0,True,1,0,0,0,False,False,False
52911,100.0,100.0,True,1,0,0,0,False,False,False
52971,100.0,100.0,True,1,0,0,0,False,False,False
53031,100.0,100.0,True,1,0,0,0,False,False,False
53091,100.0,100.0,True,1,0,0,0,False,False,False
53151,100.0,100.0,True,1,0,0,1,False,False,False
53211,100.0,100.0,True,1,0,0,1,False,False,False
53271,100.0,100.0,True,1,0,0,1,False,False,False
53331,100.0,100.0,True,1,0,0,1,False,False,False
53391,100.0,100.0,True,1,0,0,1,False,False,False
53451,100.0,100.0,True,1,0,0,1,False,False,False
53511,93.0,100.0,True,1,0,0,1,False,False,False
53571,93.0,100.0,True,1,0,0,1,False,False,False
53631,93.0,100.0,True,1,0,0,1,False,False,False
53691,93.0,100.0,True,1,0,0,1,False,False,False
53751,93.0,100.0,True,1,0,0,1,False,False,False
53811,93.0,100.0,True,1,0,0,1,False,False,False
53871,93.0,100.0,True,1,0,0,1,False,False,False
53931,93.0,100.0,True,1,0,0,1,False,False,False
53991,93.0,100.0,True,1,0,0,1,False,False,False
54051,93.0,100.0,True,1,0,0,1,False,False,True
54111,93.0,100.0,True,1,0,0,1,False,False,True
54171,93.0,100.0,True,1,0,0,1,False,False,True
54231,93.0,100.0,True,1,0,0,1,False,False,True
54291,93.0,100.0,True,1,0,0,1,False,False,True
54351,93.0,100.0,True,1,0,0,1,False,False,True
54411,93.0,100.0,True,1,0,0,1,False,False,True
54471,93.0,100.0,True,1,0,0,1,False,False,True
54531,93.0,100.0,True,1,0,0,1,False,False,True
54591,93.0,100.0,True,1,0,0,1,False,False,True
54651,93.0,100.0,True,1,0,0,1,False,False,True
54711,93.0,100.0,True,1,0,0,1,False,False,True
54771,93.0,100.0,True,1,0,0,1,False,False,True
54831,93.0,100.0,True,1,0,0,1,False,False,True
54891,93.0,100.0,True,1,0,0,1,False,False,True
54951,93.0,100.0,True,1,0,0,1,False,False,True
55011,93.0,100.0,True,1,0,0,1,False,False,True
55071,93.0,100.0,True,1,0,0,1,False,False,True
56391,100.0,100.0,True,1,0,0,1,False,False,False
56451,100.0,100.0,True,1,0,0,1,False,False,False
56511,100.0,100.0,True,1,1,0,1,False,False,False
56571,100.0,100.0,True,1,1,0,1,False,False,False
56631,100.0,100.0,True,0,1,0,1,False,False,False
56691,100.0,100.0,True,0,1,0,1,False,False,False
56751,100.0,100.0,True,0,1,0,1,False,False,False
56811,100.0,100.0,True,0,1,0,1,False,False,False
56871,100.0,100.0,True,0,1,0,1,False,False,False
56931,100.0,100.0,True,0,1,0,1,False,False,False
56991,100.0,100.0,True,0,1,0,1,False,False,False
57051,100.0,100.0,True,0,1,0,1,False,False,False
57111,100.0,100.0,True,0,1,0,1,False,False,False
57171,100.0,100.0,True,0,1,0,1,False,False,False
57231,100.0,100.0,True,0,1,0,1,False,False,False
57291,100.0,100.0,True,0,1,0,1,False,False,False
57351,100.0,100.0,True,0,1,0,1,False,False,False
57411,100.0,100.0,True,0,1,0,1,False,False,False
57471,100.0,100.0,True,0,1,0,1,False,False,False
57531,100.0,100.0,True,0,1,0,1,False,False,False
57591,100.0,100.0,True,0,1,0,1,False,False,False
57651,100.0,100.0,True,0,1,0,1,False,False,False
57711,100.0,100.0,True,0,1,0,1,False,False,False
57771,100.0,100.0,True,0,1,0,1,False,False,False
57831,100.0,100.0,True,0,1,0,1,False,False,False
57891,100.0,100.0,True,0,1,0,1,False,False,False
57951,100.0,100.0,True,0,1,0,1,False,False,False
58011,100.0,100.0,True,0,1,0,1,False,False,False
58071,100.0,100.0,True,1,1,0,1,False,False,False
58131,100.0,100.0,True,1,1,0,1,False,False,False
58191,100.0,100.0,True,1,1,0,1,False,False,False
58251,100.0,100.0,True,1,1,0,1,False,False,False
58311,100.0,100.0,True,1,1,0,1,False,False,False
58371,100.0,100.0,True,1,1,0,1,False,False,False
58431,100.0,100.0,True,1,1,0,1,False,False,False
58491,100.0,100.0,True,1,1,0,1,False,False,False
58551,100.0,100.0,True,1,1,0,1,False,False,False
58611,100.0,100.0,True,1,1,0,1,False,False,False
58671,100.0,100.0,True,1,1,0,1,False,False,False
58731,100.0,100.0,True,1,1,0,1,False,False,False
58791,100.0,100.0,True,1,1,0,1,False,False,False
58851,100.0,100.0,True,1,1,0,1,False,False,False
58911,100.0,100.0,True,1,1,0,1,False,False,False
58971,100.0,100.0,True,1,1,0,1,False,False,False
59031,100.0,100.0,True,1,1,0,1,False,False,False
59091,100.0,100.0,True,1,1,0,1,False,False,False
59151,100.0,100.0,True,1,1,0,1,False,False,False
59211,100.0,100.0,True,0,1,0,1,False,False,False
59271,100.0,100.0,True,0,1,0,1,False,False,False
59331,100.0,100.0,True,0,1,0,0,False,False,False
59391,100.0,100.0,True,0,1,0,0,False,False,False
59451,100.0,100.0,True,0,1,0,0,False,False,False
59511,100.0,100.0,True,0,1,0,0,False,False,False
59571,100.0,100.0,True,0,1,0,0,False,False,False
59631,100.0,100.0,True,0,1,0,0,False,False,False
59691,100.0,100.0,True,0,1,0,0,False,False,False
59751,100.0,100.0,True,0,1,0,0,False,False,False
59811,100.0,100.0,True,0,1,0,0,False,False,False
59871,100.0,100.0,True,0,1,0,0,False,False,False
59931,100.0,100.0,True,0,1,0,0,False,False,False
59991,100.0,100.0,True,0,1,0,0,False,False,False
60051,100.0,100.0,True,0,1,0,0,False,False,False
60111,100.0,100.0,True,0,1,0,0,False,False,False
60171,100.0,100.0,True,0,1,0,0,False,False,False
60231,100.0,100.0,True,0,1,0,0,False,False,False
60291,100.0,100.0,True,0,1,0,0,False,False,False
60351,100.0,100.0,True,0,1,0,0,False,False,False
60411,100.0,100.0,True,0,1,0,0,False,False,False
60471,100.0,100.0,True,0,1,0,0,False,False,False
60531,100.0,100.0,True,0,1,0,0,False,False,False
60591,100.0,100.0,True,0,1,0,0,False,False,False
60651,100.0,100.0,True,0,1,0,0,False,False,False
60711,100.0,100.0,True,0,0,0,0,False,False,False
60771,100.0,100.0,True,0,0,0,0,False,False,False
60831,100.0,100.0,True,0,0,0,0,False,False,False
60891,100.0,100.0,True,0,0,0,0,False,False,False
60951,100.0,100.0,True,0,0,0,0,False,False,False
61011,100.0,100.0,True,0,0,0,0,False,False,False
61071,100.0,100.0,True,0,0,0,0,False,False,False
61131,100.0,100.0,True,0,0,0,0,False,False,False
61191,100.0,100.0,True,0,0,0,0,False,False,False
61251,100.0,100.0,True,0,0,0,0,False,False,True
61311,100.0,100.0,True,0,0,0,0,False,False,True
61371,100.0,100.0,True,0,0,0,0,False,False,True
61431,100.0,100.0,True,0,0,0,0,False,False,True
61491,100.0,100.0,True,0,0,0,0,False,False,True
61551,100.0,100.0,True,0,0,0,0,False,False,True
61611,100.0,100.0,True,0,0,0,0,False,False,True
61671,100.0,100.0,True,0,0,0,0,False,False,True
61731,100.0,100.0,True,0,0,0,0,False,False,True
61791,100.0,100.0,True,0,0,0,0,False,False,True
61851,100.0,100.0,True,0,0,0,0,False,False,True
61911,100.0,100.0,True,0,0,0,0,False,False,True
61971,100.0,100.0,True,0,0,0,0,False,False,True
62031,100.0,100.0,True,0,0,0,0,False,False,True
62091,100.0,100.0,True,0,0,0,0,False,False,True
62151,100.0,100.0,True,0,0,0,0,False,False,True
62211,100.0,100.0,True,0,0,0,0,False,False,True
62271,100.0,100.0,True,1,0,0,0,False,False,True
62331,100.0,100.0,True,1,0,0,0,False,False,True
62391,100.0,100.0,True,1,0,0,0,False,False,True
62451,100.0,100.0,True,1,0,0,0,False,False,True
62511,100.0,100.0,True,1,0,0,0,False,False,True
62571,100.0,100.0,True,1,1,0,0,False,False,True
62631,100.0,100.0,True,1,1,0,0,False,False,True
62691,100.0,100.0,True,1,1,0,0,False,False,True
62751,100.0,100.0,True,1,1,0,0,False,False,True
62811,100.0,100.0,True,1,0,0,0,False,False,True
62871,100.0,100.0,True,1,0,0,0,False,False,True
62931,100.0,100.0,True,1,0,0,0,False,False,True
62991,100.0,100.0,True,1,0,0,0,False,False,True
63051,100.0,100.0,True,1,0,0,0,False,False,True
63111,100.0,100.0,True,1,0,0,0,False,False,True
63171,100.0,100.0,True,1,0,0,0,False,False,True
63231,100.0,100.0,True,1,0,0,0,False,False,True
63291,100.0,100.0,True,1,0,0,0,False,False,True
63351,100.0,100.0,True,1,0,0,0,False,False,True
63411,100.0,100.0,True,1,0,0,0,False,False,True
63471,100.0,100.0,True,1,0,0,0,False,False,True
63531,100.0,100.0,True,1,0,0,0,False,False,True
63591,100.0,100.0,True,1,0,0,0,False,False,True
63651,100.0,100.0,True,1,0,0,0,False,False,True
63711,100.0,100.0,True,1,0,0,0,False,False,True
63771,100.0,100.0,True,1,0,0,0,False,False,True
65151,100.0,100.0,True,1,1,0,1,False,False,False
65211,100.0,100.0,True,1,1,0,1,False,False,False
65271,100.0,100.0,True,1,1,0,1,False,False,False
65331,100.0,100.0,True,1,1,0,1,False,False,False
65391,100.0,100.0,True,1,1,0,1,False,False,False
65451,100.0,100.0,True,0,1,0,1,False,False,False
65511,100.0,100.0,True,0,1,0,1,False,False,False
65571,100.0,100.0,True,0,1,0,1,False,False,False
65631,100.0,100.0,True,0,1,0,1,False,False,False
65691,100.0,100.0,True,0,1,0,1,False,False,False
65751,100.0,100.0,True,0,1,0,1,False,False,False
65811,100.0,100.0,True,0,1,0,1,False,False,False
65871,100.0,100.0,True,0,0,0,1,False,False,False
65931,100.0,100.0,True,0,0,0,1,False,False,False
65991,100.0,100.0,True,0,0,0,1,False,False,False
66051,100.0,100.0,True,0,0,0,1,False,False,False
66111,100.0,100.0,True,0,0,0,1,False,False,False
66171,100.0,100.0,True,0,0,0,1,False,False,False
66231,100.0,100.0,True,0,0,0,1,False,False,False
66291,100.0,100.0,True,0,0,0,1,False,False,False
66351,100.0,100.0,True,0,0,0,1,False,False,False
66411,100.0,100.0,True,0,0,0,1,False,False,False
66471,100.0,100.0,True,0,0,0,1,False,False,False
66531,100.0,100.0,True,0,0,0,1,False,False,False
66591,100.0,100.0,True,0,0,0,1,False,False,False
66651,100.0,100.0,True,0,0,0,1,False,False,True
66711,100.0,100.0,True,0,0,0,1,False,False,True
66771,100.0,100.0,True,0,0,0,1,False,False,True
66831,100.0,100.0,True,0,0,0,1,False,False,True
66891,100.0,100.0,True,0,0,0,1,False,False,True
66951,100.0,100.0,True,0,0,0,1,False,False,True
67011,100.0,100.0,True,0,0,0,1,False,False,True
67071,100.0,100.0,True,0,0,0,1,False,False,True
67131,100.0,100.0,True,0,0,0,1,False,False,True
67191,100.0,100.0,True,0,0,0,1,False,False,True
67251,100.0,100.0,True,0,0,0,1,False,False,True
67311,100.0,100.0,True,0,0,0,1,False,False,True
67371,100.0,100.0,True,0,0,0,1,False,False,True
67431,100.0,100.0,True,0,0,0,1,False,False,True
67491,100.0,100.0,True,0,0,0,1,False,False,True
67551,100.0,100.0,True,0,0,0,1,False,False,True
67611,100.0,100.0,True,0,0,0,1,False,False,True
67671,100.0,100.0,True,0,0,0,1,False,False,True
67731,100.0,100.0,True,0,0,0,1,False,False,True
67791,100.0,100.0,True,0,0,0,1,False,False,True
67851,100.0,100.0,True,0,0,0,1,False,False,True
71031,100.0,100.0,True,1,1,0,1,False,True,False
71091,100.0,100.0,True,1,1,0,1,False,True,False
71151,100.0,100.0,True,1,1,0,1,False,True,False
71211,100.0,100.0,True,1,1,0,1,False,True,False
71271,100.0,100.0,True,1,1,0,1,False,True,False
77871,100.0,100.0,False,0,0,0,0,False,False,False
77931,100.0,100.0,False,0,0,0,0,False,False,False
77991,100.0,100.0,False,0,0,0,0,False,False,False
78051,100.0,100.0,False,0,0,0,0,False,False,False
78111,100.0,100.0,False,0,0,0,0,False,False,False
78171,100.0,100.0,False,0,0,0,0,False,False,False
78231,100.0,100.0,False,0,0,0,0,False,False,False
78291,100.0,100.0,False,0,0,0,0,False,False,False
78351,100.0,100.0,False,0,0,0,0,False,False,False
78411,100.0,100.0,False,0,0,0,0,False,False,False
78471,100.0,100.0,False,0,0,0,0,False,False,False
78531,100.0,100.0,False,0,0,0,0,False,False,False
78591,100.0,100.0,False,0,0,0,0,False,False,False
78651,100.0,100.0,False,0,0,0,0,False,False,False
78711,100.0,100.0,False,0,0,0,0,False,False,False
78771,20.0,100.0,False,0,0,0,0,False,False,False
78831,20.0,100.0,False,0,0,0,0,False,False,False
78891,20.0,100.0,False,0,0,0,0,False,False,False
87651,100.0,100.0,False,0,0,0,0,False,False,False
87711,100.0,100.0,False,0,0,0,0,False,False,False
87771,100.0,100.0,False,0,0,0,0,False,False,False
87831,100.0,100.0,False,0,0,0,0,False,False,False
87891,100.0,100.0,False,0,0,0,0,False,False,False
87951,100.0,100.0,False,0,0,0,0,False,False,False
88011,100.0,100.0,False,0,0,0,0,False,False,False
88071,100.0,100.0,False,0,0,0,0,False,False,False
88131,100.0,100.0,False,0,0,0,0,False,False,False
88191,100.0,100.0,False,0,0,0,0,False,False,False
88251,100.0,100.0,False,0,0,0,0,False,False,False
88311,100.0,100.0,False,0,0,0,0,False,False,False
88371,100.0,100.0,False,0,0,0,0,False,False,False
88431,100.0,100.0,False,0,0,0,0,False,False,False
88491,100.0,100.0,False,0,0,0,0,False,False,False
88551,100.0,100.0,False,0,0,0,0,False,False,False
88611,97.0,100.0,False,0,0,0,0,False,False,False
88671,97.0,100.0,False,0,0,0,0,False,False,False
88731,97.0,100.0,False,0,0,0,0,False,False,False
88791,97.0,100.0,False,0,0,0,0,False,False,False
88851,97.0,100.0,False,0,0,0,0,False,False,False
88911,97.0,100.0,False,0,0,0,0,False,False,False
88971,97.0,100.0,False,0,0,0,0,False,False,False
89031,97.0,100.0,False,0,0,0,0,False,False,False
89091,97.0,100.0,False,0,0,0,0,False,False,False
89151,97.0,100.0,False,0,0,0,0,False,False,False
89211,97.0,100.0,False,0,0,0,0,False,False,False
89271,97.0,100.0,False,0,0,0,0,False,False,False
89331,97.0,100.0,False,0,0,0,0,False,False,False
89391,97.0,100.0,False,0,0,0,0,False,False,False
89451,97.0,100.0,False,0,0,0,0,False,False,False
89511,97.0,100.0,False,0,0,0,0,False,False,False
89571,97.0,100.0,False,0,0,0,0,False,False,False
89631,97.0,100.0,False,0,0,0,0,False,False,False
89691,97.0,100.0,False,0,0,0,0,False,False,False
89751,97.0,100.0,False,0,0,0,0,False,False,False
89811,97.0,100.0,False,0,0,0,0,False,False,False
89871,97.0,100.0,False,0,0,0,0,False,False,False
89931,97.0,100.0,False,0,0,0,0,False,False,False
89991,97.0,100.0,False,0,0,0,0,False,False,False
90051,97.0,100.0,False,0,0,0,0,False,False,False
90111,97.0,100.0,False,0,0,0,0,False,False,False
90171,97.0,100.0,False,0,0,0,0,False,False,False
90231,97.0,100.0,False,0,0,0,0,False,False,False
90291,97.0,100.0,False,0,0,0,0,False,False,False
90351,97.0,100.0,False,0,0,0,0,False,False,False
90411,97.0,100.0,False,0,0,0,0,False,False,False
90471,71.0,97.0,False,0,0,0,0,False,False,False
90531,71.0,97.0,False,0,0,0,0,False,False,False
94551,100.0,100.0,True,1,0,0,0,False,False,False
94611,100.0,100.0,True,1,0,0,0,False,False,False
94671,100.0,100.0,True,1,0,0,0,False,False,False
94731,100.0,100.0,True,0,0,1,0,False,False,False
94791,100.0,100.0,True,0,0,1,0,False,False,False
94851,100.0,100.0,True,0,0,1,0,False,False,False
94911,52.0,87.0,True,0,0,1,0,False,False,False
94971,52.0,87.0,True,0,0,1,0,False,False,False
95031,42.0,84.0,True,0,0,1,0,False,False,False
95091,42.0,84.0,True,0,0,1,0,False,False,False
95151,42.0,84.0,True,0,0,1,0,False,False,False
95211,42.0,84.0,True,0,0,1,0,False,False,False
95271,3.0,76.0,True,0,0,1,0,False,False,False
100371,100.0,100.0,False,0,0,0,0,False,False,False
100431,100.0,100.0,False,0,0,0,0,False,False,False
100491,100.0,100.0,False,0,0,0,0,False,False,False
100551,100.0,100.0,False,0,0,0,0,False,False,False
100611,100.0,100.0,False,0,0,0,0,False,False,False
100671,100.0,100.0,False,0,0,0,0,False,False,False
100731,100.0,100.0,False,0,0,0,0,False,False,False
100791,100.0,100.0,False,0,0,0,0,False,False,False
100851,100.0,100.0,False,0,0,0,0,False,False,False
100911,100.0,100.0,False,0,0,0,0,False,False,False
100971,100.0,100.0,False,0,0,0,0,False,False,False
101031,100.0,100.0,False,0,0,0,0,False,False,False
101091,100.0,100.0,False,0,0,0,0,False,False,False
101151,100.0,100.0,False,0,0,0,0,False,False,False
101211,100.0,100.0,False,0,0,0,0,False,False,False
101271,100.0,100.0,False,0,0,0,0,False,False,False
101331,100.0,100.0,False,0,0,0,0,False,False,False
101391,100.0,100.0,False,0,0,0,0,False,False,False
101451,100.0,100.0,False,0,0,0,0,False,False,False
101511,100.0,100.0,False,0,0,0,0,False,False,False
101571,100.0,100.0,False,0,0,0,0,False,False,False
101631,100.0,100.0,False,0,0,0,0,False,False,False
101691,100.0,100.0,False,0,0,0,0,False,False,False
101751,100.0,100.0,False,0,0,0,0,False,False,False
101811,100.0,100.0,False,0,0,0,0,False,False,False
101871,100.0,100.0,False,0,0,0,0,False,False,False
101931,100.0,100.0,False,0,0,0,0,False,False,False
101991,100.0,100.0,False,0,0,0,0,False,False,False
102051,61.0,85.0,False,0,0,0,0,False,False,False
102111,35.0,75.0,False,0,0,0,0,False,False,False
102171,35.0,75.0,False,0,0,0,0,False,False,False
102231,35.0,75.0,False,0,0,0,0,False,False,False
102291,35.0,75.0,False,0,0,0,0,False,False,False
102351,35.0,75.0,False,0,0,0,0,False,False,False
102411,35.0,75.0,False,0,0,0,0,False,False,False
102471,35.0,75.0,False,0,0,0,0,False,False,False
102531,35.0,75.0,False,0,0,0,0,False,False,False
102591,35.0,75.0,False,0,0,0,0,False,False,False
102651,35.0,75.0,False,0,0,0,0,False,False,False
102711,35.0,75.0,False,0,0,0,0,False,False,False
102771,35.0,75.0,False,0,0,0,0,False,False,False
102831,35.0,75.0,False,0,0,0,0,False,False,False
102891,35.0,75.0,False,0,0,0,0,False,False,False
102951,35.0,75.0,False,0,0,0,0,False,False,False
103011,25.0,75.0,False,0,0,0,0,False,False,False
103071,21.0,75.0,False,0,0,0,0,False,False,False
107391,100.0,100.0,True,1,1,1,1,True,False,False
107451,100.0,100.0,True,1,1,1,1,True,False,False
107511,100.0,100.0,True,1,1,1,1,True,False,False
107571,100.0,100.0,True,0,1,1,1,True,False,False
107631,100.0,100.0,True,0,1,1,1,True,False,False
107691,96.0,100.0,True,0,1,1,1,True,False,False
107751,96.0,100.0,True,0,1,1,1,True,False,False
107811,96.0,100.0,True,0,1,1,1,True,False,False
107871,96.0,100.0,True,0,1,1,1,True,False,False
107931,96.0,100.0,True,0,1,1,1,True,False,False
107991,96.0,100.0,True,0,1,1,1,True,False,False
108051,96.0,100.0,True,0,1,1,1,True,False,False
108111,96.0,100.0,True,0,1,1,1,True,False,False
108171,96.0,100.0,True,0,1,1,1,True,False,False
108231,96.0,100.0,True,0,1,1,1,True,False,False
108291,96.0,100.0,True,0,1,1,1,True,False,False
108351,96.0,100.0,True,0,1,1,1,True,False,False
108411,96.0,100.0,True,0,1,1,1,True,False,False
108471,96.0,100.0,True,0,1,1,1,True,False,False
108531,96.0,100.0,True,0,1,1,1,True,False,False
108591,96.0,100.0,True,0,1,0,1,True,False,False
108651,96.0,100.0,True,0,1,0,1,True,False,False
108711,96.0,100.0,True,0,1,0,1,True,False,False
108771,96.0,100.0,True,0,1,0,1,True,False,False
108831,96.0,100.0,True,0,1,0,1,True,False,False
108891,96.0,100.0,True,0,1,0,1,True,False,False
108951,96.0,100.0,True,0,1,0,1,True,False,False
109011,96.0,100.0,True,0,1,0,1,True,False,False
109071,96.0,100.0,True,0,1,0,1,True,False,False
109131,96.0,100.0,True,0,1,0,1,True,False,False
109191,96.0,100.0,True,0,1,0,1,True,False,False
109251,96.0,100.0,True,0,0,0,1,True,False,False
109311,96.0,100.0,True,0,0,0,0,True,False,False
109371,96.0,100.0,True,0,0,0,0,True,False,False
109431,96.0,100.0,True,0,0,0,0,True,False,False
109491,96.0,100.0,True,0,0,0,0,True,False,False
109551,96.0,100.0,True,0,0,0,0,True,False,False
109611,96.0,100.0,True,0,0,0,0,True,False,False
109671,96.0,100.0,True,0,0,0,0,True,False,False
109731,96.0,100.0,True,0,0,0,0,True,False,False
109791,96.0,100.0,True,0,0,0,0,True,False,False
109851,96.0,100.0,True,0,0,0,0,True,False,False
109911,96.0,100.0,True,0,0,0,0,True,False,False
109971,96.0,100.0,True,0,0,0,0,True,False,False
110031,96.0,100.0,True,0,0,0,0,True,False,False
110091,96.0,100.0,True,0,0,0,0,True,False,False
110151,96.0,100.0,True,0,0,0,0,True,False,False
110211,96.0,100.0,True,0,0,0,0,True,False,False
110271,96.0,100.0,True,0,0,0,0,True,False,False
110331,96.0,100.0,True,0,0,0,0,True,False,False
110391,96.0,100.0,True,0,0,0,0,True,False,False
110451,96.0,100.0,True,0,0,0,0,True,False,False
110511,96.0,100.0,True,0,0,0,0,True,False,False
110571,96.0,100.0,True,0,0,0,0,True,False,False
110631,96.0,100.0,True,0,0,0,0,True,False,False
110691,96.0,100.0,True,0,0,0,0,True,False,False
110751,96.0,100.0,True,0,0,0,0,True,False,False
110811,96.0,100.0,True,0,0,0,0,True,False,False
110871,96.0,100.0,True,0,0,0,0,True,False,False
110931,96.0,100.0,True,0,0,0,0,True,False,False
110991,96.0,100.0,True,0,0,0,0,True,False,False
111051,96.0,100.0,True,0,0,0,0,True,False,False
111111,96.0,100.0,True,0,0,0,0,True,False,False
111171,96.0,100.0,True,0,0,0,0,True,False,False
111231,96.0,100.0,True,0,0,0,0,True,False,False
111291,96.0,100.0,True,0,0,0,0,True,False,False
111351,96.0,100.0,True,0,0,0,0,True,False,False
111411,96.0,100.0,True,0,0,0,0,True,False,False
111471,96.0,100.0,True,0,0,0,0,True,False,False
111531,96.0,100.0,True,0,0,0,0,True,False,False
111591,96.0,100.0,True,0,0,0,0,True,False,False
111651,96.0,100.0,True,0,0,0,0,True,False,False
111711,96.0,100.0,True,1,0,0,0,True,False,False
111771,96.0,100.0,True,1,0,0,0,True,False,False
111831,96.0,100.0,True,1,0,0,0,True,False,False
111891,96.0,100.0,True,1,0,0,0,True,False,False
111951,96.0,100.0,True,1,0,0,0,True,False,False
112011,96.0,100.0,True,1,0,0,0,True,False,True
112071,96.0,100.0,True,1,0,0,0,True,False,True
112131,96.0,100.0,True,1,0,0,0,True,False,True
112191,96.0,100.0,True,1,0,0,0,True,False,True
112251,96.0,100.0,True,1,0,0,0,True,False,True
112311,96.0,100.0,True,1,0,0,0,True,False,True
112371,96.0,100.0,True,1,0,0,0,True,False,True
112431,96.0,100.0,True,1,0,0,0,True,False,True
112491,96.0,100.0,True,1,0,0,0,True,False,True
112551,96.0,100.0,True,1,0,0,0,True,False,True
112611,96.0,100.0,True,1,0,0,0,True,False,True
112671,96.0,100.0,True,1,0,0,0,True,False,True
112731,96.0,100.0,True,1,0,0,0,True,False,True
112791,96.0,100.0,True,1,0,0,0,True,False,True
112851,96.0,100.0,True,1,0,0,0,True,False,True
112911,96.0,100.0,True,1,0,0,0,True,False,True
112971,96.0,100.0,True,1,0,0,0,True,False,True
113031,96.0,100.0,True,1,0,0,0,True,False,True
113091,96.0,100.0,True,1,0,0,0,True,False,True
113151,96.0,100.0,True,1,0,0,0,True,False,True
113211,96.0,100.0,True,1,0,0,0,True,False,True
113271,96.0,100.0,True,1,0,0,0,True,False,True
113331,96.0,100.0,True,1,0,0,0,True,False,True
113391,96.0,100.0,True,1,0,0,0,True,False,True
113451,96.0,100.0,True,1,0,0,0,True,False,True
113511,96.0,100.0,True,1,0,0,0,True,False,True
113571,96.0,100.0,True,1,0,0,0,True,False,True
113631,96.0,100.0,True,1,0,0,0,True,False,True
113691,96.0,100.0,True,1,0,0,0,True,False,True
113751,96.0,100.0,True,1,0,0,0,True,False,True
113811,96.0,100.0,True,1,0,0,0,True,False,True
113871,96.0,100.0,True,1,0,0,0,True,False,True
113931,96.0,100.0,True,1,0,0,0,True,False,True
113991,96.0,100.0,True,1,0,0,0,True,False,True
114051,96.0,100.0,True,1,0,0,0,True,False,True
114111,96.0,100.0,True,1,0,0,0,True,False,False
114171,96.0,100.0,True,1,0,0,0,True,False,False
114231,96.0,100.0,True,1,0,0,0,True,False,False
114291,96.0,100.0,True,1,0,0,0,True,False,False
114351,96.0,100.0,True,1,0,0,0,True,False,False
114411,96.0,100.0,True,1,0,0,0,True,False,False
114471,96.0,100.0,True,1,0,0,0,True,False,False
114531,96.0,100.0,True,1,0,0,0,True,False,False
115851,100.0,100.0,True,1,1,1,0,True,False,False
115911,100.0,100.0,True,1,1,1,0,True,False,False
115971,100.0,100.0,True,1,1,1,0,True,False,False
116031,100.0,100.0,True,1,1,1,0,True,False,False
116091,100.0,100.0,True,1,1,1,0,True,False,False
116151,100.0,100.0,True,1,1,1,0,True,False,False
116211,100.0,100.0,True,1,1,1,0,True,False,False
116271,100.0,100.0,True,1,1,1,0,True,False,False
116331,100.0,100.0,True,1,1,1,0,True,False,False
116391,100.0,100.0,True,1,1,1,0,True,False,False
116451,8.0,89.0,True,1,1,1,0,True,False,False
123951,100.0,100.0,True,1,1,1,1,True,False,False
124011,100.0,100.0,True,1,1,1,1,True,False,False
124071,100.0,100.0,True,1,1,1,1,True,False,False
124131,100.0,100.0,True,1,1,1,1,True,False,False
124191,100.0,100.0,True,1,1,1,1,True,False,False
124251,100.0,100.0,True,1,1,1,1,True,False,False
124311,100.0,100.0,True,1,1,1,1,True,False,False
124371,100.0,100.0,True,1,1,1,1,True,False,False
124431,100.0,100.0,True,1,1,1,1,True,False,False
124491,76.0,100.0,True,1,1,1,1,True,False,False
124551,76.0,100.0,True,1,1,1,1,True,False,False
124611,76.0,100.0,True,1,1,1,1,True,False,False
124671,76.0,100.0,True,1,1,1,1,True,False,False
124731,76.0,100.0,True,1,1,0,1,True,False,False
124791,76.0,100.0,True,1,1,0,1,True,False,False
124851,76.0,100.0,True,1,1,0,1,True,False,False
124911,76.0,100.0,True,1,1,0,1,True,False,False
124971,76.0,100.0,True,1,1,0,1,True,False,False
125031,76.0,100.0,True,0,1,0,1,True,False,False
125091,76.0,100.0,True,0,1,0,1,True,False,False
125151,76.0,100.0,True,0,1,0,1,True,False,False
125211,76.0,100.0,True,0,1,0,1,True,False,False
125271,76.0,100.0,True,0,1,0,1,True,False,False
125331,76.0,100.0,True,0,1,0,1,True,False,False
125391,76.0,100.0,True,0,1,0,1,True,False,False
125451,76.0,100.0,True,0,1,0,1,True,False,False
125511,76.0,100.0,True,0,1,0,1,True,False,False
125571,76.0,100.0,True,0,1,0,1,True,False,False
130491,100.0,100.0,False,1,0,0,0,False,False,False
130551,100.0,100.0,False,1,0,0,0,False,False,False
130611,100.0,100.0,False,1,0,0,0,False,False,False
130671,100.0,100.0,False,1,0,0,0,False,False,False
130731,100.0,100.0,False,1,0,0,0,False,False,False
130791,100.0,100.0,False,1,0,0,0,False,False,False
130851,100.0,100.0,False,1,0,0,0,False,False,False
130911,100.0,100.0,False,1,0,0,0,False,False,False
130971,100.0,100.0,False,1,0,0,0,False,False,False
131031,100.0,100.0,False,1,0,0,0,False,False,False
131091,100.0,100.0,False,1,0,0,0,False,False,False
131151,100.0,100.0,False,1,0,0,0,False,False,False
131211,100.0,100.0,False,1,0,0,0,False,False,False
131271,100.0,100.0,False,1,0,0,0,False,False,False
131331,100.0,100.0,False,1,0,0,0,False,False,False
131391,100.0,100.0,False,1,0,0,0,False,False,False
131451,100.0,100.0,False,1,0,0,0,False,False,False
131511,100.0,100.0,False,1,0,0,0,False,False,False
131571,100.0,100.0,False,1,0,0,0,False,False,False
131631,100.0,100.0,False,1,0,0,0,False,False,False
131691,100.0,100.0,False,1,0,0,0,False,False,False
131751,100.0,100.0,False,1,0,0,0,False,False,False
131811,100.0,100.0,False,1,0,0,0,False,False,False
131871,100.0,100.0,False,1,0,0,0,False,False,False
131931,100.0,100.0,False,1,0,0,0,False,False,False
131991,100.0,100.0,False,1,0,0,0,False,False,False
132051,100.0,100.0,False,1,0,0,0,False,False,False
132111,100.0,100.0,False,0,0,0,0,False,False,False
132171,100.0,100.0,False,0,0,0,0,False,False,False
132231,100.0,100.0,False,0,0,0,0,False,False,False
132291,100.0,100.0,False,0,0,0,0,False,False,False
132351,99.0,100.0,False,0,0,0,0,False,False,False
132411,99.0,100.0,False,0,0,0,0,False,False,False
132471,99.0,100.0,False,0,0,0,0,False,False,False
132531,99.0,100.0,False,0,0,0,0,False,False,False
132591,99.0,100.0,False,0,0,0,0,False,False,False
132651,99.0,100.0,False,0,0,0,0,False,False,False
132711,99.0,100.0,False,0,0,0,0,False,False,False
132771,99.0,100.0,False,0,0,0,0,False,False,False
132831,99.0,100.0,False,0,0,0,0,False,False,False
132891,99.0,100.0,False,0,0,0,0,False,False,False
132951,99.0,100.0,False,0,0,0,0,False,False,False
133011,99.0,100.0,False,0,0,0,0,False,False,False
133071,99.0,100.0,False,0,0,0,0,False,False,False
136791,100.0,100.0,True,1,1,0,1,False,False,False
136851,100.0,100.0,True,1,1,0,1,False,False,False
136911,100.0,100.0,True,1,1,0,1,True,False,False
136971,100.0,100.0,True,1,1,0,1,True,False,False
137031,100.0,100.0,True,1,1,0,1,True,False,False
137091,100.0,100.0,True,1,1,0,1,True,False,False
137151,100.0,100.0,True,1,1,0,1,True,False,False
137211,100.0,100.0,True,1,1,0,1,True,False,False
137271,100.0,100.0,True,1,1,0,1,True,False,False
137331,100.0,100.0,True,1,1,0,1,True,False,False
137391,100.0,100.0,True,1,1,0,1,True,False,False
137451,100.0,100.0,True,1,1,0,1,True,False,False
137511,100.0,100.0,True,1,1,0,1,True,False,False
137571,100.0,100.0,True,1,1,0,1,True,False,False
137631,100.0,100.0,True,1,1,0,1,True,False,False
137691,100.0,100.0,True,1,1,0,0,True,False,False
137751,100.0,100.0,True,1,1,0,0,True,False,False
137811,100.0,100.0,True,1,1,0,0,True,False,False
137871,100.0,100.0,True,1,1,0,0,True,False,False
137931,99.0,100.0,True,1,1,0,0,True,False,False
137991,99.0,100.0,True,1,1,1,0,True,False,False
138051,99.0,100.0,True,1,1,1,0,True,False,False
138111,99.0,100.0,True,1,1,1,0,True,False,False
138171,99.0,100.0,True,1,1,1,0,True,False,False
138231,99.0,100.0,True,1,1,1,0,True,False,False
138291,99.0,100.0,True,1,1,1,0,True,False,False
138351,99.0,100.0,True,1,1,1,0,True,False,False
138411,99.0,100.0,True,0,1,1,0,True,False,False
138471,99.0,100.0,True,0,1,0,0,True,False,False
138531,99.0,100.0,True,0,1,0,0,True,False,False
138591,99.0,100.0,True,0,1,0,0,True,False,False
138651,99.0,100.0,True,0,1,0,0,True,False,False
138711,99.0,100.0,True,0,1,0,0,True,False,False
138771,99.0,100.0,True,0,1,0,0,True,False,False
138831,99.0,100.0,True,0,1,0,0,True,False,False
138891,99.0,100.0,True,0,1,0,0,True,False,False
138951,99.0,100.0,True,0,1,0,0,True,False,False
139011,99.0,100.0,True,0,1,0,0,True,False,False
139071,99.0,100.0,True,0,1,0,0,True,False,False
139131,99.0,100.0,True,0,1,0,0,True,False,False
139191,99.0,100.0,True,0,1,0,0,True,False,False
139251,99.0,100.0,True,0,1,0,0,True,False,False
139311,99.0,100.0,True,0,1,0,0,True,False,False
139371,99.0,100.0,True,0,1,0,0,True,False,False
139431,99.0,100.0,True,0,1,0,0,True,False,False
139491,99.0,100.0,True,0,1,0,0,True,False,False
139551,99.0,100.0,True,0,1,0,0,True,False,False
139611,99.0,100.0,True,0,1,0,0,True,False,False
139671,99.0,100.0,True,0,1,0,0,True,False,False
139731,99.0,100.0,True,0,1,0,0,True,False,False
139791,99.0,100.0,True,0,1,0,0,True,False,False
139851,99.0,100.0,True,0,1,0,0,True,False,False
139911,99.0,100.0,True,0,1,0,0,True,False,False
139971,99.0,100.0,True,0,1,0,0,True,False,False
140031,99.0,100.0,True,0,1,0,0,True,False,False
140091,99.0,100.0,True,0,1,0,0,True,False,False
140151,99.0,100.0,True,0,1,0,0,True,False,False
140211,99.0,100.0,True,0,1,0,0,True,False,False
140271,99.0,100.0,True,0,1,0,0,True,False,False
140331,99.0,100.0,True,0,1,0,0,True,False,False
140391,99.0,100.0,True,0,1,0,0,True,False,False
140451,99.0,100.0,True,0,1,0,0,True,False,False
140511,99.0,100.0,True,0,1,0,0,True,False,False
140571,99.0,100.0,True,0,1,0,0,True,False,False
140631,99.0,100.0,True,0,1,0,0,True,False,False
140691,99.0,100.0,True,0,1,0,0,True,False,False
140751,99.0,100.0,True,0,1,0,0,True,False,False
140811,99.0,100.0,True,0,1,0,0,True,False,False
140871,99.0,100.0,True,0,1,0,0,True,False,False
140931,99.0,100.0,True,0,1,0,0,True,False,False
140991,99.0,100.0,True,0,1,0,0,True,False,False
141051,99.0,100.0,True,0,1,0,0,True,False,False
141111,99.0,100.0,True,0,1,0,0,True,False,False
141171,99.0,100.0,True,0,1,0,0,True,False,False
141231,99.0,100.0,True,0,1,0,0,True,False,False
141291,99.0,100.0,True,0,1,0,0,True,False,False
141351,99.0,100.0,True,0,1,0,0,True,False,False
141411,99.0,100.0,True,0,1,0,0,True,False,False
141471,99.0,100.0,True,0,1,0,0,True,False,False
141531,99.0,100.0,True,0,1,0,0,True,False,False
141591,99.0,100.0,True,0,1,0,0,True,False,False
141651,99.0,100.0,True,0,1,0,0,True,False,False
141711,99.0,100.0,True,0,1,0,0,True,False,False
141771,99.0,100.0,True,0,1,0,0,True,False,False
141831,99.0,100.0,True,0,1,0,0,True,False,False
141891,99.0,100.0,True,0,1,0,0,True,False,False
141951,99.0,100.0,True,0,1,0,0,True,False,False
142011,99.0,100.0,True,0,1,0,0,True,False,False
142071,99.0,100.0,True,0,0,0,0,True,False,False
142131,99.0,100.0,True,0,0,0,0,True,False,False
142191,99.0,100.0,True,0,0,0,0,True,False,False
142251,99.0,100.0,True,0,0,0,0,True,False,False
142311,99.0,100.0,True,0,0,0,0,True,False,False
142371,99.0,100.0,True,0,0,0,0,True,False,False
142431,99.0,100.0,True,0,0,0,0,True,False,False
142491,99.0,100.0,True,0,0,0,0,True,False,False
142551,99.0,100.0,True,0,0,0,0,True,False,False
142611,99.0,100.0,True,0,0,0,0,True,False,False
142671,99.0,100.0,True,0,0,0,0,True,False,False
142731,99.0,100.0,True,0,0,0,0,True,False,False
142791,99.0,100.0,True,0,0,0,0,True,False,False
142851,99.0,100.0,True,0,0,0,0,True,False,False
142911,99.0,100.0,True,0,0,0,0,True,False,False
142971,99.0,100.0,True,0,0,0,0,True,False,False
143031,99.0,100.0,True,0,0,0,0,True,False,False
143091,99.0,100.0,True,0,0,0,0,True,False,False
143151,99.0,100.0,True,0,0,0,0,True,False,False
143211,99.0,100.0,True,0,0,0,0,True,False,False
143271,99.0,100.0,True,0,0,0,0,True,False,False
143331,99.0,100.0,True,0,0,0,0,True,False,False
143391,99.0,100.0,True,0,0,0,0,True,False,False
143451,99.0,100.0,True,0,0,0,0,True,False,False
143511,49.0,100.0,True,0,0,0,0,True,False,False
145251,100.0,100.0,True,0,0,0,0,False,False,False
145311,100.0,100.0,True,0,0,0,0,False,False,False
145371,100.0,100.0,True,0,0,0,0,False,False,False
145431,100.0,100.0,True,0,0,0,0,False,False,False
145491,100.0,100.0,True,0,0,0,0,False,False,False
145551,100.0,100.0,True,0,0,0,0,False,False,False
145611,100.0,100.0,True,0,0,0,0,False,False,False
145671,100.0,100.0,True,0,0,0,0,False,False,False
145731,100.0,100.0,True,0,0,0,0,False,False,False
145791,100.0,100.0,True,0,0,0,0,False,False,False
145851,100.0,100.0,True,0,0,0,0,False,False,False
145911,100.0,100.0,True,0,0,0,0,False,False,False
145971,100.0,100.0,True,0,0,0,0,False,False,False
146031,100.0,100.0,True,0,0,0,0,False,False,False
146091,100.0,100.0,True,0,0,0,0,False,False,False
146151,100.0,100.0,True,0,0,0,0,False,False,False
146211,100.0,100.0,True,0,0,0,0,False,False,False
146271,100.0,100.0,True,0,0,0,0,False,False,False
146331,100.0,100.0,True,0,0,0,0,False,False,False
146391,100.0,100.0,True,0,0,0,0,False,False,False
146451,100.0,100.0,True,0,0,0,0,False,False,False
146511,100.0,100.0,True,0,0,0,0,False,False,False
146571,36.0,100.0,True,0,0,0,0,False,False,False
146631,36.0,100.0,True,0,0,0,0,False,False,False
150651,100.0,100.0,True,1,1,1,1,True,False,False
150711,100.0,100.0,True,1,1,1,1,True,False,False
150771,100.0,100.0,True,1,1,1,1,True,False,False
150831,100.0,100.0,True,1,1,1,1,True,False,False
150891,100.0,100.0,True,1,1,1,1,True,False,False
150951,100.0,100.0,True,1,1,1,1,True,False,False
151011,100.0,100.0,True,1,1,1,1,True,False,False
151071,100.0,100.0,True,1,1,1,1,True,False,False
151131,100.0,100.0,True,1,1,1,1,True,False,False
151191,100.0,100.0,True,1,1,1,1,True,False,False
151251,100.0,100.0,True,1,1,1,1,True,False,False
151311,100.0,100.0,True,1,1,1,1,True,False,False
151371,100.0,100.0,True,1,1,0,1,True,False,False
151431,100.0,100.0,True,1,1,0,1,True,False,False
151491,100.0,100.0,True,1,1,0,1,True,False,False
151551,100.0,100.0,True,1,1,0,1,True,False,False
151611,100.0,100.0,True,1,1,0,1,True,False,False
151671,100.0,100.0,True,1,1,0,1,True,False,False
151731,100.0,100.0,True,1,1,0,1,True,False,False
151791,100.0,100.0,True,1,1,0,1,True,False,False
151851,100.0,100.0,True,1,1,0,1,True,False,False
151911,100.0,100.0,True,1,1,0,1,True,False,False
151971,100.0,100.0,True,1,1,0,1,True,False,False
152031,100.0,100.0,True,1,1,0,1,True,False,False
