0,1,2,3,4,5,6,7,8,9,10
4658,100,100,False,1,1,0,0,False,False,False
4718,100,100,False,1,1,0,0,False,False,False
4778,100,100,False,1,1,0,0,False,False,False
4838,100,100,False,1,0,0,0,False,False,False
4898,100,100,False,1,0,0,0,False,False,False
4958,100,100,False,1,0,0,0,False,False,False
5018,100,100,False,1,0,0,0,False,False,False
5078,100,100,False,1,0,0,0,False,False,False
5138,100,100,False,1,0,0,0,False,False,False
5198,100,100,False,1,0,0,0,False,False,False
5258,100,100,False,1,0,0,0,False,False,False
5318,100,100,False,1,0,0,0,False,False,False
5378,100,100,False,1,0,0,0,False,False,False
5438,100,100,False,1,0,0,0,False,False,False
5498,100,100,False,0,0,0,0,False,False,False
5558,100,100,False,0,0,0,0,False,False,False
5618,100,100,False,0,0,0,0,False,False,False
5678,100,100,False,0,0,0,0,False,False,False
5738,100,100,False,0,0,0,0,False,False,False
5798,100,100,False,0,0,0,0,False,False,False
5858,100,100,False,0,0,0,0,False,False,False
5918,100,100,False,0,0,0,0,False,False,False
5978,100,100,False,0,0,0,0,False,False,False
6038,100,100,False,0,0,0,0,False,False,False
6098,100,100,False,0,0,0,0,False,False,False
6158,100,100,False,0,0,0,0,False,False,False
11618,100,100,True,0,0,0,0,False,False,False
11678,100,100,True,0,0,0,0,False,False,False
11738,100,100,True,0,0,0,0,False,False,False
11798,100,100,True,0,0,0,0,False,False,False
11858,100,100,True,0,0,0,0,False,False,False
11918,100,100,True,0,0,0,0,False,False,False
11978,100,100,True,0,0,0,0,False,False,False
12038,100,100,True,0,0,0,0,False,False,False
12098,100,100,True,0,0,0,0,False,False,False
12158,100,100,True,0,0,0,0,False,False,False
12218,100,100,True,0,0,0,0,False,False,False
12278,100,100,True,0,0,0,0,False,False,False
12338,16,82,True,0,0,0,0,False,False,False
14918,100,100,True,0,0,0,0,False,False,False
14978,100,100,True,0,0,0,0,False,False,False
15038,100,100,True,0,0,0,0,False,False,False
15098,100,100,True,0,0,0,0,False,False,False
15158,100,100,True,0,0,0,0,False,False,False
15218,100,100,True,0,0,0,0,False,False,False
15278,100,100,True,0,0,0,0,False,False,False
15338,100,100,True,0,0,0,0,False,False,False
15398,100,100,True,0,0,0,0,False,False,False
15458,100,100,True,0,0,0,0,False,False,False
15518,100,100,True,0,0,0,0,False,False,False
15578,100,100,True,0,0,0,0,False,False,False
15638,100,100,True,0,0,0,0,False,False,False
15698,100,100,True,0,0,0,0,False,False,False
15758,100,100,True,0,0,0,0,False,False,False
15818,100,100,True,0,0,0,0,False,False,False
15878,100,100,True,0,0,0,0,False,False,False
15938,100,100,True,0,0,0,0,False,False,False
15998,100,100,True,0,0,0,0,False,False,False
16058,100,100,True,0,0,0,0,False,False,False
16118,100,100,True,0,0,0,0,False,False,False
16178,100,100,True,0,0,0,0,False,False,False
16238,100,100,True,0,0,0,0,False,False,False
16298,100,100,True,0,0,0,0,False,False,False
16358,100,100,True,0,0,0,0,False,False,False
16418,100,100,True,0,0,0,0,False,False,False
16478,100,100,True,0,0,0,0,False,False,False
16538,100,100,True,0,0,0,0,False,False,False
16598,100,100,True,0,0,0,0,False,False,False
16658,100,100,True,0,0,0,0,False,False,False
16718,100,100,True,0,0,0,0,False,False,False
16778,100,100,True,0,0,0,0,False,False,False
16838,100,100,True,0,0,0,0,False,False,False
16898,100,100,True,0,0,0,0,False,False,False
16958,100,100,True,0,0,0,0,False,False,False
17018,100,100,True,0,0,0,0,False,False,False
17078,100,100,True,0,0,0,0,False,False,False
17138,100,100,True,0,0,0,0,False,False,False
17198,100,100,True,0,0,0,0,False,False,False
17258,100,100,True,0,0,0,0,False,False,False
17318,100,100,True,0,0,0,0,False,False,False
17378,100,100,True,0,0,0,0,False,False,False
17438,100,100,True,0,0,0,0,False,False,False
17498,100,100,True,0,0,0,0,False,False,False
17558,100,100,True,0,0,0,0,False,False,False
17618,100,100,True,0,0,0,0,False,False,False
17678,100,100,True,0,0,0,0,False,False,False
17738,100,100,True,0,0,0,0,False,False,False
17798,100,100,True,0,0,0,0,False,False,False
17858,75,95,True,0,0,0,0,False,False,False
17918,75,95,True,0,0,0,0,False,False,False
17978,75,95,True,0,0,0,0,False,False,False
18038,75,95,True,0,0,0,0,False,False,True
18098,75,95,True,0,0,0,0,False,False,True
18158,75,95,True,0,0,0,0,False,False,True
18218,75,95,True,0,0,0,0,False,False,True
18278,75,95,True,0,0,0,0,False,False,True
18338,75,95,True,0,0,0,0,False,False,True
18398,75,95,True,0,0,0,0,False,False,True
18458,75,95,True,0,0,0,0,False,False,True
18518,75,95,True,0,0,0,0,False,False,True
18578,75,95,True,0,0,0,0,False,False,True
18638,75,95,True,0,0,0,0,False,False,True
18698,7,81,True,0,0,0,0,False,False,True
18758,7,81,True,0,0,0,0,False,False,True
18818,7,81,True,0,0,0,0,False,False,True
18878,7,81,True,0,0,0,0,False,False,True
18938,7,81,True,0,0,0,0,False,False,True
18998,7,81,True,0,0,0,0,False,False,True
19058,7,81,True,0,0,0,0,False,False,True
19118,7,81,True,0,0,0,0,False,False,True
19178,7,81,True,0,0,0,0,False,False,True
19238,7,81,True,0,0,0,0,False,False,True
19298,7,81,True,0,0,0,0,False,False,True
19358,7,81,True,0,0,0,0,False,False,True
19418,7,81,True,0,0,0,0,False,False,True
19478,7,81,True,0,0,0,0,False,False,True
19538,7,81,True,0,0,0,0,False,False,True
20918,100,81,True,1,1,0,1,False,True,False
20978,100,81,True,1,1,0,1,False,True,False
21038,100,81,True,1,1,0,1,False,True,False
21098,100,81,True,1,1,0,1,False,True,False
21158,100,81,True,1,1,0,1,False,True,False
21218,100,81,True,1,1,0,1,False,True,False
21278,100,81,True,1,1,0,1,False,True,False
21338,100,81,True,1,1,0,1,False,True,False
21398,100,81,True,1,1,0,1,False,True,False
21458,100,81,True,1,1,0,1,False,True,False
21518,100,81,True,1,1,0,1,False,True,False
21578,100,81,True,1,1,0,1,False,True,False
21638,100,81,True,1,1,0,1,False,True,False
21698,100,81,True,1,1,0,1,False,True,False
21758,100,81,True,1,1,0,1,False,True,False
21818,100,81,True,1,1,0,1,False,False,False
21878,100,81,True,1,1,0,1,False,False,False
21938,100,81,True,1,1,0,1,False,False,False
21998,100,81,True,1,1,0,1,False,False,False
22058,100,81,True,1,1,0,1,False,False,False
22118,100,81,True,1,1,0,1,False,False,False
22178,100,81,True,1,1,0,1,False,False,False
22238,100,81,True,1,1,0,1,False,False,False
22298,100,81,True,1,1,0,1,False,False,False
22358,100,81,True,0,1,0,1,False,False,False
22418,100,81,True,0,1,0,1,False,False,False
22478,100,81,True,0,1,0,1,False,False,False
22538,100,81,True,0,1,0,1,False,False,False
22598,100,81,True,0,1,0,1,False,False,False
22658,100,81,True,0,1,0,1,False,False,False
22718,100,81,True,0,1,0,1,False,False,False
22778,100,81,True,0,1,0,1,False,False,False
22838,100,81,True,0,1,0,1,False,False,False
22898,100,81,True,0,1,0,1,False,False,False
22958,100,81,True,0,1,0,1,False,False,False
23018,100,81,True,0,1,0,1,False,False,False
23078,100,81,True,0,1,0,1,False,False,False
23138,100,81,True,0,1,0,1,False,False,False
23198,100,81,True,0,1,0,1,False,False,False
23258,100,81,True,0,1,0,1,False,False,False
23318,100,81,True,0,1,0,1,False,False,False
23378,100,81,True,0,1,0,1,False,False,False
23438,100,81,True,0,1,0,1,False,False,False
23498,100,81,True,0,1,0,1,False,False,False
28418,100,100,True,1,1,0,1,False,True,False
28478,100,100,True,1,1,0,1,False,True,False
28538,100,100,True,1,1,0,1,False,True,False
28598,100,100,True,1,1,0,1,False,True,False
28658,100,100,True,1,1,0,1,False,True,False
28718,100,100,True,1,1,0,1,False,True,False
28778,100,100,True,1,1,0,1,False,True,False
28838,100,100,True,1,1,0,1,False,True,False
28898,100,100,True,1,1,0,1,False,True,False
28958,100,100,True,1,1,0,1,False,True,False
29018,100,100,True,1,1,0,1,False,True,False
29078,100,100,True,1,1,0,1,False,True,False
29138,100,100,True,1,1,0,1,False,True,False
29198,100,100,True,1,1,0,1,False,True,False
29258,100,100,True,1,1,0,1,False,True,False
29318,100,100,True,1,1,0,1,False,True,False
29378,100,100,True,1,1,0,1,False,True,False
29438,100,100,True,1,1,0,1,False,True,False
29498,100,100,True,1,1,0,1,False,True,False
29558,100,100,True,1,1,0,1,False,True,False
29618,100,100,True,1,1,0,1,False,True,False
29678,100,100,True,1,1,0,1,False,True,False
29738,100,100,True,1,1,0,1,False,True,False
29798,100,100,True,1,1,0,1,False,True,False
29858,100,100,True,1,1,0,1,False,True,False
29918,100,100,True,1,1,0,1,False,True,False
29978,100,100,True,1,1,0,1,False,True,False
30038,100,100,True,1,1,0,1,False,True,False
30098,100,100,True,1,1,0,1,False,True,False
30158,100,100,True,1,1,0,1,False,True,False
30218,100,100,True,0,1,0,1,False,True,False
30278,100,100,True,0,1,0,1,False,True,False
30338,100,100,True,0,1,0,1,False,True,False
30398,100,100,True,0,1,0,1,False,True,False
30458,100,100,True,0,1,0,1,False,True,False
30518,100,100,True,0,1,0,1,False,True,False
30578,100,100,True,0,1,0,1,False,True,False
30638,100,100,True,0,1,0,1,False,True,False
30698,100,100,True,0,1,0,1,False,True,False
30758,100,100,True,0,1,0,1,False,True,False
30818,100,100,True,0,1,0,1,False,True,False
30878,100,100,True,0,0,0,1,False,True,False
30938,100,100,True,0,0,0,0,False,True,False
30998,100,100,True,0,0,0,0,False,True,False
31058,100,100,True,0,0,0,0,False,True,False
31118,100,100,True,0,0,0,0,False,True,False
31178,100,100,True,0,0,0,0,False,True,False
31238,100,100,True,0,0,0,0,False,True,False
31298,100,100,True,0,0,0,0,False,True,False
31358,100,100,True,0,0,0,0,False,True,False
31418,100,100,True,0,0,0,0,False,True,False
31478,100,100,True,0,0,0,0,False,True,False
31538,100,100,True,0,0,0,0,False,True,False
31598,100,100,True,0,0,0,0,False,True,False
31658,100,100,True,0,0,0,0,False,True,False
31718,100,100,True,0,0,0,0,False,True,False
31778,100,100,True,0,0,0,0,False,True,False
31838,100,100,True,0,0,0,0,False,True,False
31898,100,100,True,0,0,0,0,False,True,False
31958,100,100,True,0,0,0,0,False,True,False
32018,100,100,True,0,0,0,0,False,True,False
32078,69,94,True,0,0,0,0,False,True,False
34658,100,100,True,1,1,0,1,False,True,False
34718,100,100,True,1,1,0,1,False,True,False
34778,100,100,True,1,1,0,1,False,True,False
34838,100,100,True,1,1,0,1,False,True,False
34898,100,100,True,1,1,0,1,False,True,False
34958,100,100,True,1,1,0,1,False,True,False
35018,100,100,True,1,1,0,1,False,True,False
35078,100,100,True,1,1,0,1,False,True,False
35138,100,100,True,1,1,0,1,False,True,False
35198,100,100,True,1,1,0,1,False,True,False
35258,100,100,True,1,1,0,1,False,True,False
35318,100,100,True,1,1,0,1,False,True,False
35378,100,100,True,1,1,0,1,False,True,False
35438,100,100,True,1,1,0,1,False,True,False
35498,100,100,True,1,1,0,1,False,True,False
35558,100,100,True,1,1,0,1,False,True,False
35618,100,100,True,1,1,0,1,False,True,False
35678,100,100,True,1,1,0,1,False,True,False
35738,100,100,True,1,1,0,1,False,True,False
35798,100,100,True,1,1,0,1,False,True,False
35858,100,100,True,1,1,0,1,False,True,False
35918,100,100,True,1,1,0,1,False,True,False
35978,100,100,True,1,1,0,1,False,True,False
36038,100,100,True,1,1,0,1,False,True,False
36098,100,100,True,1,1,0,1,False,True,False
36158,100,100,True,1,1,0,0,False,True,False
36218,100,100,True,1,1,0,0,False,True,False
36278,100,100,True,1,1,0,0,False,True,False
36338,100,100,True,1,1,0,0,False,True,False
36398,100,100,True,1,1,0,0,False,True,False
36458,100,100,True,1,1,0,0,False,True,False
36518,100,100,True,1,1,0,0,False,True,False
36578,100,100,True,1,0,0,0,False,True,False
36638,100,100,True,1,0,0,0,False,False,False
36698,100,100,True,1,0,0,0,False,False,False
36758,100,100,True,1,0,0,0,False,False,False
36818,100,100,True,1,0,0,0,False,True,False
36878,100,100,True,0,0,0,0,False,True,False
36938,100,100,True,0,0,0,0,False,True,False
36998,100,100,True,0,0,0,0,False,True,False
37058,100,100,True,0,0,0,0,False,True,False
37118,100,100,True,0,0,0,0,False,True,False
37178,100,100,True,0,0,0,0,False,True,False
37238,100,100,True,0,0,0,0,False,True,False
37298,100,100,True,0,0,0,0,False,True,False
37358,100,100,True,0,0,0,0,False,True,False
37418,100,100,True,0,0,0,0,False,True,False
37478,100,100,True,0,0,0,0,False,True,False
37538,100,100,True,0,0,0,0,False,False,True
37598,100,100,True,0,0,0,0,False,False,True
37658,100,100,True,0,0,0,0,False,False,True
37718,100,100,True,0,0,0,0,False,False,True
37778,100,100,True,0,0,0,0,False,False,True
37838,100,100,True,0,0,0,0,False,False,True
37898,100,100,True,0,0,0,0,False,False,True
37958,100,100,True,0,0,0,0,False,False,True
38018,100,100,True,0,0,0,0,False,False,True
38078,100,100,True,0,0,0,0,False,False,True
38138,100,100,True,0,0,0,0,False,False,True
38198,100,100,True,0,0,0,0,False,False,True
38258,100,100,True,0,0,0,0,False,False,True
38318,100,100,True,0,0,0,0,False,False,True
38378,100,100,True,0,0,0,0,False,False,True
38438,100,100,True,0,0,0,0,False,False,True
38498,100,100,True,0,0,0,0,False,False,True
38558,100,100,True,0,0,0,0,False,False,True
38618,100,100,True,0,0,0,0,False,False,True
38678,100,100,True,0,0,0,0,False,False,True
38738,100,100,True,0,0,0,0,False,False,True
38798,100,100,True,0,0,0,0,False,False,True
38858,100,100,True,0,0,0,0,False,False,True
38918,100,100,True,0,0,0,0,False,False,True
38978,100,100,True,0,0,0,0,False,False,True
39038,100,100,True,0,0,0,0,False,False,True
39098,100,100,True,0,0,0,0,False,False,True
39158,100,100,True,0,0,0,0,False,False,True
39218,100,100,True,0,0,0,0,False,False,True
39278,100,100,True,0,0,0,0,False,False,True
39338,100,100,True,0,0,0,0,False,False,True
39398,100,100,True,0,0,0,0,False,False,True
39458,100,100,True,0,0,0,0,False,False,True
39518,100,100,True,0,0,0,0,False,False,True
39578,100,100,True,0,0,0,0,False,False,True
39638,100,100,True,0,0,0,0,False,False,True
39698,100,100,True,0,0,0,0,False,False,True
39758,100,100,True,0,0,0,0,False,False,True
39818,100,100,True,0,0,0,0,False,False,True
39878,100,100,True,0,0,0,0,False,False,True
39938,100,100,True,0,0,0,0,False,False,True
39998,4,75,True,0,0,0,0,False,False,True
44498,100,100,True,1,1,1,1,False,False,False
44558,100,100,True,1,1,1,1,False,False,False
44618,100,100,True,1,1,1,1,False,False,False
44678,100,100,True,1,1,1,1,False,False,False
44738,100,100,True,1,1,1,1,False,False,False
44798,100,100,True,1,1,1,1,False,False,False
44858,100,100,True,1,1,1,1,False,False,False
44918,100,100,True,1,1,1,1,False,False,False
44978,100,100,True,1,1,1,1,False,False,False
45038,100,100,True,1,1,1,1,False,False,False
45098,100,100,True,1,1,1,1,False,False,False
45158,100,100,True,1,1,1,1,False,False,False
45218,100,100,True,1,1,1,1,False,False,False
45278,100,100,True,1,1,1,1,False,False,False
45338,100,100,True,1,1,1,1,False,False,False
45398,100,100,True,1,1,1,1,False,False,False
45458,100,100,True,1,1,1,1,False,False,False
45518,100,100,True,1,1,1,1,False,False,False
45578,100,100,True,1,1,1,1,False,False,False
45638,100,100,True,1,1,1,1,False,False,False
45698,100,100,True,1,1,1,1,False,False,False
45758,100,100,True,1,1,1,1,False,False,False
45818,100,100,True,1,1,1,1,False,False,False
45878,100,100,True,1,1,1,1,False,False,False
45938,100,100,True,1,1,1,1,False,False,False
45998,100,100,True,1,1,1,1,False,False,False
46058,100,100,True,1,1,1,1,False,False,False
46118,100,100,True,1,1,1,1,False,False,False
46178,100,100,True,1,1,1,1,False,False,False
46238,100,100,True,1,1,1,1,False,False,False
46298,100,100,True,1,1,1,1,False,False,False
46358,100,100,True,1,1,1,1,False,False,False
46418,100,100,True,1,1,1,1,False,False,False
46478,100,100,True,1,1,1,1,False,False,False
46538,100,100,True,1,1,1,1,False,False,False
46598,100,100,True,1,1,1,1,False,False,False
46658,100,100,True,1,1,1,1,False,False,False
46718,100,100,True,1,0,1,1,False,False,False
46778,100,100,True,1,0,1,1,False,False,False
46838,100,100,True,1,0,1,1,False,False,False
46898,100,100,True,1,0,1,1,False,False,False
46958,100,100,True,1,0,1,1,False,False,False
47018,100,100,True,0,0,1,1,False,False,False
47078,100,100,True,0,0,1,1,False,False,False
47138,100,100,True,0,0,1,1,False,False,False
47198,100,100,True,0,0,1,1,False,False,False
47258,40,93,True,0,0,1,1,False,False,False
50918,100,100,True,1,1,0,0,False,False,False
50978,100,100,True,1,1,0,0,False,False,False
51038,100,100,True,0,1,0,0,False,False,False
51098,100,100,True,0,1,0,0,False,False,False
51158,100,100,True,0,1,0,0,False,False,False
51218,100,100,True,0,1,0,0,False,False,False
51278,100,100,True,0,1,0,0,False,False,False
51338,100,100,True,0,0,0,0,False,False,False
51398,100,100,True,0,0,0,0,False,False,False
51458,100,100,True,0,0,0,0,False,False,False
51518,100,100,True,0,0,0,0,False,False,False
51578,100,100,True,0,0,0,0,False,False,False
51638,100,100,True,0,0,0,0,False,False,False
51698,100,100,True,0,0,0,0,False,False,False
51758,100,100,True,0,0,0,0,False,False,False
51818,100,100,True,0,0,0,0,False,False,False
51878,100,100,True,0,0,0,0,False,False,False
51938,100,100,True,0,0,0,0,False,False,False
51998,100,100,True,0,0,0,0,False,False,False
52058,100,100,True,0,0,0,0,False,False,False
52118,100,100,True,0,0,0,0,False,False,False
52178,100,100,True,0,0,0,0,False,False,False
52238,100,100,True,0,0,0,0,False,False,False
52298,100,100,True,0,0,0,0,False,False,False
52358,100,100,True,0,0,0,0,False,False,False
52418,100,100,True,0,0,0,0,False,False,False
52478,100,100,True,0,0,0,0,False,False,False
52538,100,100,True,0,0,0,0,False,False,False
52598,100,100,True,0,0,0,0,False,False,False
52658,100,100,True,0,0,0,0,False,False,False
52718,100,100,True,0,0,0,0,False,False,False
52778,100,100,True,0,0,0,0,False,False,False
52838,100,100,True,0,0,0,0,False,False,False
52898,100,100,True,0,0,0,0,False,False,False
52958,100,100,True,0,0,0,0,False,False,False
53018,100,100,True,0,0,0,0,False,False,False
53078,100,100,True,0,0,0,0,False,False,False
53138,100,100,True,0,0,0,0,False,False,False
53198,100,100,True,0,0,0,0,False,False,False
53258,100,100,True,0,0,0,0,False,False,False
53318,100,100,True,0,0,0,0,False,False,False
53378,100,100,True,0,0,0,0,False,False,False
53438,100,100,True,0,0,0,0,False,False,False
53498,100,100,True,0,0,0,0,False,False,False
53558,100,100,True,0,0,0,0,False,False,False
53618,100,100,True,0,0,0,0,False,False,False
53678,100,100,True,0,0,0,0,False,False,False
53738,100,100,True,0,0,0,0,False,False,False
53798,100,100,True,0,0,0,0,False,False,False
53858,100,100,True,0,0,0,0,False,False,False
53918,100,100,True,0,0,0,0,False,False,False
53978,100,100,True,0,0,0,0,False,False,False
54038,100,100,True,0,0,0,0,False,False,False
54098,100,100,True,0,0,0,0,False,False,False
54158,100,100,True,0,0,0,0,False,False,False
54218,100,100,True,0,0,0,0,False,False,False
54278,100,100,True,0,0,0,0,False,False,False
54338,100,100,True,0,0,0,0,False,False,False
54398,100,100,True,0,0,0,0,False,False,False
54458,100,100,True,0,0,0,0,False,False,False
54518,100,100,True,0,0,0,0,False,False,False
54578,100,100,True,0,0,0,0,False,False,False
54638,100,100,True,0,0,0,0,False,False,False
54698,100,100,True,1,0,0,0,False,False,False
54758,100,100,True,1,0,0,0,False,False,False
54818,100,100,True,1,0,0,0,False,False,False
54878,100,100,True,0,0,0,0,False,False,False
54938,100,100,True,0,0,0,0,False,False,False
54998,100,100,True,0,0,0,0,False,False,False
55058,100,100,True,0,0,0,0,False,False,False
55118,100,100,True,0,0,0,0,False,False,False
55178,100,100,True,0,0,0,0,False,False,False
55238,100,100,True,0,0,0,0,False,False,False
55298,100,100,True,0,0,0,0,False,False,False
55358,100,100,True,0,0,0,0,False,False,False
55418,100,100,True,0,0,0,0,False,False,False
55478,100,100,True,0,0,0,0,False,False,False
55538,100,100,True,0,0,0,0,False,False,False
55598,100,100,True,0,0,0,0,False,False,False
55658,73,100,True,0,0,0,0,False,False,False
55718,73,100,True,0,0,0,0,False,False,False
55778,73,100,True,0,0,0,0,False,False,False
55838,73,100,True,0,0,0,0,False,False,False
55898,73,100,True,0,0,0,0,False,False,False
55958,73,100,True,0,0,0,0,False,False,False
56018,73,100,True,0,0,0,0,False,False,False
56078,73,100,True,0,0,0,0,False,False,False
56138,73,100,True,0,0,0,0,False,False,False
56198,73,100,True,0,0,0,0,False,False,False
56258,73,100,True,0,0,0,0,False,False,False
56318,73,100,True,0,0,0,0,False,False,False
56378,73,100,True,0,0,0,0,False,False,False
56438,73,100,True,0,0,0,0,False,False,False
56498,73,100,True,0,0,0,0,False,False,False
56558,73,100,True,0,0,0,0,False,False,False
56618,73,100,True,0,0,0,0,False,False,False
56678,73,100,True,0,0,0,0,False,False,False
56738,73,100,True,0,0,0,0,False,False,False
56798,73,100,True,0,0,0,0,False,False,False
56858,73,100,True,0,0,0,0,False,False,False
56918,73,100,True,0,0,0,0,False,False,False
56978,73,100,True,0,0,0,0,False,False,False
57038,73,100,True,0,0,0,0,False,False,False
57098,73,100,True,0,0,0,0,False,False,False
57158,73,100,True,0,0,0,0,False,False,False
57218,73,100,True,0,0,0,0,False,False,False
57278,73,100,True,0,0,0,0,False,False,False
57338,73,100,True,0,0,0,0,False,False,False
57398,73,100,True,0,0,0,0,False,False,False
57458,73,100,True,0,0,0,0,False,False,False
57518,73,100,True,0,0,0,0,False,False,False
57578,73,100,True,0,0,0,0,False,False,False
57638,73,100,True,0,0,0,0,False,False,False
57698,73,100,True,0,0,0,0,False,False,False
59498,100,0,False,0,0,0,0,False,False,False
59558,100,0,False,0,0,0,0,False,False,False
59618,100,0,False,0,0,0,0,False,False,False
59678,100,0,False,0,0,0,0,False,False,False
59738,100,0,False,0,0,0,0,False,False,False
59798,100,0,False,0,0,0,0,False,False,False
59858,100,0,False,0,0,0,0,False,False,False
59918,100,0,False,0,0,0,0,False,False,False
59978,100,0,False,0,0,0,0,False,False,False
60038,100,0,False,0,0,0,0,False,False,False
60098,100,0,False,0,0,0,0,False,False,False
60158,100,0,False,0,0,0,0,False,False,False
60218,100,0,False,0,0,0,0,False,False,False
60278,100,0,False,0,0,0,0,False,False,False
60338,100,0,False,0,0,0,0,False,False,False
60398,100,0,False,0,0,0,0,False,False,False
60458,100,0,False,0,0,0,0,False,False,False
60518,100,0,False,0,0,0,0,False,False,False
60578,100,0,False,0,0,0,0,False,False,False
60638,100,0,False,0,0,0,0,False,False,False
60698,100,0,False,0,0,0,0,False,False,False
60758,100,0,False,0,0,0,0,False,False,False
60818,100,0,False,0,0,0,0,False,False,False
60878,100,0,False,0,0,0,0,False,False,False
60938,100,0,False,0,0,0,0,False,False,False
60998,100,0,False,0,0,0,0,False,False,False
61058,100,0,False,0,0,0,0,False,False,False
61118,100,0,False,0,0,0,0,False,False,False
61178,100,0,False,0,0,0,0,False,False,False
61238,100,0,False,0,0,0,0,False,False,False
61298,100,0,False,0,0,0,0,False,False,False
61358,100,0,False,0,0,0,0,False,False,False
61418,100,0,False,0,0,0,0,False,False,False
61478,100,0,False,0,0,0,0,False,False,False
61538,100,0,False,0,0,0,0,False,False,False
61598,100,0,False,0,0,0,0,False,False,False
61658,100,0,False,0,0,0,0,False,False,False
61718,100,0,False,0,0,0,0,False,False,False
61778,100,0,False,0,0,0,0,False,False,False
61838,100,0,False,0,0,0,0,False,False,False
61898,100,0,False,0,0,0,0,False,False,False
61958,100,0,False,0,0,0,0,False,False,False
62018,100,0,False,0,0,0,0,False,False,False
62078,100,0,False,0,0,0,0,False,False,False
62138,100,0,False,0,0,0,0,False,False,False
62198,100,0,False,0,0,0,0,False,False,False
62258,100,0,False,0,0,0,0,False,False,False
62318,100,0,False,0,0,0,0,False,False,False
62378,100,0,False,0,0,0,0,False,False,False
62438,100,0,False,0,0,0,0,False,False,False
62498,100,0,False,0,0,0,0,False,False,False
62558,100,0,False,0,0,0,0,False,False,False
62618,100,0,False,0,0,0,0,False,False,False
62678,100,0,False,0,0,0,0,False,False,False
62738,100,0,False,0,0,0,0,False,False,False
62798,100,0,False,0,0,0,0,False,False,False
62858,100,0,False,0,0,0,0,False,False,False
62918,100,0,False,0,0,0,0,False,False,False
62978,100,0,False,0,0,0,0,False,False,False
63038,100,0,False,0,0,0,0,False,False,False
63098,100,0,False,0,0,0,0,False,False,False
63158,100,0,False,0,0,0,0,False,False,False
63218,100,0,False,0,0,0,0,False,False,False
63278,100,0,False,0,0,0,0,False,False,False
63338,100,0,False,0,0,0,0,False,False,False
63398,100,0,False,0,0,0,0,False,False,False
63458,100,0,False,0,0,0,0,False,False,False
63518,100,0,False,0,0,0,0,False,False,False
63578,100,0,False,0,0,0,0,False,False,False
63638,100,0,False,0,0,0,0,False,False,False
63698,100,0,False,0,0,0,0,False,False,False
63758,100,0,False,0,0,0,0,False,False,False
63818,100,0,False,0,0,0,0,False,False,False
63878,100,0,False,0,0,0,0,False,False,False
63938,100,0,False,0,0,0,0,False,False,False
63998,100,0,False,0,0,0,0,False,False,False
64058,100,0,False,0,0,0,0,False,False,False
64118,100,0,False,0,0,0,0,False,False,False
64178,100,0,False,0,0,0,0,False,False,False
64238,100,0,False,0,0,0,0,False,False,False
64298,100,0,False,0,0,0,0,False,False,False
64358,100,0,False,0,0,0,0,False,False,False
64418,100,0,False,0,0,0,0,False,False,False
64478,100,0,False,0,0,0,0,False,False,False
64538,100,0,False,0,0,0,0,False,False,False
64598,100,0,False,0,0,0,0,False,False,False
64658,100,0,False,0,0,0,0,False,False,False
64718,100,0,False,0,0,0,0,False,False,False
64778,100,0,False,0,0,0,0,False,False,False
64838,100,0,False,0,0,0,0,False,False,False
64898,100,0,False,0,0,0,0,False,False,False
64958,100,0,False,0,0,0,0,False,False,False
65018,100,0,False,0,0,0,0,False,False,False
65078,100,0,False,0,0,0,0,False,False,False
65138,100,0,False,0,0,0,0,False,False,False
67538,100,100,True,1,1,0,0,False,False,False
67598,100,100,True,1,1,0,0,False,False,False
67658,100,100,True,1,1,0,0,False,False,False
67718,100,100,True,1,1,0,0,False,False,False
67778,100,100,True,1,1,0,0,False,False,False
67838,100,100,True,1,0,0,0,False,False,False
67898,100,100,True,1,0,0,0,False,False,False
67958,100,100,True,1,0,0,0,False,False,False
68018,100,100,True,1,0,0,0,False,False,False
68078,100,100,True,1,0,0,0,False,False,False
68138,100,100,True,1,0,0,0,False,False,False
68198,100,100,True,1,0,0,0,False,False,False
68258,70,94,True,1,0,0,0,False,False,False
75338,100,100,True,1,0,0,0,False,False,False
75398,100,100,True,1,0,0,0,False,False,False
75458,100,100,True,1,0,0,0,False,False,False
75518,100,100,True,1,0,0,0,False,False,False
75578,100,100,True,1,0,0,0,False,False,False
75638,100,100,True,1,0,0,0,False,False,False
75698,100,100,True,1,0,0,0,False,False,False
75758,100,100,True,1,0,0,0,False,False,False
75818,100,100,True,1,0,0,0,False,False,False
75878,100,100,True,1,0,0,0,False,False,False
75938,100,100,True,1,0,0,0,False,False,False
75998,100,100,True,1,0,0,0,False,False,False
76058,100,100,True,1,0,0,0,False,False,False
76118,100,100,True,1,0,0,0,False,False,False
76178,100,100,True,1,0,0,0,False,False,False
76238,100,100,True,1,0,0,0,False,False,False
76298,100,100,True,1,0,0,0,False,False,False
76358,100,100,True,1,0,0,0,False,False,False
76418,100,100,True,1,0,0,0,False,False,False
76478,100,100,True,1,0,0,0,False,False,False
76538,100,100,True,1,0,0,0,False,False,False
76598,100,100,True,1,0,0,0,False,False,False
76658,100,100,True,1,0,0,0,False,False,False
76718,100,100,True,1,0,0,0,False,False,False
76778,100,100,True,1,0,0,0,False,False,False
76838,100,100,True,1,0,0,0,False,False,False
76898,100,100,True,1,0,0,0,False,False,False
76958,100,100,True,1,0,0,0,False,False,False
77018,100,100,True,1,0,0,0,False,False,False
77078,100,100,True,1,0,0,0,False,False,False
77138,100,100,True,1,0,0,0,False,False,False
77198,100,100,True,1,0,0,0,False,False,False
77258,100,100,True,1,0,0,0,False,False,False
77318,100,100,True,1,0,0,0,False,False,False
77378,100,100,True,1,0,0,0,False,False,False
77438,100,100,True,1,0,0,0,False,False,False
77498,100,100,True,1,0,0,0,False,False,False
77558,100,100,True,1,0,0,0,False,False,False
77618,100,100,True,1,0,0,0,False,False,False
77678,100,100,True,1,0,0,0,False,False,False
77738,100,100,True,1,0,0,0,False,False,False
77798,100,100,True,1,0,0,0,False,False,False
77858,100,100,True,1,0,0,0,False,False,False
77918,100,100,True,1,0,0,0,False,False,False
77978,100,100,True,1,0,0,0,False,False,False
78038,100,100,True,1,0,0,0,False,False,False
78098,100,100,True,1,0,0,0,False,False,False
78158,100,100,True,1,0,0,0,False,False,False
78218,100,100,True,1,0,0,0,False,False,False
78278,100,100,True,1,0,0,0,False,False,False
78338,100,100,True,1,0,0,0,False,False,False
78398,100,100,True,1,0,0,0,False,False,False
78458,100,100,True,1,0,0,0,False,False,False
78518,100,100,True,1,0,0,0,False,False,False
78578,100,100,True,1,0,0,0,False,False,False
78638,100,100,True,1,0,0,0,False,False,False
78698,100,100,True,1,0,0,0,False,False,False
78758,100,100,True,1,0,0,0,False,False,False
78818,100,100,True,1,0,0,0,False,False,False
78878,100,100,True,1,0,0,0,False,False,False
78938,100,100,True,1,0,0,0,False,False,False
78998,100,100,True,1,0,0,0,False,False,False
79058,100,100,True,0,0,0,0,False,False,False
79118,100,100,True,0,0,0,0,False,False,False
79178,100,100,True,0,0,0,0,False,False,False
79238,100,100,True,0,0,0,0,False,False,False
79298,100,100,True,0,0,0,0,False,False,False
79358,100,100,True,0,0,0,0,False,False,False
79418,100,100,True,0,0,0,0,False,False,False
79478,100,100,True,0,0,0,0,False,False,False
79538,100,100,True,0,0,0,0,False,False,False
79598,100,100,True,0,0,0,0,False,False,False
79658,100,100,True,0,0,0,0,False,False,False
79718,100,100,True,0,0,0,0,False,False,False
79778,100,100,True,0,0,0,0,False,False,False
79838,100,100,True,0,0,0,0,False,False,False
79898,100,100,True,0,0,0,0,False,False,False
79958,100,100,True,0,0,0,0,False,False,False
80018,100,100,True,0,0,0,0,False,False,False
80078,100,100,True,0,0,0,0,False,False,False
80138,100,100,True,0,0,0,0,False,False,False
80198,100,100,True,0,0,0,0,False,False,False
80258,100,100,True,0,0,0,0,False,False,False
80318,100,100,True,0,0,0,0,False,False,False
80378,100,100,True,0,0,0,0,False,False,False
80438,100,100,True,0,0,0,0,False,False,False
80498,100,100,True,0,0,0,0,False,False,True
80558,100,100,True,0,0,0,0,False,False,True
80618,100,100,True,0,0,0,0,False,False,True
80678,100,100,True,0,0,0,0,False,False,True
80738,100,100,True,0,0,0,0,False,False,True
80798,100,100,True,0,0,0,0,False,False,True
80858,100,100,True,0,0,0,0,False,False,True
80918,100,100,True,0,0,0,0,False,False,True
80978,100,100,True,0,0,0,0,False,False,True
81038,100,100,True,0,0,0,0,False,False,True
81098,100,100,True,0,0,0,0,False,False,True
81158,100,100,True,0,0,0,0,False,False,True
81218,4,89,True,0,0,0,0,False,False,True
81278,4,89,True,0,0,0,0,False,False,True
81338,4,89,True,0,0,0,0,False,False,True
81398,4,89,True,0,0,0,0,False,False,True
84218,100,100,True,1,1,1,1,False,False,False
84278,100,100,True,1,1,1,1,False,False,False
84338,100,100,True,1,1,1,1,False,False,False
84398,100,100,True,1,1,1,1,False,False,False
84458,100,100,True,1,1,1,1,False,False,False
84518,100,100,True,1,1,1,1,False,False,False
84578,100,100,True,1,1,1,1,False,False,False
84638,100,100,True,1,1,1,1,False,False,False
84698,100,100,True,1,1,1,1,False,False,False
84758,100,100,True,1,1,1,1,False,False,False
84818,100,100,True,1,1,1,1,False,False,False
84878,100,100,True,1,1,1,1,False,False,False
84938,100,100,True,1,1,1,1,False,False,False
84998,100,100,True,1,1,1,1,False,False,False
85058,100,100,True,1,1,1,1,False,False,False
85118,100,100,True,1,1,1,1,False,False,False
85178,100,100,True,1,1,1,1,False,False,False
85238,100,100,True,1,1,1,1,False,False,False
85298,100,100,True,1,1,1,1,False,False,False
85358,100,100,True,1,1,1,1,False,False,False
85418,100,100,True,1,1,1,1,False,False,False
85478,100,100,True,1,1,1,1,False,False,False
85538,100,100,True,1,1,1,1,False,False,False
85598,100,100,True,1,1,1,1,False,False,False
85658,100,100,True,1,1,1,1,False,False,False
85718,100,100,True,1,1,1,1,False,False,False
85778,100,100,True,1,1,1,1,False,False,False
85838,100,100,True,1,1,1,1,False,False,False
85898,100,100,True,1,1,1,1,False,False,False
85958,100,100,True,1,1,1,1,False,False,False
86018,100,100,True,1,1,1,1,False,False,False
86078,100,100,True,1,1,1,1,False,False,False
86138,100,100,True,0,1,1,1,False,False,False
86198,100,100,True,0,1,1,1,False,False,False
86258,100,100,True,1,1,1,1,False,False,False
86318,100,100,True,1,1,1,1,False,False,False
86378,100,100,True,1,1,1,1,False,False,False
86438,100,100,True,1,1,1,1,False,False,False
86498,100,100,True,1,1,1,1,False,False,False
86558,100,100,True,1,1,1,1,False,False,False
86618,100,100,True,1,1,1,1,False,False,False
86678,100,100,True,1,1,1,1,False,False,False
86738,100,100,True,1,1,1,1,False,False,False
86798,100,100,True,1,1,1,1,False,False,False
86858,100,100,True,1,1,1,1,False,False,False
86918,100,100,True,1,1,1,1,False,False,False
86978,100,100,True,1,1,1,1,False,False,False
87038,100,100,True,1,1,1,1,False,False,False
87098,100,100,True,1,1,1,1,False,False,False
87158,100,100,True,1,1,1,1,False,False,False
87218,100,100,True,1,1,1,1,False,False,False
87278,100,100,True,1,1,1,1,False,False,False
92078,100,100,False,0,0,0,0,False,False,False
92138,100,100,False,0,0,0,0,False,False,False
92198,100,100,False,0,0,0,0,False,False,False
92258,100,100,False,0,0,0,0,False,False,False
92318,100,100,False,0,0,0,0,False,False,False
92378,100,100,False,0,0,0,0,False,False,False
92438,100,100,False,0,0,0,0,False,False,False
92498,100,100,False,0,0,0,0,False,False,False
92558,100,100,False,0,0,0,0,False,False,False
92618,100,100,False,0,0,0,0,False,False,False
92678,100,100,False,0,0,0,0,False,False,False
92738,100,100,False,0,0,0,0,False,False,False
92798,100,100,False,0,0,0,0,False,False,False
92858,100,100,False,0,0,0,0,False,False,False
92918,100,100,False,0,0,0,0,False,False,False
92978,100,100,False,0,0,0,0,False,False,False
93038,100,100,False,0,0,0,0,False,False,False
93098,100,100,False,0,0,0,0,False,False,False
93158,100,100,False,0,0,0,0,False,False,False
93218,100,100,False,0,0,0,0,False,False,False
93278,100,100,False,0,0,0,0,False,False,False
93338,100,100,False,0,0,0,0,False,False,False
93398,91,95,False,0,0,0,0,False,False,False
93458,91,95,False,0,0,0,0,False,False,False
93518,91,95,False,0,0,0,0,False,False,False
93578,91,95,False,0,0,0,0,False,False,False
93638,91,95,False,0,0,0,0,False,False,False
93698,91,95,False,0,0,0,0,False,False,False
93758,91,95,False,0,0,0,0,False,False,False
93818,81,90,False,0,0,0,0,False,False,False
93878,72,85,False,0,0,0,0,False,False,False
93938,72,85,False,0,0,0,0,False,False,False
93998,72,85,False,0,0,0,0,False,False,False
94058,72,85,False,0,0,0,0,False,False,False
94118,72,85,False,0,0,0,0,False,False,False
94178,72,85,False,0,0,0,0,False,False,False
94238,72,85,False,0,0,0,0,False,False,False
94298,61,80,False,0,0,0,0,False,False,False
99278,100,100,True,1,1,1,1,False,False,False
99338,100,100,True,1,1,1,0,False,False,False
99398,100,100,True,1,1,1,0,False,False,False
99458,100,100,True,1,1,1,0,False,False,False
99518,100,100,True,1,1,1,0,False,False,False
99578,100,100,True,1,1,1,0,False,False,False
99638,100,100,True,1,1,1,0,False,False,False
99698,98,100,True,1,1,1,0,False,False,False
99758,98,100,True,1,1,1,0,False,False,False
99818,98,100,True,1,1,1,0,False,False,False
99878,98,100,True,1,1,1,0,False,False,False
99938,98,100,True,1,1,1,0,False,False,False
99998,98,100,True,1,1,1,0,False,False,False
100058,98,100,True,1,1,1,0,False,False,False
100118,98,100,True,1,1,1,0,False,False,False
100178,98,100,True,1,1,1,0,False,False,False
100238,98,100,True,1,1,1,0,False,False,False
100298,98,100,True,1,1,1,0,False,False,False
100358,98,100,True,1,1,1,0,False,False,False
100418,98,100,True,1,1,1,0,False,False,False
100478,98,100,True,1,1,1,0,False,False,False
100538,98,100,True,1,1,1,0,False,False,False
100598,98,100,True,1,1,1,0,False,False,False
100658,98,100,True,1,1,1,0,False,False,False
100718,98,100,True,1,1,1,0,False,False,False
100778,98,100,True,1,1,1,0,False,False,False
100838,38,80,True,1,1,1,0,False,False,False
100898,38,80,True,1,1,1,0,False,False,False
100958,38,80,True,1,1,1,0,False,False,False
101018,38,80,True,1,1,0,0,False,False,False
101078,38,80,True,1,0,0,0,False,False,False
101138,38,80,True,1,0,0,0,False,False,False
101198,38,80,True,0,0,0,0,False,False,False
101258,38,80,True,0,0,0,0,False,False,False
101318,38,80,True,0,0,0,0,False,False,False
101378,38,80,True,0,0,0,0,False,False,False
101438,38,80,True,0,0,0,0,False,False,False
101498,38,80,True,0,0,0,0,False,False,False
101558,38,80,True,0,0,0,0,False,False,False
101618,38,80,True,0,0,0,0,False,False,False
101678,38,80,True,0,0,0,0,False,False,False
101738,38,80,True,1,0,0,0,False,False,False
101798,38,80,True,1,0,0,0,False,False,False
101858,38,80,True,1,0,0,0,False,False,False
101918,38,80,True,1,0,0,0,False,False,False
101978,38,80,True,1,0,0,0,False,False,False
102038,38,80,True,1,0,0,0,False,False,False
102098,38,80,True,1,0,0,0,False,False,False
102158,38,80,True,1,0,0,0,False,False,False
102218,38,80,True,1,0,0,0,False,False,False
102278,38,80,True,1,0,0,0,False,False,False
102338,38,80,True,1,0,0,0,False,False,False
102398,38,80,True,1,0,0,0,False,False,False
102458,38,80,True,1,0,0,0,False,False,False
102518,38,80,True,1,0,0,0,False,False,False
102578,38,80,True,1,0,0,0,False,False,False
102638,38,80,True,1,0,0,0,False,False,False
102698,38,80,True,1,0,0,0,False,False,False
102758,38,80,True,0,0,0,0,False,False,False
102818,38,80,True,0,0,0,0,False,False,False
102878,38,80,True,0,0,0,0,False,False,False
102938,38,80,True,0,0,0,0,False,False,False
102998,38,80,True,0,0,0,0,False,False,False
103058,38,80,True,0,0,0,0,False,False,False
103118,38,80,True,0,0,0,0,False,False,False
103178,38,80,True,0,0,0,0,False,False,False
103238,38,80,True,0,0,0,0,False,False,False
103298,38,80,True,0,0,0,0,False,False,False
103358,38,80,True,0,0,0,0,False,False,False
103418,38,80,True,0,0,0,0,False,False,False
103478,38,80,True,0,0,0,0,False,False,False
103538,38,80,True,0,0,0,0,False,False,False
103598,38,80,True,0,0,0,0,False,False,False
103658,38,80,True,0,0,0,0,False,False,False
103718,38,80,True,0,0,0,0,False,False,False
103778,38,80,True,0,0,0,0,False,False,False
103838,38,80,True,0,0,0,0,False,False,False
103898,38,80,True,0,0,0,0,False,False,False
103958,38,80,True,0,0,0,0,False,False,False
104018,38,80,True,0,0,0,0,False,False,False
104078,38,80,True,0,0,0,0,False,False,False
104138,38,80,True,0,0,0,0,False,False,False
104198,38,80,True,0,0,0,0,False,False,False
104258,38,80,True,0,0,0,0,False,False,False
104318,38,80,True,0,0,0,0,False,False,False
104378,38,80,True,0,0,0,0,False,False,False
104438,38,80,True,0,0,0,0,False,False,False
104498,38,80,True,0,0,0,0,False,False,False
104558,38,80,True,0,0,0,0,False,False,False
104618,38,80,True,0,0,0,0,False,False,False
104678,38,80,True,0,0,0,0,False,False,False
104738,38,80,True,0,0,0,0,False,False,False
104798,38,80,True,0,0,0,0,False,False,False
104858,38,80,True,0,0,0,0,False,False,False
104918,38,80,True,0,0,0,0,False,False,False
104978,38,80,True,0,0,0,0,False,False,False
105038,38,80,True,0,0,0,0,False,False,False
105098,38,80,True,0,0,0,0,False,False,False
105158,38,80,True,0,0,0,0,False,False,False
105218,38,80,True,0,0,0,0,False,False,False
105278,38,80,True,0,0,0,0,False,False,False
105338,38,80,True,0,0,0,0,False,False,False
105398,38,80,True,0,0,0,0,False,False,False
105458,38,80,True,0,0,0,0,False,False,False
105518,38,80,True,0,0,0,0,False,False,False
106838,100,80,True,1,1,1,1,True,False,False
106898,100,80,True,1,1,1,1,True,False,False
106958,100,80,True,1,1,1,1,True,False,False
107018,100,80,True,1,1,1,1,True,False,False
107078,100,80,True,1,1,1,1,True,False,False
107138,100,80,True,1,1,1,1,True,False,False
107198,100,80,True,1,1,1,1,True,False,False
107258,100,80,True,1,1,1,1,True,False,False
107318,100,80,True,1,1,1,1,True,False,False
107378,100,80,True,1,1,1,1,True,False,False
107438,100,80,True,1,1,1,1,True,False,False
107498,100,80,True,1,1,1,1,True,False,False
107558,100,80,True,1,1,1,1,True,False,False
107618,100,80,True,1,1,1,1,True,False,False
107678,100,80,True,1,1,1,1,True,False,False
107738,100,80,True,1,1,1,1,True,False,False
107798,100,80,True,1,1,1,1,True,False,False
107858,100,80,True,1,1,1,1,True,False,False
107918,100,80,True,1,1,1,1,True,False,False
107978,100,80,True,1,1,1,1,True,False,False
111098,100,100,True,1,1,1,1,True,False,False
111158,100,100,True,1,1,1,1,True,False,False
111218,100,100,True,1,1,1,1,True,False,False
111278,100,100,True,1,1,1,1,True,False,False
111338,100,100,True,1,1,1,1,True,False,False
111398,100,100,True,1,1,1,1,True,False,False
111458,100,100,True,1,1,1,1,True,False,False
111518,100,100,True,1,1,1,1,True,False,False
111578,100,100,True,1,1,1,1,True,False,False
111638,100,100,True,1,1,1,1,True,False,False
111698,100,100,True,1,1,1,1,True,False,False
111758,100,100,True,1,1,1,1,True,False,False
111818,95,100,True,1,1,1,1,True,False,False
111878,77,100,True,1,1,1,1,True,False,False
111938,77,100,True,1,1,1,1,True,False,False
111998,77,100,True,1,1,1,1,True,False,False
112058,77,100,True,1,1,1,1,True,False,False
112118,77,100,True,1,1,1,1,True,False,False
112178,77,100,True,1,1,1,1,True,False,False
112238,77,100,True,1,1,1,1,True,False,False
112298,77,100,True,1,1,1,1,True,False,False
112358,77,100,True,1,1,1,1,True,False,False
112418,77,100,True,1,1,0,1,True,False,False
112478,77,100,True,1,1,0,1,True,False,False
112538,77,100,True,1,1,0,1,True,False,False
112598,77,100,True,1,1,0,1,True,False,False
112658,77,100,True,1,1,0,1,True,False,False
112718,77,100,True,0,1,0,1,True,False,False
112778,77,100,True,0,1,0,1,True,False,False
112838,77,100,True,0,1,0,1,True,False,False
112898,77,100,True,0,1,0,1,True,False,False
112958,77,100,True,0,1,0,1,True,False,False
113018,77,100,True,0,1,0,1,True,False,False
113078,77,100,True,0,1,0,1,True,False,False
113138,77,100,True,0,1,0,1,True,False,False
113198,77,100,True,0,1,0,1,True,False,False
113258,77,100,True,0,1,0,1,True,False,False
113318,77,100,True,0,1,0,1,True,False,False
113378,77,100,True,0,1,0,1,True,False,False
113438,77,100,True,0,1,0,1,True,False,False
113498,77,100,True,0,1,0,1,True,False,False
113558,77,100,True,0,0,0,1,True,False,False
113618,77,100,True,0,0,0,1,True,False,False
113678,77,100,True,0,0,0,0,True,False,False
113738,77,100,True,0,0,0,0,True,False,False
113798,77,100,True,0,0,0,0,True,False,False
113858,77,100,True,0,0,0,0,True,False,False
113918,77,100,True,0,0,0,0,True,False,False
113978,77,100,True,0,0,0,0,True,False,False
114038,77,100,True,0,0,0,0,True,False,False
114098,77,100,True,0,0,0,0,True,False,False
114158,77,100,True,0,0,0,0,True,False,False
114218,77,100,True,0,0,0,0,True,False,False
114278,77,100,True,0,0,0,0,True,False,False
114338,77,100,True,0,0,0,0,True,False,False
114398,77,100,True,0,0,0,0,True,False,False
114458,77,100,True,0,0,0,0,True,False,False
114518,77,100,True,0,0,0,0,True,False,False
114578,77,100,True,0,0,0,0,True,False,False
114638,77,100,True,0,0,0,0,True,False,False
114698,77,100,True,0,0,0,0,True,False,False
114758,77,100,True,0,0,0,0,True,False,False
114818,77,100,True,0,0,0,0,True,False,False
114878,77,100,True,0,0,0,0,True,False,False
114938,77,100,True,0,0,0,0,True,False,False
114998,77,100,True,0,0,0,0,True,False,False
115058,77,100,True,0,0,0,0,True,False,False
115118,77,100,True,0,0,0,0,True,False,False
115178,77,100,True,0,0,0,0,True,False,False
115238,77,100,True,0,0,0,0,True,False,False
115298,77,100,True,0,0,0,0,True,False,False
115358,77,100,True,0,0,0,0,True,False,False
115418,77,100,True,0,0,0,0,True,False,False
115478,77,100,True,0,0,0,0,True,False,False
115538,77,100,True,0,0,0,0,True,False,False
115598,77,100,True,0,0,0,0,True,False,False
115658,77,100,True,0,0,0,0,True,False,False
115718,77,100,True,0,0,0,0,True,False,False
115778,77,100,True,0,0,0,0,True,False,False
115838,77,100,True,0,0,0,0,True,False,False
115898,77,100,True,0,0,0,0,True,False,False
115958,77,100,True,0,0,0,0,True,False,False
116018,77,100,True,0,0,0,0,True,False,False
116078,53,100,True,0,0,0,0,True,False,False
116138,53,100,True,0,0,0,0,True,False,False
116198,53,100,True,0,0,0,0,True,False,False
116258,53,100,True,0,0,0,0,True,False,False
116318,53,100,True,0,0,0,0,True,False,False
116378,53,100,True,0,0,0,0,True,False,False
116438,53,100,True,0,0,0,0,True,False,False
116498,53,100,True,0,0,0,0,True,False,False
116558,53,100,True,0,0,0,0,True,False,False
116618,53,100,True,0,0,0,0,True,False,False
116678,53,100,True,0,0,0,0,True,False,False
116738,53,100,True,0,0,0,0,True,False,False
116798,53,100,True,0,0,0,0,True,False,False
116858,53,100,True,0,0,0,0,True,False,False
116918,53,100,True,0,0,0,0,True,False,False
116978,53,100,True,0,0,0,0,True,False,False
117038,53,100,True,0,0,0,0,True,False,False
117098,53,100,True,0,0,0,0,True,False,False
117158,53,100,True,0,0,0,0,True,False,False
117218,53,100,True,0,0,0,0,True,False,False
117278,53,100,True,0,0,0,0,True,False,False
117338,53,100,True,0,0,0,0,True,False,False
117398,53,100,True,0,0,0,0,True,False,False
117458,53,100,True,0,0,0,0,True,False,False
118778,100,100,True,1,1,1,1,True,False,False
118838,100,100,True,1,1,1,1,True,False,False
118898,100,100,True,1,1,1,1,True,False,False
118958,100,100,True,1,1,1,1,True,False,False
119018,100,100,True,1,1,1,1,True,False,False
119078,100,100,True,1,1,1,1,True,False,False
119138,100,100,True,1,1,1,1,True,False,False
119198,100,100,True,1,1,1,1,True,False,False
119258,100,100,True,1,1,1,1,True,False,False
119318,100,100,True,1,1,1,1,True,False,False
119378,100,100,True,1,1,1,1,True,False,False
119438,100,100,True,1,1,0,1,True,False,False
119498,100,100,True,1,1,0,1,True,False,False
119558,100,100,True,1,1,0,1,True,False,False
119618,100,100,True,1,1,0,1,True,False,False
119678,100,100,True,1,1,0,1,True,False,False
119738,100,100,True,1,1,0,0,True,False,False
119798,100,100,True,1,1,0,0,True,False,False
119858,100,100,True,1,1,0,0,True,False,False
119918,100,100,True,1,1,0,0,True,False,False
119978,100,100,True,1,1,0,0,True,False,False
120038,100,100,True,1,1,0,0,True,False,False
120098,100,100,True,1,1,0,0,True,False,False
120158,100,100,True,1,1,0,0,True,False,False
120218,100,100,True,0,1,0,0,True,False,False
120278,100,100,True,0,1,0,0,True,False,False
120338,100,100,True,0,1,0,0,True,False,False
120398,100,100,True,0,1,0,0,True,False,False
120458,100,100,True,0,1,0,0,True,False,False
120518,100,100,True,0,1,0,0,True,False,False
120578,100,100,True,0,1,0,0,True,False,False
120638,100,100,True,0,1,0,0,True,False,False
120698,100,100,True,0,1,0,0,True,False,False
120758,100,100,True,0,1,0,0,True,False,False
120818,100,100,True,0,1,0,0,True,False,False
120878,100,100,True,0,1,0,0,True,False,False
120938,100,100,True,0,1,0,0,True,False,False
120998,100,100,True,0,1,0,0,True,False,False
121058,100,100,True,0,1,0,0,True,False,False
121118,100,100,True,0,1,0,0,True,False,False
121178,100,100,True,0,1,0,0,True,False,False
121238,100,100,True,0,1,0,0,True,False,False
121298,100,100,True,0,1,0,0,True,False,False
121358,100,100,True,0,1,0,0,True,False,False
121418,100,100,True,0,1,0,0,True,False,False
121478,100,100,True,0,1,0,0,True,False,False
121538,100,100,True,0,1,0,0,True,False,False
121598,100,100,True,0,1,0,0,True,False,False
121658,100,100,True,0,1,0,0,True,False,False
121718,100,100,True,0,1,0,0,True,False,False
121778,100,100,True,0,0,0,0,True,False,False
121838,100,100,True,0,0,0,0,True,False,False
121898,100,100,True,0,0,0,0,True,False,False
121958,100,100,True,0,0,0,0,True,False,False
122018,100,100,True,0,0,0,0,True,False,False
122078,100,100,True,0,0,0,0,True,False,False
122138,100,100,True,0,0,0,0,True,False,False
122198,100,100,True,0,0,0,0,True,False,False
122258,100,100,True,0,0,0,0,True,False,False
122318,100,100,True,0,0,0,0,True,False,False
122378,100,100,True,0,0,0,0,True,False,False
122438,100,100,True,0,0,0,0,True,False,False
122498,100,100,True,0,0,0,0,True,False,False
122558,100,100,True,0,0,0,0,True,False,False
122618,100,100,True,0,0,0,0,True,False,False
122678,100,100,True,0,0,0,0,True,False,False
122738,100,100,True,0,0,0,0,True,False,False
122798,100,100,True,0,0,0,0,True,False,False
122858,100,100,True,0,0,0,0,True,False,False
122918,100,100,True,0,0,0,0,True,False,False
122978,100,100,True,0,0,0,0,True,False,False
123038,100,100,True,0,0,0,0,True,False,False
123098,100,100,True,0,0,0,0,True,False,False
123158,100,100,True,0,0,0,0,True,False,False
123218,100,100,True,0,0,0,0,True,False,False
124538,100,100,True,1,1,1,1,True,False,False
124598,100,100,True,1,1,1,1,True,False,False
124658,100,100,True,1,1,1,1,True,False,False
124718,100,100,True,1,1,1,1,True,False,False
124778,100,100,True,1,1,1,1,True,False,False
124838,100,100,True,1,1,1,1,True,False,False
124898,100,100,True,1,1,1,1,True,False,False
124958,100,100,True,1,1,1,1,True,False,False
125018,100,100,True,1,1,1,1,True,False,False
125078,100,100,True,1,1,1,1,True,False,False
125138,100,100,True,1,1,1,1,True,False,False
125198,100,100,True,1,1,1,1,True,False,False
125258,100,100,True,1,1,1,1,True,False,False
125318,100,100,True,1,1,1,1,True,False,False
125378,100,100,True,1,1,1,1,True,False,False
125438,100,100,True,1,1,1,1,True,False,False
125498,100,100,True,1,1,1,1,True,False,False
125558,100,100,True,1,1,1,1,True,False,False
125618,100,100,True,1,1,1,1,True,False,False
125678,100,100,True,1,1,1,1,True,False,False
125738,100,100,True,1,1,1,1,True,False,False
125798,100,100,True,1,1,1,1,True,False,False
125858,100,100,True,1,1,1,1,True,False,False
125918,100,100,True,1,1,1,1,True,False,False
125978,100,100,True,1,1,0,1,True,False,False
126038,100,100,True,1,1,0,0,True,False,False
126098,100,100,True,1,1,0,0,True,False,False
126158,100,100,True,1,1,0,0,True,False,False
126218,100,100,True,1,1,0,0,True,False,False
126278,100,100,True,0,1,0,0,True,False,False
126338,100,100,True,0,1,0,0,True,False,False
126398,100,100,True,0,1,0,0,True,False,False
126458,100,100,True,0,1,0,0,True,False,False
126518,100,100,True,0,1,0,0,True,False,False
126578,100,100,True,0,1,0,0,True,False,False
126638,100,100,True,0,1,0,0,True,False,False
126698,100,100,True,0,1,0,0,True,False,False
126758,100,100,True,0,1,0,0,True,False,False
126818,100,100,True,0,1,0,0,True,False,False
126878,100,100,True,0,1,0,0,True,False,False
130958,100,100,True,1,1,1,1,True,False,False
131018,100,100,True,1,1,1,1,True,False,False
131078,100,100,True,1,1,1,1,True,False,False
131138,100,100,True,1,1,1,1,True,False,False
131198,100,100,True,1,1,1,1,True,False,False
131258,100,100,True,1,1,1,1,True,False,False
131318,100,100,True,1,1,1,1,True,False,False
131378,100,100,True,1,1,1,1,True,False,False
131438,100,100,True,1,1,1,1,True,False,False
131498,100,100,True,1,1,1,1,True,False,False
131558,100,100,True,1,1,1,1,True,False,False
131618,100,100,True,1,1,1,1,True,False,False
131678,100,100,True,1,1,1,1,True,False,False
131738,100,100,True,1,1,1,1,True,False,False
131798,100,100,True,1,1,1,1,True,False,False
131858,100,100,True,1,1,1,1,True,False,False
131918,100,100,True,1,1,1,1,True,False,False
131978,100,100,True,1,1,1,1,True,False,False
132038,100,100,True,1,1,1,1,True,False,False
132098,100,100,True,1,1,1,1,True,False,False
132158,100,100,True,1,1,1,1,True,False,False
132218,100,100,True,1,1,1,1,True,False,False
132278,100,100,True,1,1,1,1,True,False,False
132338,100,100,True,1,1,1,1,True,False,False
132398,100,100,True,1,1,1,1,True,False,False
132458,100,100,True,1,1,1,1,True,False,False
132518,100,100,True,1,1,1,1,True,False,False
132578,100,100,True,1,1,1,1,True,False,False
132638,100,100,True,1,1,1,1,True,False,False
132698,100,100,True,1,1,1,1,True,False,False
132758,100,100,True,1,1,1,1,True,False,False
132818,100,100,True,1,1,1,1,True,False,False
132878,100,100,True,1,1,1,1,True,False,False
132938,100,100,True,1,1,1,1,True,False,False
132998,100,100,True,1,1,1,1,True,False,False
133058,100,100,True,1,1,1,1,True,False,False
133118,100,100,True,1,1,1,1,True,False,False
133178,100,100,True,1,1,1,1,True,False,False
133238,100,100,True,1,1,1,1,True,False,False
133298,100,100,True,1,1,1,1,True,False,False
133358,100,100,True,1,1,1,1,True,False,False
133418,100,100,True,1,1,1,1,True,False,False
133478,100,100,True,1,1,1,1,True,False,False
133538,100,100,True,1,1,1,1,True,False,False
133598,100,100,True,1,1,1,1,True,False,False
133658,100,100,True,1,1,1,1,True,False,False
133718,100,100,True,1,1,1,1,True,False,False
133778,100,100,True,1,1,1,1,True,False,False
133838,100,100,True,1,1,1,1,True,False,False
133898,100,100,True,1,1,1,1,True,False,False
133958,100,100,True,1,1,1,1,True,False,False
134018,100,100,True,1,1,1,1,True,False,False
134078,100,100,True,1,1,1,1,True,False,False
134138,100,100,True,1,1,1,1,True,False,False
134198,100,100,True,1,1,1,1,True,False,False
134258,100,100,True,1,1,1,1,True,False,False
134318,100,100,True,1,1,1,1,True,False,False
134378,100,100,True,1,1,1,1,True,False,False
134438,100,100,True,1,1,1,1,True,False,False
134498,100,100,True,1,1,1,1,True,False,False
134558,100,100,True,1,1,1,1,True,False,False
134618,100,100,True,1,1,1,1,True,False,False
134678,100,100,True,1,1,1,1,True,False,False
134738,100,100,True,1,1,1,1,True,False,False
134798,100,100,True,1,1,1,1,True,False,False
134858,100,100,True,0,1,1,1,True,False,False
134918,100,100,True,0,1,1,1,True,False,False
134978,100,100,True,0,1,1,1,True,False,False
135038,100,100,True,0,1,1,1,True,False,False
135098,100,100,True,0,1,1,1,True,False,False
135158,100,100,True,0,1,1,1,True,False,False
135218,100,100,True,0,1,1,1,True,False,False
135278,100,100,True,0,1,0,1,True,False,False
135338,100,100,True,0,1,0,1,True,False,False
135398,100,100,True,0,1,0,1,True,False,False
135458,100,100,True,0,1,0,1,True,False,False
135518,100,100,True,0,1,0,1,True,False,False
135578,100,100,True,0,0,0,1,True,False,False
135638,100,100,True,0,0,0,1,True,False,False
135698,100,100,True,0,0,0,1,True,False,False
135758,100,100,True,0,0,0,0,True,False,False
135818,100,100,True,0,0,0,0,True,False,False
135878,100,100,True,0,0,0,0,True,False,False
135938,100,100,True,0,0,0,0,True,False,False
135998,100,100,True,0,0,0,0,True,False,False
136058,100,100,True,0,0,0,0,True,False,False
136118,100,100,True,0,0,0,0,True,False,False
136178,100,100,True,0,0,0,0,True,False,False
136238,100,100,True,0,0,0,0,True,False,False
136298,100,100,True,0,0,0,0,True,False,False
136358,100,100,True,0,0,0,0,True,False,False
136418,100,100,True,0,0,0,0,True,False,False
136478,100,100,True,0,0,0,0,True,False,False
136538,100,100,True,0,0,0,0,True,False,False
136598,100,100,True,0,0,0,0,True,False,False
136658,100,100,True,0,0,0,0,True,False,False
136718,100,100,True,0,0,0,0,True,False,False
136778,100,100,True,0,0,0,0,True,False,False
136838,100,100,True,0,0,0,0,True,False,False
136898,100,100,True,0,0,0,0,True,False,False
136958,100,100,True,0,0,0,0,True,False,True
137018,100,100,True,0,0,0,0,True,False,True
137078,100,100,True,0,0,0,0,True,False,True
137138,100,100,True,0,0,0,0,True,False,True
137198,100,100,True,0,0,0,0,True,False,True
137258,100,100,True,0,0,0,0,True,False,True
137318,100,100,True,0,0,0,0,True,False,True
137378,100,100,True,0,0,0,0,True,False,True
137438,100,100,True,0,0,0,0,True,False,True
137498,100,100,True,0,0,0,0,True,False,True
137558,100,100,True,0,0,0,0,True,False,True
137618,100,100,True,0,0,0,0,True,False,True
137678,100,100,True,0,0,0,0,True,False,True
137738,100,100,True,0,0,0,0,True,False,True
137798,100,100,True,0,0,0,0,True,False,True
137858,100,100,True,0,0,0,0,True,False,True
137918,100,100,True,0,0,0,0,True,False,True
137978,100,100,True,0,0,0,0,True,False,True
138038,100,100,True,0,0,0,0,True,False,True
138098,100,100,True,0,0,0,0,True,False,True
138158,100,100,True,0,0,0,0,True,False,True
138218,100,100,True,0,0,0,0,True,False,True
138278,100,100,True,0,0,0,0,True,False,True
138338,100,100,True,0,0,0,0,True,False,True
138398,100,100,True,0,0,0,0,True,False,True
138458,100,100,True,0,0,0,0,True,False,True
138518,100,100,True,0,0,0,0,True,False,True
138578,100,100,True,0,0,0,0,True,False,True
138638,100,100,True,0,0,0,0,True,False,True
138698,100,100,True,0,0,0,0,True,False,True
138758,100,100,True,0,0,0,0,True,False,True
138818,100,100,True,0,0,0,0,True,False,True
138878,100,100,True,0,0,0,0,True,False,True
138938,100,100,True,0,0,0,0,True,False,True
138998,100,100,True,0,0,0,0,True,False,True
139058,100,100,True,0,0,0,0,True,False,True
139118,100,100,True,0,0,0,0,True,False,True
139178,100,100,True,0,0,0,0,True,False,True
139238,100,100,True,0,0,0,0,True,False,True
139298,100,100,True,0,0,0,0,True,False,True
139358,100,100,True,0,0,0,0,True,False,True
139418,100,100,True,0,0,0,0,True,False,True
139478,100,100,True,0,0,0,0,True,False,True
139538,91,92,True,0,0,0,0,True,False,False
139598,91,92,True,0,0,0,0,True,False,False
139658,91,92,True,0,0,0,0,True,False,False
139718,91,92,True,0,0,0,0,True,False,False
139778,91,92,True,0,0,0,0,True,False,False
139838,91,92,True,0,0,0,0,True,False,False
139898,91,92,True,0,0,0,0,True,False,False
139958,91,92,True,0,0,0,0,True,False,False
141278,100,92,True,1,0,0,0,True,False,False
141338,100,92,True,1,0,0,0,True,False,False
141398,100,92,True,1,0,0,0,True,False,False
141458,100,92,True,1,0,0,0,True,False,False
141518,100,92,True,1,0,0,0,True,False,False
141578,100,92,True,1,0,0,0,True,False,False
141638,100,92,True,1,0,0,0,True,False,False
141698,100,92,True,1,0,0,0,True,False,False
141758,100,92,True,1,0,0,0,True,False,False
141818,100,92,True,1,0,0,0,True,False,False
141878,100,92,True,1,0,0,0,True,False,False
141938,100,92,True,1,0,0,0,True,False,False
141998,100,92,True,1,0,0,0,True,False,False
142058,100,92,True,1,0,0,0,True,False,False
142118,100,92,True,1,0,0,0,True,False,False
142178,100,92,True,1,0,0,0,True,False,False
142238,100,92,True,1,0,0,0,True,False,False
142298,100,92,True,1,0,0,0,True,False,False
142358,100,92,True,1,0,0,0,True,False,False
142418,100,92,True,1,0,0,0,True,False,False
142478,100,92,True,1,0,0,0,True,False,False
142538,100,92,True,1,0,0,0,True,False,False
142598,100,92,True,1,0,0,0,True,False,False
142658,100,92,True,1,0,0,0,True,False,False
142718,100,92,True,1,0,0,0,True,False,False
142778,100,92,True,1,0,0,0,True,False,False
142838,100,92,True,1,0,0,0,True,False,False
142898,100,92,True,1,0,0,0,True,False,False
142958,100,92,True,0,0,0,0,True,False,False
143018,100,92,True,0,0,0,0,True,False,False
143078,100,92,True,0,0,0,0,True,False,False
143138,100,92,True,0,0,0,0,True,False,False
143198,100,92,True,0,0,0,0,True,False,False
143258,100,92,True,0,0,0,0,True,False,False
143318,100,92,True,0,0,0,0,True,False,False
143378,100,92,True,0,0,0,0,True,False,False
143438,100,92,True,0,0,0,0,True,False,False
143498,100,92,True,0,0,0,0,True,False,False
143558,100,92,True,0,0,0,0,True,False,False
143618,100,92,True,0,0,0,0,True,False,False
143678,100,92,True,0,0,0,0,True,False,False
143738,100,92,True,0,0,0,0,True,False,False
143798,100,92,True,0,0,0,0,True,False,False
143858,100,92,True,0,0,0,0,True,False,False
143918,100,92,True,0,0,0,0,True,False,False
143978,100,92,True,0,0,0,0,True,False,False
144038,100,92,True,0,0,0,0,True,False,False
144098,100,92,True,0,0,0,0,True,False,False
144158,100,92,True,0,0,0,0,True,False,False
144218,100,92,True,0,0,0,0,True,False,False
144278,100,92,True,0,0,0,0,True,False,False
144338,100,92,True,0,0,0,0,True,False,False
144398,100,92,True,0,0,0,0,True,False,False
144458,100,92,True,0,0,0,0,True,False,False
144518,100,92,True,0,0,0,0,True,False,False
144578,100,92,True,0,0,0,0,True,False,False
144638,100,92,True,0,0,0,0,True,False,False
144698,100,92,True,0,0,0,0,True,False,False
144758,100,92,True,0,0,0,0,True,False,False
144818,100,92,True,0,0,0,0,True,False,False
144878,100,92,True,0,0,0,0,True,False,False
144938,100,92,True,0,0,0,0,True,False,False
144998,100,92,True,0,0,0,0,True,False,False
145058,100,92,True,0,0,0,0,True,False,False
145118,100,92,True,0,0,0,0,True,False,False
145178,100,92,True,0,0,0,0,True,False,False
145238,100,92,True,0,0,0,0,True,False,False
145298,100,92,True,0,0,0,0,True,False,False
145358,100,92,True,0,0,0,0,True,False,False
145418,100,92,True,0,0,0,0,True,False,False
145478,100,92,True,0,0,0,0,True,False,False
145538,100,92,True,0,0,0,0,True,False,False
145598,100,92,True,0,0,0,0,True,False,False
145658,100,92,True,0,0,0,0,True,False,False
145718,100,92,True,0,0,0,0,True,False,False
145778,100,92,True,0,0,0,0,True,False,False
145838,100,92,True,0,0,0,0,True,False,False
145898,100,92,True,0,0,0,0,True,False,True
145958,100,92,True,0,0,0,0,True,False,True
146018,100,92,True,0,0,0,0,True,False,True
146078,100,92,True,0,0,0,0,True,False,True
146138,100,92,True,0,0,0,0,True,False,True
146198,87,91,True,0,0,0,0,True,False,True
146258,87,91,True,0,0,0,0,True,False,True
146318,87,91,True,0,0,0,0,True,False,True
146378,87,91,True,0,0,0,0,True,False,True
146438,87,91,True,0,0,0,0,True,False,True
146498,87,91,True,0,0,0,0,True,False,True
146558,87,91,True,0,0,0,0,True,False,True
148298,100,100,True,1,0,1,0,False,False,False
148358,100,100,True,1,0,1,0,False,False,False
148418,100,100,True,1,0,1,0,False,False,False
148478,100,100,True,1,0,1,0,False,False,False
148538,100,100,True,1,0,1,0,False,False,False
148598,100,100,True,1,0,1,0,False,False,False
148658,100,100,True,1,0,1,0,False,False,False
148718,100,100,True,1,0,1,0,False,False,False
148778,100,100,True,1,0,1,0,False,False,False
148838,100,100,True,0,0,1,0,False,False,False
148898,100,100,True,0,0,1,0,False,False,False
148958,100,100,True,0,0,1,0,False,False,False
149018,100,100,True,0,0,1,0,False,False,False
149078,100,100,True,0,0,1,0,False,False,False
149138,100,100,True,0,0,1,0,False,False,False
149198,98,100,True,0,0,1,0,False,False,False
149258,82,100,True,0,0,1,0,False,False,False
149318,82,100,True,0,0,1,0,False,False,False
149378,82,100,True,0,0,1,0,False,False,False
149438,82,100,True,0,0,0,0,False,False,False
149498,82,100,True,0,0,0,0,False,False,False
149558,82,100,True,0,0,0,0,False,False,False
149618,82,100,True,0,0,0,0,False,False,False
149678,82,100,True,0,1,0,0,False,False,False
149738,82,100,True,0,1,0,0,False,False,False
149798,82,100,True,0,1,0,0,False,False,False
149858,82,100,True,0,1,0,0,False,False,False
149918,82,100,True,0,1,0,0,False,False,False
149978,82,100,True,0,1,0,0,False,False,False
150038,82,100,True,0,1,0,0,False,False,False
150098,82,100,True,0,1,0,0,False,False,True
150158,82,100,True,0,0,0,0,False,False,True
150218,82,100,True,0,0,0,0,False,False,True
150278,82,100,True,0,0,0,0,False,False,True
150338,82,100,True,0,0,0,0,False,False,True
150398,82,100,True,0,0,0,0,False,False,True
150458,82,100,True,0,0,0,0,False,False,True
150518,82,100,True,0,0,0,0,False,False,True
150578,82,100,True,0,0,0,0,False,False,True
150638,82,100,True,0,0,0,0,False,False,True
150698,82,100,True,0,0,0,0,False,False,True
150758,82,100,True,0,0,0,0,False,False,True
150818,82,100,True,0,0,0,0,False,False,True
150878,82,100,True,0,0,0,0,False,False,True
150938,82,100,True,0,0,0,0,False,False,True
150998,82,100,True,0,0,0,0,False,False,True
151058,82,100,True,0,0,0,0,False,False,True
151118,82,100,True,0,0,0,0,False,False,True
151178,82,100,True,0,0,0,0,False,False,True
151238,82,100,True,0,0,0,0,False,False,True
151298,82,100,True,0,0,0,0,False,False,True
151358,82,100,True,0,0,0,0,False,False,False
151418,82,100,True,0,0,0,0,False,False,False
151478,82,100,True,0,0,0,0,False,False,False
151538,82,100,True,0,0,0,0,False,False,False
151598,82,100,True,0,0,0,0,False,False,False
151658,82,100,True,0,0,0,0,False,False,False
151718,82,100,True,0,0,0,0,False,False,False
153098,100,100,True,1,1,1,0,True,False,False
153158,100,100,True,1,1,1,0,True,False,False
153218,100,100,True,1,1,1,0,True,False,False
153278,100,100,True,1,1,1,0,True,False,False
153338,100,100,True,1,1,1,0,True,False,False
153398,100,100,True,1,1,1,0,True,False,False
153458,100,100,True,1,1,1,0,True,False,False
153518,100,100,True,1,1,1,0,True,False,False
162218,100,100,True,1,0,0,1,False,False,False
162278,100,100,True,1,0,0,1,False,False,False
162338,100,100,True,1,0,0,1,False,False,False
162398,100,100,True,1,0,0,1,False,False,False
162458,100,100,True,1,0,0,1,False,False,False
162518,100,100,True,1,0,0,1,False,False,False
162578,100,100,True,1,0,0,1,False,False,False
162638,100,100,True,1,0,0,1,False,False,False
162698,100,100,True,1,0,0,1,False,False,False
162758,100,100,True,1,0,0,1,False,False,False
162818,100,100,True,1,0,0,1,False,False,False
162878,100,100,True,1,0,0,1,False,False,False
162938,100,100,True,1,0,0,1,False,False,False
162998,100,100,True,1,0,0,1,False,False,False
163058,100,100,True,1,0,0,1,False,False,False
163118,100,100,True,1,0,0,1,False,False,False
163178,100,100,True,1,0,0,1,False,False,False
163238,100,100,True,1,0,0,1,False,False,False
163298,100,100,True,1,0,0,1,False,False,False
163358,100,100,True,1,0,0,1,False,False,False
163418,100,100,True,1,0,0,1,False,False,False
163478,100,100,True,1,0,0,1,False,False,False
163538,100,100,True,1,0,0,1,False,False,False
163598,100,100,True,1,0,0,1,False,False,False
163658,100,100,True,1,0,0,1,False,False,False
163718,100,100,True,1,0,0,1,False,False,False
163778,100,100,True,1,0,0,1,False,False,False
163838,100,100,True,1,0,0,1,False,False,False
163898,100,100,True,1,0,0,1,False,False,False
163958,100,100,True,1,0,0,1,False,False,False
164018,100,100,True,1,0,0,1,False,False,False
164078,100,100,True,1,0,0,1,False,False,False
164138,100,100,True,1,0,0,1,False,False,False
164198,100,100,True,1,0,0,1,False,False,False
164258,100,100,True,1,0,0,1,False,False,False
164318,100,100,True,1,0,0,1,False,False,False
164378,100,100,True,1,0,0,1,False,False,False
164438,100,100,True,1,0,0,1,False,False,False
164498,100,100,True,1,0,0,1,False,False,False
164558,100,100,True,1,0,0,1,False,False,False
164618,100,100,True,1,0,0,1,False,False,False
164678,100,100,True,1,0,0,1,False,False,False
164738,100,100,True,1,0,0,1,False,False,False
164798,100,100,True,0,0,0,1,False,False,False
164858,100,100,True,0,0,0,1,False,False,False
164918,100,100,True,0,0,0,1,False,False,False
164978,100,100,True,0,0,0,1,False,False,False
165038,100,100,True,0,0,0,1,False,False,False
165098,100,100,True,0,0,0,0,False,False,False
165158,100,100,True,0,0,0,0,False,False,False
165218,100,100,True,0,0,0,0,False,False,False
165278,100,100,True,0,0,0,0,False,False,False
165338,100,100,True,0,0,0,0,False,False,False
165398,100,100,True,0,0,0,0,False,False,False
165458,100,100,True,0,0,0,0,False,False,False
165518,100,100,True,0,0,0,0,False,False,False
165578,100,100,True,0,0,0,0,False,False,False
165638,100,100,True,0,0,0,0,False,False,False
165698,100,100,True,0,0,0,0,False,False,False
165758,100,100,True,0,0,0,0,False,False,False
165818,100,100,True,0,0,0,0,False,False,False
165878,100,100,True,0,0,0,0,False,False,False
165938,100,100,True,0,0,0,0,False,False,False
165998,100,100,True,0,0,0,0,False,False,False
166058,100,100,True,0,0,0,0,False,False,False
166118,100,100,True,0,0,0,0,False,False,False
166178,100,100,True,0,0,0,0,False,False,False
166238,100,100,True,0,0,0,0,False,False,False
166298,100,100,True,0,0,0,0,False,False,False
166358,100,100,True,0,0,0,0,False,False,False
166418,100,100,True,0,0,0,0,False,False,False
166478,100,100,True,0,0,0,0,False,False,False
166538,100,100,True,0,0,0,0,False,False,False
166598,100,100,True,0,0,0,0,False,False,False
166658,100,100,True,0,0,0,0,False,False,False
166718,100,100,True,0,0,0,0,False,False,False
166778,92,99,True,0,0,0,0,False,False,False
166838,92,99,True,0,0,0,0,False,False,False
166898,92,99,True,0,0,0,0,False,False,False
166958,92,99,True,0,0,0,0,False,False,False
167018,92,99,True,0,0,0,0,False,False,False
167078,92,99,True,0,0,0,0,False,False,False
167138,92,99,True,0,0,0,0,False,False,False
167198,92,99,True,0,0,0,0,False,False,False
167258,92,99,True,0,0,0,0,False,False,False
168638,100,99,True,1,1,1,1,True,False,False
168698,100,99,True,1,1,1,1,True,False,False
168758,100,99,True,1,1,1,1,True,False,False
168818,100,99,True,1,1,1,1,True,False,False
168878,100,99,True,1,1,1,1,True,False,False
168938,100,99,True,1,1,1,1,True,False,False
168998,100,99,True,1,1,1,1,True,False,False
169058,100,99,True,1,1,1,1,True,False,False
169118,100,99,True,1,1,1,1,True,False,False
169178,100,99,True,1,1,1,1,True,False,False
169238,100,99,True,1,1,1,1,True,False,False
169298,100,99,True,1,1,1,0,True,False,False
169358,100,99,True,1,1,1,0,True,False,False
169418,100,99,True,1,1,0,0,True,False,False
169478,100,99,True,1,1,0,0,True,False,False
169538,100,99,True,1,1,0,0,True,False,False
169598,100,99,True,1,1,0,0,True,False,False
169658,11,87,True,1,1,0,0,True,False,False
