0,1,2,3,4,5,6,7,8,9,10
11803,100,100,False,0,0,0,0,False,False,False
11863,100,100,False,0,0,0,0,False,False,False
11923,100,100,False,0,0,0,0,False,False,False
11983,100,100,False,0,0,0,0,False,False,False
12043,100,100,False,0,0,0,0,False,False,False
12103,100,100,False,0,0,0,0,False,False,False
12163,100,100,False,0,0,0,0,False,False,False
12223,100,100,False,0,0,0,0,False,False,False
12283,100,100,False,0,0,0,0,False,False,False
12343,100,100,False,0,0,0,0,False,False,False
12403,100,100,False,0,0,0,0,False,False,False
15523,100,0,False,0,0,0,0,False,False,False
15583,100,0,False,0,0,0,0,False,False,False
15643,100,0,False,0,0,0,0,False,False,False
15703,100,0,False,0,0,0,0,False,False,False
15763,100,0,False,0,0,0,0,False,False,False
15823,100,0,False,0,0,0,0,False,False,False
15883,100,0,False,0,0,0,0,False,False,False
15943,100,0,False,0,0,0,0,False,False,False
16003,100,0,False,0,0,0,0,False,False,False
16063,100,0,False,0,0,0,0,False,False,False
16123,100,0,False,0,0,0,0,False,False,False
16183,100,0,False,0,0,0,0,False,False,False
16243,100,0,False,0,0,0,0,False,False,False
16303,100,0,False,0,0,0,0,False,False,False
16363,100,0,False,0,0,0,0,False,False,False
16423,100,0,False,0,0,0,0,False,False,False
16483,100,0,False,0,0,0,0,False,False,False
16543,100,0,False,0,0,0,0,False,False,False
16603,100,0,False,0,0,0,0,False,False,False
16663,100,0,False,0,0,0,0,False,False,False
16723,100,0,False,0,0,0,0,False,False,False
16783,100,0,False,0,0,0,0,False,False,False
16843,100,0,False,0,0,0,0,False,False,False
16903,100,0,False,0,0,0,0,False,False,False
16963,100,0,False,0,0,0,0,False,False,False
17023,100,0,False,0,0,0,0,False,False,False
17083,100,0,False,0,0,0,0,False,False,False
17143,100,0,False,0,0,0,0,False,False,False
17203,100,0,False,0,0,0,0,False,False,False
17263,100,0,False,0,0,0,0,False,False,False
17323,100,0,False,0,0,0,0,False,False,False
17383,100,0,False,0,0,0,0,False,False,False
17443,100,0,False,0,0,0,0,False,False,False
17503,100,0,False,0,0,0,0,False,False,False
17563,100,0,False,0,0,0,0,False,False,False
17623,100,0,False,0,0,0,0,False,False,False
17683,58,0,False,0,0,0,0,False,False,False
17743,58,0,False,0,0,0,0,False,False,False
17803,58,0,False,0,0,0,0,False,False,False
17863,58,0,False,0,0,0,0,False,False,False
17923,58,0,False,0,0,0,0,False,False,False
17983,58,0,False,0,0,0,0,False,False,False
18043,58,0,False,0,0,0,0,False,False,False
18103,58,0,False,0,0,0,0,False,False,False
18163,39,0,False,0,0,0,0,False,False,False
18223,39,0,False,0,0,0,0,False,False,False
18283,39,0,False,0,0,0,0,False,False,False
18343,39,0,False,0,0,0,0,False,False,False
18403,39,0,False,0,0,0,0,False,False,False
18463,39,0,False,0,0,0,0,False,False,False
18523,39,0,False,0,0,0,0,False,False,False
18583,39,0,False,0,0,0,0,False,True,False
18643,39,0,False,0,0,0,0,False,True,False
18703,39,0,False,0,0,0,0,False,True,False
18763,39,0,False,0,0,0,0,False,True,False
18823,39,0,False,0,0,0,0,False,True,False
20623,100,100,True,1,1,0,0,False,False,False
20683,100,100,True,1,1,0,0,False,False,False
20743,100,100,True,1,1,0,0,False,False,False
20803,100,100,True,1,1,0,0,False,False,False
20863,100,100,True,1,1,0,0,False,False,False
20923,100,100,True,1,1,0,0,False,False,False
20983,100,100,True,1,1,0,0,False,False,False
21043,100,100,True,1,1,0,0,False,False,False
21103,100,100,True,1,1,0,0,False,False,False
21163,100,100,True,1,1,0,0,False,False,False
21223,100,100,True,1,1,0,0,False,False,False
21283,100,100,True,1,1,0,0,False,False,False
21343,100,100,True,1,1,0,0,False,False,False
21403,100,100,True,1,1,0,0,False,False,False
21463,100,100,True,1,1,0,0,False,False,False
21523,100,100,True,1,1,0,0,False,False,False
21583,100,100,True,1,1,0,0,False,False,False
21643,100,100,True,1,1,0,0,False,False,False
21703,100,100,True,1,1,0,0,False,False,False
21763,100,100,True,1,1,0,0,False,False,False
21823,100,100,True,1,1,0,0,False,False,False
21883,100,100,True,1,1,0,0,False,False,False
21943,100,100,True,1,1,0,0,False,False,False
22003,100,100,True,1,1,0,0,False,False,False
22063,100,100,True,1,1,0,0,False,False,False
22123,100,100,True,1,1,0,0,False,False,False
22183,100,100,True,1,1,0,0,False,False,False
22243,100,100,True,1,1,0,0,False,False,False
22303,100,100,True,1,1,0,0,False,False,False
22363,100,100,True,1,1,0,0,False,False,False
22423,100,100,True,1,1,0,0,False,False,False
22483,100,100,True,1,1,0,0,False,False,False
22543,100,100,True,1,1,0,0,False,False,False
22603,100,100,True,0,1,0,0,False,False,False
22663,100,100,True,0,1,0,0,False,False,False
22723,100,100,True,0,1,0,0,False,False,False
22783,100,100,True,0,1,0,0,False,False,False
22843,100,100,True,0,1,0,0,False,False,False
22903,100,100,True,0,1,0,0,False,False,False
22963,100,100,True,0,1,0,0,False,False,False
23023,100,100,True,0,1,0,0,False,False,False
23083,100,100,True,0,1,0,0,False,False,False
23143,100,100,True,0,1,0,0,False,False,False
23203,100,100,True,0,0,0,0,False,False,False
23263,100,100,True,0,0,0,0,False,False,False
23323,100,100,True,0,0,0,0,False,False,False
23383,100,100,True,0,0,0,0,False,False,False
23443,100,100,True,0,0,0,0,False,False,False
23503,100,100,True,0,0,0,0,False,False,False
23563,100,100,True,0,0,0,0,False,False,False
23623,100,100,True,0,0,0,0,False,False,False
23683,100,100,True,0,0,0,0,False,False,False
23743,100,100,True,0,0,0,0,False,False,False
23803,100,100,True,0,0,0,0,False,False,False
23863,100,100,True,0,0,0,0,False,False,False
23923,100,100,True,0,0,0,0,False,False,False
23983,100,100,True,0,0,0,0,False,False,False
24043,100,100,True,0,0,0,0,False,False,False
24103,100,100,True,0,0,0,0,False,False,False
24163,100,100,True,0,0,0,0,False,False,False
24223,100,100,True,0,0,0,0,False,False,False
24283,100,100,True,0,0,0,0,False,False,False
24343,100,100,True,0,0,0,0,False,False,False
24403,100,100,True,0,0,0,0,False,False,True
24463,100,100,True,0,0,0,0,False,False,True
24523,100,100,True,0,0,0,0,False,False,True
24583,100,100,True,0,0,0,0,False,False,True
24643,100,100,True,0,0,0,0,False,False,True
24703,100,100,True,0,0,0,0,False,False,True
24763,100,100,True,0,0,0,0,False,False,True
24823,100,100,True,0,0,0,0,False,False,True
24883,100,100,True,0,0,0,0,False,False,True
24943,100,100,True,0,0,0,0,False,False,True
25003,100,100,True,0,0,0,0,False,False,True
25063,100,100,True,0,0,0,0,False,False,True
25123,100,100,True,0,0,0,0,False,False,True
25183,100,100,True,0,0,0,0,False,False,True
25243,100,100,True,0,0,0,0,False,False,True
25303,100,100,True,0,0,0,0,False,False,True
25363,100,100,True,0,0,0,0,False,False,True
25423,100,100,True,0,0,0,0,False,False,True
25483,100,100,True,0,0,0,0,False,False,True
25543,100,100,True,0,0,0,0,False,False,True
25603,100,100,True,0,0,0,0,False,False,True
25663,100,100,True,0,0,0,0,False,False,True
25723,100,100,True,0,0,0,0,False,False,True
25783,100,100,True,0,0,0,0,False,False,True
25843,100,100,True,0,0,0,0,False,False,True
25903,100,100,True,0,0,0,0,False,False,True
25963,100,100,True,0,0,0,0,False,False,True
26023,100,100,True,0,0,0,0,False,False,True
26083,100,100,True,0,0,0,0,False,False,True
26143,100,100,True,0,0,0,0,False,False,True
26203,100,100,True,0,0,0,0,False,False,True
26263,100,100,True,0,0,0,0,False,False,True
26323,100,100,True,0,0,0,0,False,False,True
26383,100,100,True,0,0,0,0,False,False,True
26443,100,100,True,0,0,0,0,False,False,True
26503,100,100,True,0,0,0,0,False,False,True
26563,100,100,True,0,0,0,0,False,False,True
26623,100,100,True,0,0,0,0,False,False,True
26683,100,100,True,0,0,0,0,False,False,True
26743,100,100,True,0,0,0,0,False,False,True
26803,100,100,True,0,0,0,0,False,False,True
26863,100,100,True,0,0,0,0,False,False,True
26923,100,100,True,0,0,0,0,False,False,True
26983,100,100,True,0,0,0,0,False,False,True
27043,100,100,True,0,0,0,0,False,False,False
27103,100,100,True,0,0,0,0,False,False,False
27163,100,100,True,0,0,0,0,False,False,False
27223,100,100,True,0,0,0,0,False,False,False
27283,100,100,True,0,0,0,0,False,False,False
27343,100,100,True,0,0,0,0,False,False,False
27403,100,100,True,0,0,0,0,False,False,False
28783,100,100,True,1,1,0,1,False,False,False
28843,100,100,True,1,1,0,1,False,False,False
28903,100,100,True,1,1,0,1,False,False,False
28963,100,100,True,1,1,0,1,False,False,False
29023,100,100,True,1,1,0,1,False,False,False
29083,100,100,True,1,1,0,1,False,False,False
29143,100,100,True,1,1,0,1,False,False,False
29203,100,100,True,1,1,0,1,False,False,False
29263,100,100,True,1,1,0,1,False,False,False
29323,100,100,True,1,1,0,1,False,False,False
29383,100,100,True,1,1,0,1,False,False,False
29443,100,100,True,1,1,0,1,False,False,False
29503,100,100,True,1,1,0,1,False,False,False
29563,100,100,True,1,1,0,1,False,False,False
29623,100,100,True,1,1,0,1,False,False,False
29683,100,100,True,1,1,0,1,False,False,False
29743,100,100,True,1,1,0,1,False,False,False
29803,100,100,True,1,1,0,1,False,False,False
29863,100,100,True,1,1,0,1,False,False,False
29923,100,100,True,1,1,0,1,False,False,False
29983,100,100,True,1,1,0,1,False,False,False
30043,100,100,True,1,1,0,1,False,False,False
30103,100,100,True,1,1,0,1,False,False,False
30163,100,100,True,1,0,0,1,False,False,False
30223,100,100,True,1,0,0,1,False,False,False
30283,100,100,True,1,0,0,1,False,False,False
30343,100,100,True,1,0,0,1,False,False,False
30403,100,100,True,1,0,0,1,False,False,False
30463,100,100,True,1,0,0,1,False,False,False
30523,100,100,True,1,0,0,1,False,False,False
30583,100,100,True,1,0,0,1,False,False,False
30643,100,100,True,1,0,0,1,False,False,False
30703,100,100,True,1,0,0,1,False,False,False
30763,100,100,True,1,0,0,1,False,False,False
30823,94,100,True,1,0,0,1,False,False,False
30883,94,100,True,1,0,0,1,False,False,False
30943,94,100,True,1,0,0,1,False,False,False
31003,94,100,True,1,0,0,1,False,False,False
31063,94,100,True,1,0,0,1,False,False,False
33823,100,100,True,1,0,0,1,False,False,False
33883,100,100,True,1,0,0,1,False,False,False
33943,100,100,True,1,0,0,1,False,False,False
34003,100,100,True,1,0,0,1,False,False,False
34063,100,100,True,1,0,0,1,False,False,False
34123,100,100,True,1,0,0,1,False,False,False
34183,100,100,True,1,0,0,1,False,False,False
34243,100,100,True,1,0,0,1,False,False,False
34303,100,100,True,1,0,0,1,False,False,False
34363,100,100,True,1,0,0,1,False,False,False
34423,100,100,True,1,0,0,1,False,False,False
34483,100,100,True,1,0,0,1,False,False,False
34543,100,100,True,1,0,0,1,False,False,False
34603,100,100,True,1,0,0,1,False,False,False
34663,100,100,True,1,0,0,1,False,False,False
34723,100,100,True,1,0,0,1,False,False,False
34783,100,100,True,1,0,0,1,False,False,False
34843,100,100,True,1,0,0,1,False,False,False
34903,100,100,True,1,0,0,1,False,False,False
34963,100,100,True,1,0,0,1,False,False,False
35023,100,100,True,1,0,0,1,False,False,False
35083,100,100,True,1,0,0,1,False,False,False
35143,100,100,True,1,0,0,1,False,False,False
35203,100,100,True,1,0,0,1,False,False,False
35263,100,100,True,1,0,0,1,False,False,False
35323,100,100,True,1,0,0,1,False,False,False
35383,100,100,True,1,0,0,1,False,False,False
35443,100,100,True,1,0,0,1,False,False,False
35503,100,100,True,1,0,0,1,False,False,False
35563,100,100,True,1,0,0,1,False,False,False
35623,100,100,True,1,0,0,1,False,False,False
35683,100,100,True,1,0,0,1,False,False,False
35743,100,100,True,1,0,0,1,False,False,False
35803,100,100,True,1,0,0,1,False,False,False
35863,100,100,True,1,0,0,1,False,False,False
35923,100,100,True,1,0,0,1,False,False,False
35983,100,100,True,1,0,0,1,False,False,False
36043,100,100,True,1,0,0,1,False,False,False
36103,100,100,True,1,0,0,1,False,False,False
36163,100,100,True,1,0,0,1,False,False,False
36223,100,100,True,1,0,0,1,False,False,False
36283,100,100,True,1,0,0,1,False,False,False
36343,100,100,True,1,0,0,1,False,False,False
36403,100,100,True,1,0,0,1,False,False,False
36463,100,100,True,1,0,0,1,False,False,False
36523,100,100,True,1,0,0,1,False,False,False
36583,100,100,True,1,0,0,1,False,False,False
36643,100,100,True,1,0,0,1,False,False,False
36703,100,100,True,1,0,0,1,False,False,False
36763,100,100,True,1,0,0,1,False,False,False
40963,100,100,True,1,1,0,1,False,False,False
41023,100,100,True,1,1,0,1,False,False,False
41083,100,100,True,0,1,0,1,False,False,False
41143,100,100,True,0,1,0,1,False,False,False
41203,100,100,True,0,1,0,1,False,False,False
41263,100,100,True,0,1,0,1,False,False,False
41323,100,100,True,0,1,0,1,False,False,False
41383,100,100,True,0,1,0,1,False,False,False
41443,100,100,True,0,1,0,1,False,False,False
41503,100,100,True,0,1,0,1,False,False,False
41563,100,100,True,0,1,0,1,False,False,False
41623,100,100,True,0,1,0,1,False,False,False
41683,100,100,True,0,1,0,1,False,False,False
41743,100,100,True,0,1,0,1,False,False,False
41803,100,100,True,0,1,0,1,False,False,False
41863,100,100,True,0,1,0,1,False,False,False
41923,100,100,True,0,1,0,1,False,False,False
41983,100,100,True,0,1,0,1,False,False,False
42043,100,100,True,0,1,0,1,False,False,False
42103,100,100,True,0,1,0,1,False,False,False
42163,100,100,True,0,1,0,1,False,False,False
42223,100,100,True,0,1,0,1,False,False,False
42283,100,100,True,0,1,0,1,False,False,False
42343,100,100,True,0,1,0,1,False,False,False
42403,100,100,True,0,1,0,1,False,False,False
42463,100,100,True,0,1,0,1,False,False,False
42523,100,100,True,0,1,0,1,False,False,False
42583,100,100,True,0,1,0,1,False,False,False
42643,100,100,True,0,1,0,1,False,False,False
42703,100,100,True,0,1,0,1,False,False,False
42763,100,100,True,0,1,0,1,False,False,False
42823,100,100,True,0,1,0,1,False,False,False
42883,100,100,True,0,1,0,1,False,False,False
42943,100,100,True,0,1,0,1,False,False,False
43003,100,100,True,0,1,0,1,False,False,False
43063,100,100,True,0,1,0,1,False,False,False
43123,100,100,True,0,1,0,1,False,False,False
43183,100,100,True,0,1,0,1,False,False,False
43243,100,100,True,0,1,0,1,False,False,False
43303,100,100,True,0,1,0,1,False,False,False
43363,100,100,True,0,1,0,1,False,False,False
43423,100,100,True,0,1,0,1,False,False,False
43483,100,100,True,0,1,0,1,False,False,False
43543,100,100,True,0,1,0,1,False,False,False
43603,100,100,True,0,1,0,1,False,False,False
43663,100,100,True,0,1,0,1,False,False,False
43723,100,100,True,0,1,0,1,False,False,False
43783,100,100,True,0,1,0,1,False,False,False
43843,100,100,True,0,1,0,1,False,False,False
43903,100,100,True,0,1,0,1,False,False,False
43963,100,100,True,0,1,0,1,False,False,False
44023,100,100,True,0,1,0,1,False,False,False
44083,100,100,True,0,1,0,1,False,False,False
44143,100,100,True,0,1,0,1,False,False,False
44203,100,100,True,0,1,0,1,False,False,False
44263,100,100,True,0,1,0,1,False,False,False
44323,100,100,True,0,1,0,1,False,False,False
44383,100,100,True,0,1,0,1,False,False,False
44443,100,100,True,0,1,0,1,False,False,False
44503,100,100,True,0,0,0,1,False,False,False
44563,100,100,True,0,0,0,1,False,False,False
44623,100,100,True,0,0,0,1,False,False,False
44683,100,100,True,0,0,0,0,False,False,False
44743,100,100,True,0,0,0,0,False,False,False
44803,100,100,True,0,0,0,0,False,False,False
44863,100,100,True,0,0,0,0,False,False,False
44923,100,100,True,0,0,0,0,False,False,False
44983,71,99,True,0,0,0,0,False,False,False
46783,100,0,False,0,0,0,0,False,False,False
46843,100,0,False,0,0,0,0,False,False,False
46903,100,0,False,0,0,0,0,False,False,False
46963,100,0,False,0,0,0,0,False,False,False
47023,100,0,False,0,0,0,0,False,False,False
47083,100,0,False,0,0,0,0,False,False,False
47143,100,0,False,0,0,0,0,False,False,False
47203,100,0,False,0,0,0,0,False,False,False
47263,100,0,False,0,0,0,0,False,False,False
47323,100,0,False,0,0,0,0,False,False,False
47383,100,0,False,0,0,0,0,False,False,False
47443,100,0,False,0,0,0,0,False,False,False
47503,100,0,False,0,0,0,0,False,False,False
47563,100,0,False,0,0,0,0,False,False,False
47623,100,0,False,0,0,0,0,False,False,False
47683,23,0,False,0,0,0,0,False,False,False
47743,23,0,False,0,0,0,0,False,False,False
47803,23,0,False,0,0,0,0,False,False,False
47863,23,0,False,0,0,0,0,False,False,False
47923,23,0,False,0,0,0,0,False,False,False
47983,23,0,False,0,0,0,0,False,False,False
48043,19,0,False,0,0,0,0,False,False,False
48103,19,0,False,0,0,0,0,False,False,False
48163,19,0,False,0,0,0,0,False,False,False
48223,19,0,False,0,0,0,0,False,False,False
48283,19,0,False,0,0,0,0,False,False,False
48343,19,0,False,0,0,0,0,False,False,False
48403,19,0,False,0,0,0,0,False,False,False
48463,19,0,False,0,0,0,0,False,False,False
48523,19,0,False,0,0,0,0,False,False,False
48583,19,0,False,0,0,0,0,False,False,False
48643,19,0,False,0,0,0,0,False,False,False
48703,19,0,False,0,0,0,0,False,False,False
48763,19,0,False,0,0,0,0,False,False,False
48823,19,0,False,0,0,0,0,False,False,False
48883,19,0,False,0,0,0,0,False,False,False
48943,19,0,False,0,0,0,0,False,False,False
49003,19,0,False,0,0,0,0,False,False,False
49063,19,0,False,0,0,0,0,False,False,False
49123,19,0,False,0,0,0,0,False,False,False
49183,19,0,False,0,0,0,0,False,False,False
49243,19,0,False,0,0,0,0,False,False,False
51403,100,100,True,0,1,0,0,False,False,False
51463,100,100,True,0,1,0,0,False,False,False
51523,100,100,True,0,1,0,0,False,False,False
51583,100,100,True,0,1,0,0,False,False,False
51643,100,100,True,0,1,0,0,False,False,False
51703,100,100,True,0,1,0,0,False,False,False
51763,100,100,True,0,1,0,0,False,False,False
51823,100,100,True,0,1,0,0,False,False,False
51883,100,100,True,0,1,0,0,False,False,False
51943,100,100,True,0,1,0,0,False,False,False
52003,100,100,True,0,1,0,0,False,False,False
52063,100,100,True,0,1,0,0,False,False,False
52123,100,100,True,0,1,0,0,False,False,False
52183,89,93,True,0,1,0,0,False,False,False
52243,89,93,True,0,1,0,0,False,False,False
52303,89,93,True,0,1,0,0,False,False,False
52363,57,93,True,0,1,0,0,False,False,False
52423,49,93,True,0,1,0,0,False,False,False
52483,49,93,True,0,1,0,0,False,False,False
57583,100,100,True,1,1,1,1,False,False,False
57643,100,100,True,1,1,1,1,False,False,False
57703,100,100,True,1,1,1,1,False,False,False
57763,100,100,True,1,1,1,1,False,False,False
57823,100,100,True,1,1,1,1,False,False,False
57883,100,100,True,1,1,1,1,False,False,False
57943,100,100,True,1,1,1,1,False,False,False
58003,100,100,True,1,1,1,1,False,False,False
58063,100,100,True,1,1,1,1,False,False,False
58123,100,100,True,1,1,1,1,False,False,False
58183,100,100,True,1,1,1,1,False,False,False
58243,100,100,True,1,1,1,1,False,False,False
58303,100,100,True,1,1,1,1,False,False,False
58363,100,100,True,1,1,1,1,False,False,False
58423,100,100,True,1,1,1,1,False,False,False
58483,100,100,True,1,1,1,1,False,False,False
58543,100,100,True,1,1,1,1,False,False,False
58603,100,100,True,1,1,1,1,False,False,False
58663,100,100,True,1,1,1,1,False,False,False
58723,100,100,True,1,1,1,1,False,False,False
58783,100,100,True,1,1,1,1,False,False,False
58843,100,100,True,1,1,1,1,False,False,False
58903,100,100,True,1,1,1,1,False,False,False
58963,100,100,True,1,1,1,1,False,False,False
59023,100,100,True,1,1,1,1,False,False,False
59083,100,100,True,1,1,1,1,False,True,False
59143,100,100,True,1,1,1,1,False,True,False
59203,100,100,True,1,1,1,1,False,True,False
59263,100,100,True,1,1,1,1,False,True,False
59323,100,100,True,1,1,1,1,False,True,False
59383,100,100,True,1,1,1,1,False,True,False
59443,100,100,True,1,1,1,1,False,True,False
59503,100,100,True,1,1,1,1,False,True,False
59563,100,100,True,1,1,1,1,False,True,False
59623,100,100,True,1,1,1,1,False,True,False
59683,100,100,True,1,1,1,1,False,True,False
59743,100,100,True,1,1,1,1,False,True,False
59803,100,100,True,1,1,1,1,False,True,False
59863,100,100,True,1,1,1,1,False,True,False
59923,100,100,True,1,1,1,1,False,True,False
59983,100,100,True,1,1,1,1,False,True,False
60043,100,100,True,1,1,1,1,False,True,False
60103,100,100,True,1,1,1,1,False,True,False
60163,100,100,True,1,1,1,1,False,True,False
60223,100,100,True,1,1,1,1,False,True,False
60283,100,100,True,1,1,1,1,False,True,False
60343,100,100,True,1,1,1,1,False,True,False
60403,100,100,True,1,1,1,1,False,True,False
60463,100,100,True,1,1,1,1,False,True,False
60523,100,100,True,1,1,1,1,False,True,False
60583,100,100,True,1,1,1,1,False,True,False
60643,100,100,True,1,1,1,1,False,True,False
60703,100,100,True,1,1,1,1,False,True,False
60763,100,100,True,1,1,1,1,False,True,False
60823,100,100,True,1,1,1,1,False,True,False
60883,100,100,True,1,1,1,1,False,True,False
60943,100,100,True,1,1,1,1,False,True,False
61003,100,100,True,1,1,1,1,False,True,False
61063,100,100,True,1,1,1,1,False,True,False
61123,100,100,True,1,1,1,1,False,True,False
61183,100,100,True,1,1,1,1,False,True,False
61243,100,100,True,1,1,1,1,False,True,False
61303,100,100,True,1,1,1,1,False,True,False
61363,100,100,True,1,1,1,1,False,True,False
61423,100,100,True,1,1,1,1,False,True,False
61483,100,100,True,1,1,1,1,False,True,False
61543,100,100,True,1,1,1,1,False,True,False
61603,100,100,True,1,1,1,1,False,True,False
61663,100,100,True,1,1,1,1,False,True,False
61723,100,100,True,1,1,1,1,False,True,False
61783,100,100,True,1,1,1,1,False,True,False
61843,100,100,True,1,1,1,1,False,True,False
61903,100,100,True,1,1,1,1,False,True,False
61963,100,100,True,1,1,1,1,False,True,False
62023,100,100,True,1,1,1,1,False,True,False
62083,100,100,True,1,0,1,1,False,False,False
62143,100,100,True,1,0,1,1,False,False,False
62203,100,100,True,1,0,1,1,False,False,False
62263,100,100,True,1,0,1,1,False,False,False
62323,100,100,True,1,0,1,1,False,False,False
62383,100,100,True,1,0,1,1,False,False,False
62443,100,100,True,1,0,1,1,False,False,False
62503,100,100,True,1,0,1,1,False,False,False
62563,100,100,True,1,0,1,1,False,False,False
62623,100,100,True,1,0,1,1,False,False,False
62683,100,100,True,1,0,1,1,False,False,False
62743,100,100,True,1,0,1,1,False,False,False
62803,100,100,True,1,0,1,1,False,False,False
62863,100,100,True,1,0,1,1,False,False,False
62923,100,100,True,1,0,1,1,False,False,False
62983,100,100,True,1,0,1,1,False,False,False
63043,100,100,True,1,0,1,0,False,False,False
63103,100,100,True,1,0,1,0,False,False,False
63163,100,100,True,1,0,1,0,False,False,False
63223,100,100,True,1,0,1,0,False,False,False
63283,100,100,True,1,0,1,0,False,False,False
63343,100,100,True,1,0,1,0,False,False,False
63403,100,100,True,1,0,1,0,False,False,False
63463,100,100,True,0,0,1,0,False,False,False
63523,100,100,True,0,0,1,0,False,False,False
63583,100,100,True,0,0,0,0,False,False,False
63643,100,100,True,0,0,0,0,False,False,False
63703,100,100,True,0,0,0,0,False,False,False
63763,100,100,True,0,0,0,0,False,False,False
63823,100,100,True,0,0,0,0,False,False,False
63883,100,100,True,0,0,0,0,False,False,False
63943,100,100,True,0,0,0,0,False,False,False
64003,100,100,True,0,0,0,0,False,False,False
64063,100,100,True,0,0,0,0,False,False,False
66103,100,100,True,1,0,0,0,False,False,False
66163,100,100,True,1,0,0,0,False,False,False
66223,100,100,True,1,0,0,0,False,False,False
66283,100,100,True,1,0,0,0,False,False,False
66343,100,100,True,1,0,0,0,False,False,False
66403,100,100,True,1,0,0,0,False,False,False
66463,100,100,True,1,0,0,0,False,False,False
66523,100,100,True,1,0,0,0,False,False,False
66583,100,100,True,1,0,0,0,False,False,False
66643,100,100,True,1,0,0,0,False,False,False
66703,100,100,True,1,0,0,0,False,False,False
66763,100,100,True,0,0,0,0,False,False,False
66823,100,100,True,0,0,0,0,False,False,False
66883,100,100,True,0,0,0,0,False,False,False
66943,100,100,True,0,0,0,0,False,False,False
67003,100,100,True,0,0,0,0,False,False,False
67063,100,100,True,0,0,0,0,False,False,False
67123,100,100,True,0,0,0,0,False,False,False
67183,100,100,True,0,0,0,0,False,False,False
67243,100,100,True,0,0,0,0,False,False,False
67303,100,100,True,0,0,0,0,False,False,False
67363,100,100,True,0,0,0,0,False,False,False
67423,100,100,True,0,0,0,0,False,False,False
67483,100,100,True,0,0,0,0,False,False,False
67543,100,100,True,0,0,0,0,False,False,False
67603,100,100,True,0,0,0,0,False,False,False
67663,100,100,True,0,0,0,0,False,False,False
67723,100,100,True,0,0,0,0,False,False,False
67783,100,100,True,0,0,0,0,False,False,False
67843,100,100,True,0,0,0,0,False,False,False
67903,100,100,True,0,0,0,0,False,False,False
67963,100,100,True,0,0,0,0,False,False,False
68023,89,100,True,0,0,0,0,False,False,False
68083,89,100,True,0,0,0,0,False,False,False
68143,89,100,True,0,0,0,0,False,False,False
68203,89,100,True,0,0,0,0,False,False,False
68263,89,100,True,0,0,0,0,False,False,False
68323,89,100,True,0,0,0,0,False,False,False
68383,89,100,True,0,0,0,0,False,False,False
71143,100,0,False,0,0,0,0,False,False,False
71203,100,0,False,0,0,0,0,False,False,False
71263,100,0,False,0,0,0,0,False,False,False
71323,100,0,False,0,0,0,0,False,False,False
71383,100,0,False,0,0,0,0,False,False,False
71443,100,0,False,0,0,0,0,False,False,False
71503,100,0,False,0,0,0,0,False,False,False
71563,100,0,False,0,0,0,0,False,False,False
71623,100,0,False,0,0,0,0,False,False,False
71683,100,0,False,0,0,0,0,False,False,False
71743,100,0,False,0,0,0,0,False,False,False
71803,100,0,False,0,0,0,0,False,False,False
71863,100,0,False,0,0,0,0,False,False,False
76363,100,100,True,0,0,0,0,False,False,False
76423,100,100,True,0,0,0,0,False,False,False
76483,100,100,True,0,0,0,0,False,False,False
76543,100,100,True,0,0,0,0,False,False,False
76603,100,100,True,0,0,0,0,False,False,False
76663,100,100,True,0,0,0,0,False,False,False
76723,100,100,True,0,0,0,0,False,False,False
76783,100,100,True,0,0,0,0,False,False,False
76843,100,100,True,0,0,0,0,False,False,False
76903,100,100,True,0,0,0,0,False,False,False
76963,100,100,True,0,0,0,0,False,False,False
77023,100,100,True,0,0,0,0,False,False,False
77083,100,100,True,0,0,0,0,False,False,False
77143,100,100,True,0,0,0,0,False,False,False
77203,100,100,True,0,0,0,0,False,False,False
77263,100,100,True,0,0,0,0,False,False,False
77323,100,100,True,0,0,0,0,False,False,False
77383,100,100,True,0,0,0,0,False,False,False
77443,100,100,True,0,0,0,0,False,False,False
77503,100,100,True,0,0,0,0,False,False,False
77563,100,100,True,0,0,0,0,False,False,False
77623,100,100,True,0,0,0,0,False,False,False
77683,100,100,True,0,0,0,0,False,False,False
77743,100,100,True,0,0,0,0,False,False,False
77803,100,100,True,0,0,0,0,False,False,False
77863,100,100,True,0,0,0,0,False,False,False
77923,100,100,True,0,0,0,0,False,False,False
77983,100,100,True,0,0,0,0,False,False,False
78043,100,100,True,0,0,0,0,False,False,False
78103,100,100,True,0,0,0,0,False,False,False
78163,100,100,True,0,0,0,0,False,False,False
78223,100,100,True,0,0,0,0,False,False,False
78283,100,100,True,0,0,0,0,False,False,False
78343,100,100,True,0,0,0,0,False,False,False
78403,100,100,True,0,0,0,0,False,False,False
78463,100,100,True,0,0,0,0,False,False,False
78523,100,100,True,0,0,0,0,False,False,False
78583,100,100,True,0,0,0,0,False,False,False
78643,100,100,True,0,0,0,0,False,False,False
78703,100,100,True,0,0,0,0,False,False,False
78763,100,100,True,0,0,0,0,False,False,False
78823,100,100,True,0,0,0,0,False,False,False
78883,100,100,True,0,0,0,0,False,False,False
78943,100,100,True,0,0,0,0,False,False,False
79003,100,100,True,0,0,0,0,False,False,False
79063,100,100,True,0,0,0,0,False,False,False
79123,100,100,True,0,0,0,0,False,False,False
79183,100,100,True,0,0,0,0,False,False,False
79243,100,100,True,0,0,0,0,False,False,False
79303,100,100,True,0,0,0,0,False,False,False
79363,100,100,True,0,0,0,0,False,False,False
79423,100,100,True,0,0,0,0,False,False,False
79483,100,100,True,0,0,0,0,False,False,False
79543,100,100,True,0,0,0,0,False,False,False
79603,100,100,True,0,0,0,0,False,False,False
79663,100,100,True,0,0,0,0,False,False,False
79723,100,100,True,0,0,0,0,False,False,False
79783,100,100,True,0,0,0,0,False,False,False
79843,100,100,True,0,0,0,0,False,False,False
79903,100,100,True,0,0,0,0,False,False,False
79963,100,100,True,0,0,0,0,False,False,False
83743,100,100,False,0,0,0,0,False,False,False
83803,100,100,False,0,0,0,0,False,False,False
83863,100,100,False,0,0,0,0,False,False,False
83923,100,100,False,0,0,0,0,False,False,False
83983,100,100,False,0,0,0,0,False,False,False
84043,100,100,False,0,0,0,0,False,False,False
84103,100,100,False,0,0,0,0,False,False,False
84163,100,100,False,0,0,0,0,False,False,False
84223,100,100,False,0,0,0,0,False,False,False
84283,100,100,False,0,0,0,0,False,False,False
84343,100,100,False,0,0,0,0,False,False,False
84403,100,100,False,0,0,0,0,False,False,False
84463,100,100,False,0,0,0,0,False,False,False
84523,100,100,False,0,0,0,0,False,False,False
84583,100,100,False,0,0,0,0,False,False,False
84643,100,100,False,0,0,0,0,False,False,False
84703,100,100,False,0,0,0,0,False,False,False
84763,100,100,False,0,0,0,0,False,False,False
84823,100,100,False,0,0,0,0,False,False,False
84883,100,100,False,0,0,0,0,False,False,False
84943,100,100,False,0,0,0,0,False,False,False
85003,100,100,False,0,0,0,0,False,False,False
85063,100,100,False,0,0,0,0,False,False,False
85123,100,100,False,0,0,0,0,False,False,False
85183,100,100,False,0,0,0,0,False,False,False
85243,100,100,False,0,0,0,0,False,False,False
85303,100,100,False,0,0,0,0,False,False,False
85363,100,100,False,0,0,0,0,False,False,False
85423,100,100,False,0,0,0,0,False,False,False
85483,100,100,False,0,0,0,0,False,False,False
89383,100,100,True,0,0,0,0,False,False,False
89443,100,100,True,0,0,0,0,False,False,False
89503,100,100,True,0,0,0,0,False,False,False
89563,100,100,True,0,0,0,0,False,False,False
89623,100,100,True,0,0,0,0,False,False,False
89683,100,100,True,0,0,0,0,False,False,False
89743,100,100,True,0,0,0,0,False,False,False
89803,100,100,True,0,0,0,0,False,False,False
89863,100,100,True,0,0,0,0,False,False,False
89923,100,100,True,0,0,0,0,False,False,False
89983,100,100,True,0,0,0,0,False,False,False
90043,100,100,True,0,0,0,0,False,False,False
90103,100,100,True,0,0,0,0,False,False,False
90163,100,100,True,0,0,0,0,False,False,False
90223,100,100,True,0,0,0,0,False,False,False
90283,100,100,True,0,0,0,0,False,False,False
90343,100,100,True,0,0,0,0,False,False,False
90403,100,100,True,0,0,0,0,False,False,False
90463,100,100,True,0,0,0,0,False,False,False
90523,100,100,True,0,0,0,0,False,False,False
90583,100,100,True,0,0,0,0,False,False,False
90643,100,100,True,0,0,0,0,False,False,False
90703,100,100,True,0,0,0,0,False,False,False
90763,100,100,True,0,0,0,0,False,False,False
90823,100,100,True,0,0,0,0,False,False,False
90883,100,100,True,0,0,0,0,False,False,False
90943,100,100,True,0,0,0,0,False,False,False
91003,100,100,True,0,0,0,0,False,False,False
91063,100,100,True,0,0,0,0,False,False,False
91123,100,100,True,0,0,0,0,False,False,False
91183,100,100,True,0,0,0,0,False,False,False
91243,100,100,True,0,0,0,0,False,False,False
91303,100,100,True,0,0,0,0,False,False,True
91363,100,100,True,0,0,0,0,False,False,True
91423,100,100,True,0,0,0,0,False,False,True
91483,100,100,True,0,0,0,0,False,False,True
91543,100,100,True,0,0,0,0,False,False,True
91603,100,100,True,0,0,0,0,False,False,True
91663,100,100,True,0,0,0,0,False,False,True
91723,100,100,True,0,0,0,0,False,False,True
91783,100,100,True,0,0,0,0,False,False,True
91843,100,100,True,0,0,0,0,False,False,True
91903,100,100,True,0,0,0,0,False,False,True
91963,100,100,True,0,0,0,0,False,False,True
92023,100,100,True,0,0,0,0,False,False,True
92083,100,100,True,0,0,0,0,False,False,True
92143,100,100,True,0,0,0,0,False,False,True
92203,100,100,True,0,0,0,0,False,False,True
92263,100,100,True,0,0,0,0,False,False,True
92323,100,100,True,0,0,0,0,False,False,True
92383,100,100,True,0,0,0,0,False,False,True
92443,100,100,True,0,0,0,0,False,False,True
92503,100,100,True,0,0,0,0,False,False,True
92563,100,100,True,0,0,0,0,False,False,True
92623,100,100,True,0,0,0,0,False,False,True
92683,100,100,True,0,0,0,0,False,False,True
92743,100,100,True,0,0,0,0,False,False,True
92803,100,100,True,0,0,0,0,False,False,True
92863,100,100,True,0,0,0,0,False,False,True
92923,100,100,True,0,0,0,0,False,False,True
92983,100,100,True,0,0,0,0,False,False,True
93043,100,100,True,0,0,0,0,False,False,True
93103,100,100,True,0,0,0,0,False,False,True
93163,100,100,True,0,0,0,0,False,False,True
93223,100,100,True,0,0,0,0,False,False,False
93283,100,100,True,0,0,0,0,False,False,False
93343,100,100,True,0,0,1,0,False,False,False
93403,100,100,True,0,0,1,0,False,False,False
93463,100,100,True,0,0,1,0,False,False,False
93523,100,100,True,0,0,1,0,False,False,False
93583,100,100,True,0,0,1,0,True,False,False
93643,100,100,True,0,0,1,0,True,False,False
94963,100,100,True,1,1,1,1,True,False,False
95023,100,100,True,1,1,1,1,True,False,False
95083,100,100,True,1,1,1,1,True,False,False
95143,100,100,True,1,1,1,1,True,False,False
95203,100,100,True,1,1,1,1,True,False,False
95263,100,100,True,1,1,1,1,True,False,False
95323,100,100,True,1,1,1,1,True,False,False
95383,100,100,True,1,1,1,1,True,False,False
95443,100,100,True,1,1,1,1,True,False,False
95503,100,100,True,1,1,1,1,True,False,False
95563,100,100,True,1,1,1,1,True,False,False
95623,100,100,True,1,1,1,1,True,False,False
95683,100,100,True,1,1,1,1,True,False,False
95743,100,100,True,1,1,1,1,True,False,False
102883,100,100,True,1,1,1,0,False,False,False
102943,100,100,True,1,1,0,0,False,False,False
103003,100,100,True,1,1,0,0,False,False,False
103063,100,100,True,0,1,0,0,False,False,False
103123,100,100,True,0,1,0,0,False,False,False
103183,100,100,True,0,1,0,0,False,False,False
103243,100,100,True,0,1,0,0,False,False,False
103303,100,100,True,0,1,0,0,False,False,False
103363,100,100,True,0,1,0,0,False,False,False
103423,100,100,True,0,1,0,0,False,False,False
103483,100,100,True,0,1,0,0,False,False,False
103543,100,100,True,0,1,0,0,False,False,False
103603,100,100,True,0,1,0,0,False,False,False
103663,100,100,True,0,1,0,0,False,False,False
103723,100,100,True,0,1,0,0,False,False,False
103783,100,100,True,0,1,0,0,False,False,False
103843,100,100,True,0,1,0,0,False,False,False
103903,100,100,True,0,1,0,0,False,False,False
103963,100,100,True,0,1,0,0,False,False,False
104023,100,100,True,0,0,0,0,False,False,False
104083,100,100,True,0,0,0,0,False,False,False
104143,100,100,True,0,0,0,0,False,False,False
104203,100,100,True,0,0,0,0,False,False,False
104263,100,100,True,0,0,0,0,False,False,False
104323,100,100,True,0,0,0,0,False,False,False
104383,100,100,True,0,0,0,0,False,False,False
104443,100,100,True,0,0,0,0,False,False,False
104503,100,100,True,0,0,0,0,False,False,False
104563,100,100,True,0,0,0,0,False,False,False
104623,100,100,True,0,0,0,0,False,False,False
104683,100,100,True,0,0,0,0,False,False,False
104743,100,100,True,0,0,0,0,False,False,False
104803,100,100,True,0,0,0,0,False,False,False
104863,100,100,True,0,0,0,0,False,False,False
104923,100,100,True,0,0,0,0,False,False,False
104983,100,100,True,0,0,0,0,False,False,False
105043,100,100,True,0,0,0,0,False,False,False
105103,100,100,True,0,0,0,0,False,False,False
105163,100,100,True,0,0,0,0,False,False,False
105223,100,100,True,0,0,0,0,False,False,False
105283,100,100,True,0,0,0,0,False,False,False
105343,100,100,True,0,0,0,0,False,False,False
105403,100,100,True,0,0,0,0,False,False,False
105463,100,100,True,0,0,0,0,False,False,False
105523,100,100,True,0,0,0,0,False,False,False
105583,100,100,True,0,0,0,0,False,False,False
105643,100,100,True,0,0,0,0,False,False,False
105703,100,100,True,0,0,0,0,False,False,False
105763,100,100,True,0,0,0,0,False,False,False
105823,100,100,True,0,0,0,0,False,False,False
105883,100,100,True,0,0,0,0,False,False,False
105943,100,100,True,0,0,0,0,False,False,False
106003,100,100,True,0,0,0,0,False,False,False
106063,100,100,True,0,0,0,0,False,False,False
106123,100,100,True,0,0,0,0,False,False,False
106183,100,100,True,0,0,0,0,False,False,False
106243,100,100,True,0,0,0,0,False,False,False
106303,100,100,True,0,0,0,0,False,False,False
106363,100,100,True,0,0,0,0,False,False,False
106423,100,100,True,0,0,0,0,False,False,False
106483,100,100,True,0,0,0,0,False,False,False
106543,100,100,True,0,0,0,0,False,False,False
106603,100,100,True,0,0,0,0,False,False,False
106663,100,100,True,0,0,0,0,False,False,False
106723,100,100,True,0,0,0,0,False,False,False
106783,100,100,True,0,0,0,0,False,False,False
108103,100,100,True,1,1,1,1,False,False,False
108163,100,100,True,1,1,1,1,False,False,False
108223,100,100,True,1,1,1,1,False,False,False
108283,100,100,True,1,1,1,1,False,False,False
108343,100,100,True,1,1,1,1,False,False,False
108403,100,100,True,1,1,1,1,False,False,False
108463,100,100,True,1,1,1,1,False,False,False
108523,100,100,True,1,1,1,1,False,False,False
108583,100,100,True,1,1,1,1,False,False,False
108643,100,100,True,1,1,1,1,False,False,False
108703,100,100,True,1,1,1,1,False,False,False
108763,100,100,True,1,1,1,1,False,False,False
108823,100,100,True,1,1,1,1,False,False,False
108883,100,100,True,1,1,1,1,False,False,False
108943,100,100,True,1,1,1,1,False,False,False
109003,100,100,True,1,1,1,1,False,False,False
109063,100,100,True,1,1,1,1,False,False,False
109123,100,100,True,1,1,1,1,False,False,False
109183,100,100,True,1,1,1,1,False,False,False
109243,100,100,True,1,1,1,1,False,False,False
109303,100,100,True,1,1,1,1,False,False,False
109363,100,100,True,0,1,1,1,False,False,False
109423,100,100,True,0,1,1,1,False,False,False
109483,100,100,True,0,1,1,1,False,False,False
109543,100,100,True,0,1,1,1,False,False,False
109603,100,100,True,0,1,1,1,False,False,False
109663,100,100,True,0,1,0,1,False,False,False
109723,100,100,True,0,1,0,1,False,False,False
109783,100,100,True,0,1,0,1,False,False,False
109843,100,100,True,0,1,0,1,False,False,False
109903,100,100,True,0,1,0,1,False,False,False
109963,100,100,True,0,1,0,1,False,False,False
110023,100,100,True,0,1,0,1,False,False,False
110083,100,100,True,0,1,0,1,False,False,False
110143,100,100,True,0,1,0,1,False,False,False
110203,100,100,True,0,1,0,1,False,False,False
110263,100,100,True,0,1,0,1,False,False,False
110323,100,100,True,0,1,0,1,False,False,False
110383,100,100,True,0,1,0,1,False,False,False
110443,100,100,True,0,1,0,1,False,False,False
110503,100,100,True,0,1,0,1,False,False,False
110563,100,100,True,0,1,0,1,False,False,False
110623,100,100,True,0,1,0,1,False,False,False
110683,100,100,True,0,1,0,1,False,False,False
110743,100,100,True,0,1,0,1,False,False,False
110803,100,100,True,0,1,0,1,False,False,False
110863,100,100,True,0,1,0,1,False,False,False
110923,100,100,True,0,1,0,1,False,False,False
110983,100,100,True,0,1,0,1,False,False,False
111043,100,100,True,0,1,0,1,False,False,False
111103,100,100,True,0,1,0,1,False,False,False
111163,100,100,True,0,1,0,1,False,False,False
111223,100,100,True,0,1,0,0,False,False,False
111283,100,100,True,0,1,0,0,False,False,False
111343,100,100,True,0,1,0,0,False,False,False
111403,100,100,True,0,1,0,0,False,False,False
111463,100,100,True,0,1,0,0,False,False,False
111523,100,100,True,0,1,0,0,False,False,False
111583,100,100,True,0,1,0,0,False,False,False
111643,100,100,True,0,1,0,0,False,False,False
111703,100,100,True,0,1,0,0,False,False,False
111763,100,100,True,0,1,0,0,False,False,False
111823,100,100,True,0,1,0,0,False,False,False
111883,100,100,True,0,1,0,0,False,False,False
111943,100,100,True,0,1,0,0,False,False,False
112003,100,100,True,0,1,0,0,False,False,False
116983,100,0,False,1,0,0,0,False,False,False
117043,100,0,False,1,0,0,0,False,False,False
117103,100,0,False,1,0,0,0,False,False,False
117163,100,0,False,1,0,0,0,False,False,False
117223,100,0,False,1,0,0,0,False,False,False
117283,100,0,False,1,0,0,0,False,False,False
117343,100,0,False,1,0,0,0,False,False,False
117403,100,0,False,1,0,0,0,False,False,False
117463,100,0,False,1,0,0,0,False,False,False
117523,100,0,False,1,0,0,0,False,False,False
117583,100,0,False,0,0,0,0,False,False,False
117643,100,0,False,0,0,0,0,False,False,False
117703,100,0,False,0,0,0,0,False,False,False
117763,100,0,False,0,0,0,0,False,False,False
117823,100,0,False,0,0,0,0,False,False,False
117883,100,0,False,0,0,0,0,False,False,False
117943,100,0,False,0,0,0,0,False,False,False
118003,100,0,False,0,0,0,0,False,False,False
118063,100,0,False,0,0,0,0,False,False,False
118123,100,0,False,0,0,0,0,False,False,False
118183,100,0,False,0,0,0,0,False,False,False
118243,100,0,False,0,0,0,0,False,False,False
118303,100,0,False,0,0,0,0,False,False,False
118363,100,0,False,0,0,0,0,False,False,False
118423,100,0,False,0,0,0,0,False,False,False
118483,100,0,False,0,0,0,0,False,False,False
118543,100,0,False,0,0,0,0,False,False,False
118603,100,0,False,0,0,0,0,False,False,False
118663,100,0,False,0,0,0,0,False,False,False
118723,100,0,False,0,0,0,0,False,False,False
118783,100,0,False,0,0,0,0,False,False,False
118843,100,0,False,0,0,0,0,False,False,False
118903,100,0,False,0,0,0,0,False,False,False
118963,100,0,False,0,0,0,0,False,False,False
119023,100,0,False,0,0,0,0,False,False,False
119083,100,0,False,0,0,0,0,False,False,False
119143,100,0,False,0,0,0,0,False,False,False
119203,100,0,False,0,0,0,0,False,False,False
119263,100,0,False,0,0,0,0,False,False,False
119323,100,0,False,0,0,0,0,False,False,False
119383,100,0,False,0,0,0,0,False,False,False
119443,100,0,False,0,0,0,0,False,False,False
119503,100,0,False,0,0,0,0,False,False,False
119563,100,0,False,0,0,0,0,False,False,False
119623,100,0,False,0,0,0,0,False,False,False
119683,100,0,False,0,0,0,0,False,False,False
119743,100,0,False,0,0,0,0,False,False,False
119803,100,0,False,0,0,0,0,False,False,False
119863,100,0,False,0,0,0,0,False,False,False
119923,100,0,False,0,0,0,0,False,False,False
119983,100,0,False,0,0,0,0,False,False,False
120043,100,0,False,0,0,0,0,False,False,False
120103,100,0,False,0,0,0,0,False,False,False
120163,100,0,False,0,0,0,0,False,False,False
120223,100,0,False,0,0,0,0,False,False,False
120283,100,0,False,0,0,0,0,False,False,False
120343,100,0,False,0,0,0,0,False,False,False
120403,100,0,False,0,0,0,0,False,False,False
120463,100,0,False,0,0,0,0,False,False,False
120523,100,0,False,0,0,0,0,False,False,False
120583,100,0,False,0,0,0,0,False,False,False
120643,100,0,False,0,0,0,0,False,False,False
120703,100,0,False,0,0,0,0,False,False,False
120763,100,0,False,0,0,0,0,False,False,False
120823,65,0,False,0,0,0,0,False,False,False
122623,100,100,False,0,0,0,1,False,False,False
122683,100,100,False,0,0,0,0,False,False,False
122743,100,100,False,0,0,0,0,False,False,False
122803,100,100,False,0,0,0,0,False,False,False
122863,100,100,False,0,0,0,0,False,False,False
122923,100,100,False,0,0,0,0,False,False,False
122983,100,100,False,0,0,0,0,False,False,False
123043,100,100,False,0,0,0,0,False,False,False
123103,100,100,False,0,0,0,0,False,False,False
123163,100,100,False,0,0,0,0,False,False,False
123223,100,100,False,0,0,0,0,False,False,False
123283,100,100,False,0,0,0,0,False,False,False
123343,100,100,False,0,0,0,0,False,False,False
123403,100,100,False,0,0,0,0,False,False,False
123463,100,100,False,0,0,0,0,False,False,False
123523,100,100,False,0,0,0,0,False,False,False
123583,100,100,False,0,0,0,0,False,False,False
123643,100,100,False,0,0,0,0,False,False,False
123703,46,94,False,0,0,0,0,False,False,False
123763,26,92,False,0,0,0,0,False,False,False
127003,100,100,True,1,1,0,0,True,False,False
127063,100,100,True,1,1,0,0,True,False,False
127123,100,100,True,0,1,0,0,True,False,False
127183,100,100,True,0,1,0,0,True,False,False
127243,100,100,True,0,1,0,0,True,False,False
127303,100,100,True,0,1,0,0,True,False,False
127363,100,100,True,0,1,0,0,True,False,False
127423,100,100,True,0,1,0,0,True,False,False
127483,100,100,True,0,1,0,0,True,False,False
127543,100,100,True,0,1,0,0,True,False,False
127603,100,100,True,0,1,0,0,True,False,False
127663,100,100,True,0,1,0,0,True,False,False
127723,100,100,True,0,1,0,0,True,False,False
127783,100,100,True,0,1,0,0,True,False,False
127843,100,100,True,0,1,0,0,True,False,False
127903,100,100,True,0,1,0,0,True,False,False
127963,100,100,True,0,1,0,0,True,False,False
128023,100,100,True,0,1,0,0,True,False,False
128083,100,100,True,0,1,0,0,True,False,False
128143,100,100,True,0,1,0,0,True,False,False
128203,100,100,True,0,1,0,0,True,False,False
128263,100,100,True,0,1,0,0,True,False,False
128323,100,100,True,0,1,0,0,True,False,False
128383,100,100,True,0,1,0,0,True,False,False
128443,100,100,True,0,1,0,0,True,False,False
128503,100,100,True,0,1,0,0,True,False,False
128563,100,100,True,0,1,0,0,True,False,False
128623,100,100,True,0,1,0,0,True,False,False
128683,100,100,True,0,1,0,0,True,False,False
128743,100,100,True,0,1,0,0,True,False,False
128803,100,100,True,0,1,0,0,True,False,False
128863,100,100,True,0,1,0,0,True,False,False
128923,100,100,True,0,1,0,0,True,False,False
128983,100,100,True,0,1,0,0,True,False,False
129043,100,100,True,0,1,0,0,True,False,False
129103,100,100,True,0,1,0,0,True,False,False
129163,100,100,True,0,1,0,0,True,False,False
129223,100,100,True,0,1,0,0,True,False,False
129283,100,100,True,0,1,0,0,True,False,False
129343,100,100,True,0,1,0,0,True,False,False
129403,40,93,True,0,1,0,0,True,False,False
129463,40,93,True,0,1,0,0,True,False,False
129523,40,93,True,0,1,0,0,True,False,False
129583,40,93,True,0,1,0,0,True,False,False
129643,40,93,True,0,1,0,0,True,False,False
129703,40,93,True,0,1,0,0,True,False,False
129763,40,93,True,0,1,0,0,True,False,False
129823,40,93,True,0,1,0,0,True,False,False
129883,40,93,True,0,1,0,0,True,False,False
129943,40,93,True,0,1,0,0,True,False,False
130003,40,93,True,0,1,0,0,True,False,False
130063,40,93,True,0,1,0,0,True,False,False
130123,40,93,True,0,1,0,0,True,False,False
130183,40,93,True,0,1,0,0,True,False,False
130243,40,93,True,0,1,0,0,True,False,False
130303,40,93,True,0,1,0,0,True,False,False
130363,40,93,True,0,1,0,0,True,False,False
130423,40,93,True,0,1,0,0,True,False,False
130483,40,93,True,0,1,0,0,True,False,False
130543,40,93,True,0,1,0,0,True,False,False
130603,40,93,True,0,1,0,0,True,False,False
130663,40,93,True,0,1,0,0,True,False,False
130723,40,93,True,0,1,0,0,True,False,False
130783,40,93,True,0,1,0,0,True,False,False
130843,40,93,True,0,1,0,0,True,False,False
130903,40,93,True,0,0,0,0,True,False,False
130963,40,93,True,0,0,0,0,True,False,False
131023,40,93,True,0,0,0,0,True,False,False
131083,40,93,True,0,0,0,0,True,False,False
131143,40,93,True,0,0,0,0,True,False,False
131203,40,93,True,0,0,0,0,True,False,False
131263,40,93,True,0,0,0,0,True,False,False
131323,40,93,True,0,0,0,0,True,False,False
131383,40,93,True,0,0,0,0,True,False,False
131443,40,93,True,0,0,0,0,True,False,False
131503,40,93,True,0,0,0,0,True,False,False
131563,40,93,True,0,0,0,0,True,False,False
131623,40,93,True,0,0,0,0,True,False,False
131683,40,93,True,0,0,0,0,True,False,False
131743,40,93,True,0,0,0,0,True,False,False
131803,40,93,True,0,0,0,0,True,False,False
131863,40,93,True,0,0,0,0,True,False,False
131923,40,93,True,0,0,0,0,True,False,False
131983,40,93,True,0,0,0,0,True,False,False
132043,40,93,True,0,0,0,0,True,False,False
132103,40,93,True,0,0,0,0,True,False,False
132163,40,93,True,0,0,0,0,True,False,False
132223,40,93,True,0,0,0,0,True,False,False
132283,40,93,True,0,0,0,0,True,False,False
132343,40,93,True,0,0,0,0,True,False,False
132403,40,93,True,0,0,0,0,True,False,False
132463,40,93,True,0,0,0,0,True,False,False
132523,40,93,True,0,0,0,0,True,False,True
132583,40,93,True,0,0,0,0,True,False,True
132643,40,93,True,0,0,0,0,True,False,True
132703,40,93,True,0,0,0,0,True,False,True
132763,40,93,True,0,0,0,0,True,False,True
132823,40,93,True,0,0,1,0,True,False,True
132883,40,93,True,0,0,1,0,True,False,True
134683,100,100,True,1,1,0,0,False,False,False
134743,100,100,True,1,1,0,0,False,False,False
134803,100,100,True,1,1,0,0,False,False,False
134863,100,100,True,1,1,0,0,False,False,False
134923,100,100,True,1,1,0,0,False,False,False
134983,100,100,True,1,1,0,0,False,False,False
135043,100,100,True,1,1,0,0,False,False,False
135103,100,100,True,1,1,0,0,False,False,False
135163,100,100,True,1,1,0,0,False,False,False
135223,100,100,True,1,1,0,0,False,False,False
135283,100,100,True,1,1,0,0,False,False,False
135343,100,100,True,1,1,0,0,False,False,False
135403,100,100,True,1,1,0,0,False,False,False
135463,100,100,True,1,1,0,0,False,False,False
135523,100,100,True,1,1,0,0,False,False,False
135583,100,100,True,1,1,0,0,False,False,False
135643,100,100,True,1,1,0,0,False,False,False
135703,100,100,True,1,1,0,0,False,False,False
135763,100,100,True,1,1,0,0,False,False,False
135823,100,100,True,1,1,0,0,False,False,False
135883,100,100,True,1,1,0,0,False,False,False
135943,100,100,True,1,1,0,0,False,False,False
136003,100,100,True,1,1,0,0,False,False,False
136063,100,100,True,1,1,0,1,False,False,False
136123,100,100,True,1,1,0,1,False,False,False
136183,100,100,True,1,1,0,1,False,False,False
136243,100,100,True,1,1,0,1,False,False,False
136303,100,100,True,1,0,0,1,False,False,False
136363,100,100,True,1,0,0,1,False,False,False
136423,100,100,True,1,0,0,1,False,False,False
136483,100,100,True,1,0,0,1,False,False,False
136543,100,100,True,1,0,0,1,False,False,False
136603,100,100,True,1,0,0,1,False,False,False
136663,100,100,True,1,0,0,1,False,False,False
136723,100,100,True,1,0,0,1,False,False,False
136783,100,100,True,1,0,0,1,False,False,False
136843,100,100,True,1,0,0,1,False,False,False
136903,100,100,True,1,0,0,1,False,False,False
136963,100,100,True,1,0,0,1,False,False,False
137023,100,100,True,1,0,0,1,False,False,False
137083,100,100,True,1,0,0,1,False,False,False
138463,100,100,True,1,0,1,1,True,False,False
138523,100,100,True,1,0,1,1,True,False,False
138583,100,100,True,0,0,1,1,True,False,False
138643,100,100,True,0,0,1,1,True,False,False
138703,100,100,True,0,0,1,1,True,False,False
138763,100,100,True,0,0,1,1,True,False,False
138823,100,100,True,0,0,1,1,True,False,False
138883,100,100,True,0,0,1,1,True,False,False
138943,100,100,True,0,0,1,1,True,False,False
139003,100,100,True,0,0,1,1,True,False,False
139063,100,100,True,0,0,1,1,True,False,False
139123,100,100,True,0,0,1,1,True,False,False
139183,100,100,True,0,0,1,1,True,False,False
139243,100,100,True,0,0,1,1,True,False,False
139303,100,100,True,0,0,1,1,True,False,False
139363,100,100,True,0,0,1,0,True,False,False
139423,100,100,True,0,0,1,0,True,False,False
139483,100,100,True,0,0,1,0,True,False,False
139543,100,100,True,0,0,1,0,True,False,False
139603,100,100,True,0,0,1,0,True,False,False
139663,100,100,True,0,0,0,0,True,False,False
139723,100,100,True,0,0,0,0,True,False,False
139783,100,100,True,0,0,0,0,True,False,False
139843,100,100,True,0,0,0,0,True,False,False
139903,100,100,True,0,0,0,0,True,False,False
139963,100,100,True,0,0,0,0,True,False,False
140023,100,100,True,0,0,0,0,True,False,False
140083,100,100,True,0,0,0,0,True,False,False
140143,100,100,True,0,0,0,0,True,False,False
140203,100,100,True,0,0,0,0,True,False,False
140263,100,100,True,0,0,0,0,True,False,False
140323,100,100,True,0,0,0,0,True,False,False
140383,100,100,True,0,0,0,0,True,False,False
140443,100,100,True,0,0,0,0,True,False,False
140503,100,100,True,0,0,0,0,True,False,False
140563,100,100,True,0,0,0,0,True,False,False
140623,100,100,True,0,0,0,0,True,False,False
140683,100,100,True,0,0,0,0,True,False,False
140743,100,100,True,0,0,0,0,True,False,False
140803,100,100,True,0,0,0,0,True,False,False
140863,100,100,True,0,0,0,0,True,False,False
140923,100,100,True,0,0,0,0,True,False,True
140983,100,100,True,0,0,0,0,True,False,True
141043,100,100,True,0,0,0,0,True,False,True
141103,100,100,True,0,0,0,0,True,False,True
141163,100,100,True,0,0,0,0,True,False,True
141223,100,100,True,0,1,0,0,True,False,True
141283,100,100,True,0,1,0,0,True,False,True
141343,100,100,True,0,1,0,0,True,False,True
141403,100,100,True,0,1,0,0,True,False,True
141463,100,100,True,0,1,0,0,True,False,True
141523,100,100,True,0,1,0,0,True,False,True
141583,100,100,True,0,1,0,0,True,False,True
141643,100,100,True,0,1,0,0,True,False,True
141703,100,100,True,0,1,0,0,True,False,True
141763,100,100,True,0,1,0,0,True,False,True
141823,100,100,True,0,0,0,0,True,False,True
141883,100,100,True,0,0,0,0,True,False,True
141943,100,100,True,0,0,0,0,True,False,True
142003,100,100,True,0,0,0,0,True,False,True
142063,100,100,True,0,0,0,0,True,False,True
142123,100,100,True,0,0,0,0,True,False,True
142183,100,100,True,0,0,0,0,True,False,True
142243,100,100,True,0,0,0,0,True,False,True
142303,100,100,True,0,0,0,0,True,False,True
142363,100,100,True,0,0,0,0,True,False,True
142423,100,100,True,0,0,0,0,True,False,True
142483,100,100,True,0,0,0,0,True,False,True
142543,100,100,True,0,0,0,0,True,False,True
142603,100,100,True,0,0,0,0,True,False,True
142663,100,100,True,0,0,0,0,True,False,True
142723,100,100,True,0,0,0,0,True,False,True
142783,100,100,True,0,0,0,0,True,False,True
142843,100,100,True,0,0,0,0,True,False,True
142903,100,100,True,0,0,0,0,True,False,True
142963,100,100,True,0,0,0,0,True,False,True
143023,100,100,True,0,0,0,0,True,False,False
143083,100,100,True,0,0,0,0,True,False,False
143143,100,100,True,0,0,0,0,True,False,False
143203,100,100,True,0,0,0,0,True,False,False
143263,100,100,True,0,0,0,0,True,False,False
143323,100,100,True,0,0,0,0,True,False,False
143383,100,100,True,0,0,0,0,True,False,False
143443,100,100,True,0,0,0,0,True,False,False
144763,100,100,True,1,1,1,1,True,False,False
144823,100,100,True,1,1,1,1,True,False,False
144883,100,100,True,1,1,1,1,True,False,False
144943,100,100,True,1,1,1,1,True,False,False
145003,100,100,True,1,1,1,1,True,False,False
145063,100,100,True,1,1,1,1,True,False,False
145123,100,100,True,1,1,1,1,True,False,False
145183,100,100,True,1,1,1,1,True,False,False
145243,100,100,True,1,1,1,1,True,False,False
145303,100,100,True,1,1,1,1,True,False,False
145363,100,100,True,1,1,1,1,True,False,False
145423,100,100,True,1,1,1,1,True,False,False
145483,100,100,True,1,1,1,1,True,False,False
145543,100,100,True,1,1,1,1,True,False,False
145603,100,100,True,1,1,1,1,True,False,False
145663,100,100,True,1,1,1,1,True,False,False
145723,100,100,True,1,1,1,1,True,False,False
145783,100,100,True,1,1,1,1,True,False,False
145843,100,100,True,1,1,1,1,True,False,False
145903,100,100,True,1,1,1,1,True,False,False
145963,100,100,True,1,1,1,1,True,False,False
146023,100,100,True,1,1,1,1,True,False,False
146083,100,100,True,1,1,1,1,True,False,False
146143,100,100,True,1,1,1,1,True,False,False
146203,100,100,True,1,1,1,1,True,False,False
146263,100,100,True,1,1,1,1,True,False,False
146323,100,100,True,1,1,1,1,True,False,False
146383,100,100,True,1,1,1,1,True,False,False
146443,100,100,True,1,1,1,1,True,False,False
146503,100,100,True,1,1,1,1,True,False,False
146563,100,100,True,1,1,1,1,True,False,False
146623,100,100,True,1,1,1,1,True,False,False
146683,100,100,True,1,1,1,1,True,False,False
146743,100,100,True,1,1,1,1,True,False,False
146803,100,100,True,1,1,1,1,True,False,False
146863,100,100,True,1,1,1,1,True,False,False
146923,100,100,True,1,1,1,1,True,False,False
146983,100,100,True,1,1,1,1,True,False,False
147043,100,100,True,1,1,1,1,True,False,False
147103,100,100,True,1,1,1,1,True,False,False
147163,100,100,True,1,1,1,1,True,False,False
147223,100,100,True,1,1,1,1,True,False,False
147283,100,100,True,1,1,1,1,True,False,False
147343,100,100,True,1,1,1,1,True,False,False
147403,100,100,True,1,1,1,1,True,False,False
147463,100,100,True,1,1,1,1,True,False,False
147523,100,100,True,1,1,1,1,True,False,False
147583,100,100,True,1,1,1,1,True,False,False
147643,100,100,True,1,1,1,1,True,False,False
147703,100,100,True,1,1,1,1,True,False,False
149083,100,100,True,1,1,1,1,True,False,False
149143,100,100,True,1,1,1,1,True,False,False
149203,100,100,True,1,1,1,1,True,False,False
149263,100,100,True,1,1,1,1,True,False,False
149323,100,100,True,1,1,1,1,True,False,False
149383,100,100,True,1,1,1,1,True,False,False
149443,100,100,True,1,1,1,1,True,False,False
149503,100,100,True,1,1,1,1,True,False,False
149563,100,100,True,1,1,1,0,True,False,False
149623,100,100,True,1,0,1,0,True,False,False
149683,100,100,True,1,0,1,0,True,False,False
149743,100,100,True,0,0,1,0,True,False,False
149803,100,100,True,0,0,0,0,True,False,False
149863,100,100,True,0,0,0,0,True,False,False
149923,100,100,True,0,0,0,0,True,False,False
149983,100,100,True,0,0,0,0,True,False,False
150043,100,100,True,0,0,0,0,True,False,False
150103,100,100,True,0,0,0,0,True,False,False
150163,100,100,True,0,0,0,0,True,False,False
150223,100,100,True,0,1,0,0,True,False,False
150283,100,100,True,0,1,0,0,True,False,False
150343,100,100,True,0,1,0,0,True,False,False
150403,100,100,True,0,1,0,0,True,False,False
150463,100,100,True,0,1,0,0,True,False,False
150523,100,100,True,0,1,0,0,True,False,False
150583,100,100,True,0,1,0,0,True,False,False
150643,100,100,True,0,1,0,0,True,False,False
150703,100,100,True,0,1,0,0,True,False,False
150763,100,100,True,0,1,0,0,True,False,False
150823,100,100,True,0,1,0,0,True,False,False
150883,100,100,True,0,1,0,0,True,False,False
150943,100,100,True,0,1,0,0,True,False,False
151003,100,100,True,0,1,0,0,True,False,False
151063,100,100,True,0,1,0,0,True,False,False
151123,100,100,True,0,1,0,0,True,False,False
151183,100,100,True,0,1,0,0,True,False,False
151243,100,100,True,0,1,0,0,True,False,False
151303,100,100,True,0,1,0,0,True,False,False
151363,100,100,True,0,1,0,0,True,False,False
156343,100,100,False,1,1,1,1,True,False,False
156403,100,100,False,1,1,1,1,True,False,False
156463,100,100,False,1,1,1,1,True,False,False
156523,100,100,False,1,1,1,1,True,False,False
156583,100,100,False,1,1,1,1,True,False,False
156643,100,100,False,1,1,1,1,True,False,False
156703,100,100,False,1,1,1,1,True,False,False
156763,100,100,False,1,1,1,1,True,False,False
156823,100,100,False,1,1,1,1,True,False,False
156883,100,100,False,1,1,1,1,True,False,False
156943,100,100,False,1,1,1,1,True,False,False
157003,100,100,False,1,1,1,1,True,False,False
157063,100,100,False,1,1,1,1,True,False,False
157123,100,100,False,1,1,1,1,True,False,False
157183,100,100,False,1,1,1,1,True,False,False
157243,100,100,False,1,1,1,1,True,False,False
157303,100,100,False,1,1,1,1,True,False,False
157363,100,100,False,1,1,1,1,True,False,False
157423,100,100,False,1,1,1,1,True,False,False
157483,100,100,False,1,1,1,1,True,False,False
157543,100,100,False,1,1,1,1,True,False,False
157603,100,100,False,1,1,1,1,True,False,False
157663,100,100,False,1,1,1,1,True,False,False
157723,100,100,False,1,1,1,1,True,False,False
157783,100,100,False,0,1,1,1,True,False,False
157843,100,100,False,0,1,1,1,True,False,False
157903,100,100,False,0,1,1,1,True,False,False
157963,100,100,False,0,1,1,1,True,False,False
158023,100,100,False,0,1,1,1,True,False,False
158083,100,100,False,0,1,1,1,True,False,False
158143,100,100,False,0,1,1,1,True,False,False
158203,100,100,False,0,1,1,1,True,False,False
158263,100,100,False,0,1,1,1,True,False,False
158323,100,100,False,0,1,1,1,True,False,False
158383,100,100,False,0,1,1,1,True,False,False
158443,100,100,False,0,1,1,1,True,False,False
158503,100,100,False,0,1,1,1,True,False,False
158563,100,100,False,0,1,1,1,True,False,False
158623,100,100,False,0,1,1,1,True,False,False
158683,100,100,False,0,1,1,1,True,False,False
158743,100,100,False,0,1,1,1,True,False,False
158803,100,100,False,0,1,1,1,True,False,False
158863,100,100,False,0,1,1,1,True,False,False
158923,100,100,False,0,1,1,1,True,False,False
158983,100,100,False,0,1,1,1,True,False,False
159043,100,100,False,0,1,0,1,True,False,False
159103,100,100,False,0,1,0,1,True,False,False
159163,100,100,False,0,1,0,1,True,False,False
159223,100,100,False,0,1,0,1,True,False,False
159283,100,100,False,0,1,0,1,True,False,False
159343,100,100,False,0,1,0,1,True,False,False
159403,100,100,False,0,1,0,1,True,False,False
159463,100,100,False,0,1,0,1,True,False,False
159523,100,100,False,0,1,0,1,True,False,False
159583,100,100,False,0,1,0,1,True,False,False
159643,100,100,False,0,1,0,1,True,False,False
159703,100,100,False,0,1,0,1,True,False,False
159763,100,100,False,0,1,0,1,True,False,False
159823,100,100,False,0,1,0,1,True,False,False
159883,100,100,False,0,1,0,1,True,False,False
159943,100,100,False,0,1,0,1,True,False,False
160003,100,100,False,0,1,0,1,True,False,False
160063,100,100,False,0,1,0,1,True,False,False
160123,100,100,False,0,1,0,1,True,False,False
160183,100,100,False,0,1,0,1,True,False,False
160243,100,100,False,0,1,0,1,True,False,False
160303,100,100,False,0,1,0,1,True,False,False
160363,100,100,False,0,1,0,1,True,False,False
161683,100,100,False,1,1,1,1,True,False,False
161743,100,100,False,0,1,1,1,True,False,False
161803,100,100,False,0,1,1,1,True,False,False
161863,100,100,False,0,1,0,1,True,False,False
161923,100,100,False,0,1,1,1,True,False,False
161983,100,100,False,0,1,0,1,True,False,False
162043,100,100,False,0,1,0,1,True,False,False
162103,100,100,False,0,1,0,1,True,False,False
162163,100,100,False,0,1,0,0,True,False,False
162223,100,100,False,0,1,0,0,True,False,False
162283,100,100,False,0,1,0,0,True,False,False
162343,100,100,False,0,1,0,0,True,False,False
162403,100,100,False,0,1,0,0,True,False,False
162463,100,100,False,0,1,0,0,True,False,False
162523,100,100,False,0,1,0,0,True,False,False
162583,100,100,False,0,1,0,0,True,False,False
162643,100,100,False,0,1,0,0,True,False,False
162703,100,100,False,0,1,0,0,True,False,False
162763,100,100,False,0,1,0,0,True,False,False
162823,100,100,False,0,1,0,0,True,False,False
162883,100,100,False,0,1,0,0,True,False,False
162943,100,100,False,0,1,0,0,True,False,False
163003,100,100,False,0,1,0,0,True,False,False
163063,100,100,False,0,1,0,0,True,False,False
163123,100,100,False,0,1,0,0,True,False,False
163183,100,100,False,0,1,0,0,True,False,False
163243,100,100,False,0,1,0,0,True,False,False
163303,100,100,False,0,1,0,0,True,False,False
163363,100,100,False,0,1,0,0,True,False,False
163423,100,100,False,0,1,0,0,True,False,False
163483,100,100,False,0,1,0,0,True,False,False
163543,100,100,False,0,1,0,0,True,False,False
163603,100,100,False,0,1,0,0,True,False,False
163663,100,100,False,0,1,0,0,True,False,False
163723,100,100,False,0,1,0,0,True,False,False
163783,100,100,False,0,1,0,0,True,False,False
163843,100,100,False,0,1,0,0,True,False,False
163903,100,100,False,0,1,0,0,True,False,False
163963,100,100,False,0,1,0,0,True,False,False
164023,100,100,False,0,1,0,0,True,False,False
164083,100,100,False,0,1,0,0,True,False,False
164143,100,100,False,0,1,0,0,True,False,False
164203,100,100,False,0,1,0,0,True,False,False
164263,100,100,False,0,1,0,0,True,False,False
164323,100,100,False,0,1,0,0,True,False,False
164383,100,100,False,0,1,0,0,True,False,False
164443,100,100,False,0,1,0,0,True,False,False
164503,100,100,False,0,1,0,0,True,False,False
164563,100,100,False,0,1,0,0,True,False,False
164623,100,100,False,0,1,0,0,True,False,False
164683,100,100,False,0,1,0,0,True,False,False
164743,100,100,False,0,1,0,0,True,False,False
164803,100,100,False,0,1,0,0,True,False,False
164863,100,100,False,0,1,0,0,True,False,False
164923,100,100,False,0,1,0,0,True,False,False
164983,100,100,False,0,1,0,0,True,False,False
165043,100,100,False,0,1,0,0,True,False,False
165103,100,100,False,0,1,0,0,True,False,False
165163,100,100,False,0,1,0,0,True,False,False
165223,100,100,False,0,1,0,0,True,False,False
165283,100,100,False,0,1,0,0,True,False,True
165343,100,100,False,0,1,0,0,True,False,True
165403,100,100,False,0,1,0,0,True,False,True
165463,100,100,False,0,1,0,0,True,False,True
165523,100,100,False,0,1,0,0,True,False,True
165583,100,100,False,0,1,0,0,True,False,True
165643,100,100,False,0,1,0,0,True,False,True
165703,100,100,False,0,1,0,0,True,False,True
165763,100,100,False,0,1,0,0,True,False,True
165823,100,100,False,0,1,0,0,True,False,True
165883,100,100,False,0,1,0,0,True,False,True
165943,100,100,False,0,1,0,0,True,False,True
166003,100,100,False,0,1,0,0,True,False,True
166063,100,100,False,0,1,0,0,True,False,True
166123,100,100,False,0,1,0,0,True,False,True
166183,100,100,False,0,1,0,0,True,False,True
166243,100,100,False,0,1,0,0,True,False,True
166303,100,100,False,0,1,0,0,True,False,True
166363,100,100,False,0,1,0,0,True,False,True
166423,100,100,False,0,1,0,0,True,False,True
166483,100,100,False,0,1,0,0,True,False,True
166543,100,100,False,0,1,1,0,True,False,True
166603,100,100,False,0,1,1,0,True,False,True
166663,100,100,False,0,1,1,0,True,False,True
166723,100,100,False,0,1,1,0,True,False,True
166783,100,100,False,0,1,1,0,True,False,True
166843,100,100,False,0,1,0,0,True,False,True
166903,100,100,False,0,1,0,0,True,False,True
166963,100,100,False,0,1,0,0,True,False,True
167023,100,100,False,0,1,0,0,True,False,True
167083,100,100,False,0,1,0,0,True,False,True
167143,100,100,False,0,1,0,0,True,False,True
167203,100,100,False,0,1,0,0,True,False,True
167263,100,100,False,0,1,0,0,True,False,True
167323,100,100,False,0,1,0,0,True,False,True
167383,100,100,False,0,1,0,0,True,False,True
167443,100,100,False,0,1,0,0,True,False,True
167503,100,100,False,0,1,0,0,True,False,True
171823,100,100,True,1,1,1,1,True,False,False
171883,100,100,True,1,1,1,1,True,False,False
171943,100,100,True,1,1,1,1,True,False,False
172003,100,100,True,1,1,1,1,True,False,False
172063,100,100,True,1,1,1,1,True,False,False
172123,100,100,True,1,1,1,1,True,False,False
172183,100,100,True,1,1,1,1,True,False,False
172243,100,100,True,1,1,1,1,True,False,False
172303,100,100,True,1,1,1,1,True,False,False
172363,100,100,True,1,1,1,1,True,False,False
172423,100,100,True,1,1,1,1,True,False,False
172483,100,100,True,1,1,1,1,True,False,False
172543,100,100,True,1,1,1,1,True,False,False
172603,100,100,True,1,1,1,1,True,False,False
172663,100,100,True,1,1,1,1,True,False,False
172723,100,100,True,1,1,1,1,True,False,False
172783,100,100,True,1,1,1,1,True,False,False
172843,100,100,True,1,1,1,1,True,False,False
172903,100,100,True,1,1,1,1,True,False,False
172963,100,100,True,1,1,1,1,True,False,False
173023,100,100,True,1,1,1,1,True,False,False
173083,100,100,True,1,1,1,1,True,False,False
173143,100,100,True,1,1,1,1,True,False,False
173203,100,100,True,1,1,1,1,True,False,False
173263,100,100,True,1,1,1,1,True,False,False
173323,100,100,True,1,1,1,1,True,False,False
173383,100,100,True,1,1,1,1,True,False,False
173443,100,100,True,1,1,1,1,True,False,False
173503,100,100,True,1,1,1,1,True,False,False
173563,100,100,True,1,1,1,1,True,False,False
173623,100,100,True,1,1,0,1,True,False,False
173683,100,100,True,1,1,0,1,True,False,False
173743,100,100,True,1,1,0,1,True,False,False
173803,100,100,True,1,1,0,1,True,False,False
173863,100,100,True,1,1,0,1,True,False,False
173923,100,100,True,1,1,0,1,True,False,False
173983,100,100,True,1,1,0,1,True,False,False
174043,100,100,True,1,1,0,1,True,False,False
174103,100,100,True,1,1,0,1,True,False,False
174163,100,100,True,1,1,0,1,True,False,False
174223,100,100,True,1,1,0,1,True,False,False
174283,100,100,True,1,1,0,1,True,False,False
174343,100,100,True,1,1,0,1,True,False,False
174403,100,100,True,1,1,0,1,True,False,False
174463,100,100,True,1,1,0,1,True,False,False
174523,100,100,True,1,1,0,1,True,False,False
174583,100,100,True,1,1,0,1,True,False,False
174643,100,100,True,1,1,0,1,True,False,False
174703,100,100,True,1,1,0,1,True,False,False
174763,100,100,True,1,1,0,1,True,False,False
174823,100,100,True,1,1,0,1,True,False,False
174883,100,100,True,1,1,0,1,True,False,False
174943,100,100,True,1,1,0,1,True,False,False
175003,100,100,True,1,1,0,1,True,False,False
175063,100,100,True,1,1,0,1,True,False,False
175123,100,100,True,1,1,0,1,True,False,False
175183,100,100,True,1,1,0,1,True,False,False
175243,100,100,True,1,1,0,1,True,False,False
175303,100,100,True,1,1,0,1,True,False,False
175363,100,100,True,1,1,0,1,True,False,False
175423,100,100,True,1,1,0,1,True,False,False
175483,100,100,True,1,1,0,1,True,False,False
175543,100,100,True,1,1,0,1,True,False,False
175603,100,100,True,1,1,0,1,True,False,False
175663,100,100,True,1,1,0,1,True,False,False
175723,100,100,True,1,1,0,1,True,False,False
175783,100,100,True,1,1,0,1,True,False,False
175843,100,100,True,1,1,0,1,True,False,False
175903,100,100,True,1,1,0,1,True,False,False
175963,100,100,True,1,0,0,1,True,False,False
176023,100,100,True,1,0,0,1,True,False,False
176083,100,100,True,1,0,0,1,True,False,False
176143,100,100,True,1,0,0,1,True,False,False
176203,100,100,True,1,0,0,0,True,False,False
176263,100,100,True,1,0,0,0,True,False,False
176323,100,100,True,1,0,0,0,True,False,False
176383,100,100,True,1,0,0,0,True,False,False
176443,100,100,True,1,0,0,0,True,False,False
176503,100,100,True,1,0,0,0,True,False,False
176563,100,100,True,0,0,0,0,True,False,False
176623,100,100,True,0,0,0,0,True,False,False
176683,100,100,True,0,0,0,0,True,False,False
176743,100,100,True,0,0,0,0,True,False,False
176803,100,100,True,0,0,0,0,True,False,False
176863,100,100,True,0,0,0,0,True,False,False
176923,100,100,True,0,0,0,0,True,False,False
176983,100,100,True,0,0,0,0,True,False,False
177043,100,100,True,0,0,0,0,True,False,False
177103,100,100,True,0,0,0,0,True,False,False
177163,100,100,True,0,0,0,0,True,False,False
177223,100,100,True,0,0,0,0,True,False,False
177283,100,100,True,0,0,0,0,True,False,False
177343,100,100,True,0,0,0,0,True,False,False
177403,100,100,True,0,0,0,0,True,False,False
177463,100,100,True,0,0,0,0,True,False,False
177523,100,100,True,0,0,0,0,True,False,False
177583,100,100,True,0,0,0,0,True,False,False
177643,100,100,True,0,0,0,0,True,False,False
177703,100,100,True,0,0,0,0,True,False,False
177763,100,100,True,0,0,0,0,True,False,False
177823,100,100,True,0,0,0,0,True,False,False
177883,100,100,True,0,0,0,0,True,False,False
177943,46,94,True,0,0,0,0,True,False,False
181423,100,100,True,1,1,0,1,False,False,False
181483,100,100,True,1,1,0,1,False,False,False
181543,100,100,True,1,1,0,1,False,False,False
181603,100,100,True,1,1,0,1,False,False,False
181663,100,100,True,1,1,0,1,False,False,False
181723,100,100,True,1,1,0,1,False,False,False
181783,100,100,True,1,1,0,1,False,False,False
181843,100,100,True,1,1,0,1,False,False,False
181903,100,100,True,1,1,0,1,False,False,False
181963,100,100,True,1,1,0,1,False,False,False
182023,100,100,True,1,1,0,1,False,False,False
182083,100,100,True,1,1,0,1,False,False,False
182143,100,100,True,1,1,0,1,False,False,False
182203,100,100,True,1,1,0,1,False,False,False
182263,100,100,True,1,1,0,1,False,False,False
182323,100,100,True,1,1,0,1,False,False,False
182383,100,100,True,1,1,0,1,False,False,False
182443,100,100,True,1,1,0,1,False,False,False
182503,100,100,True,1,1,0,1,False,False,False
182563,100,100,True,1,1,0,1,False,False,False
182623,100,100,True,1,1,0,1,False,False,False
182683,100,100,True,1,1,0,1,False,False,False
182743,100,100,True,1,1,0,1,False,False,False
182803,100,100,True,1,1,0,1,False,False,False
182863,100,100,True,1,1,0,1,False,False,False
182923,100,100,True,1,1,0,1,False,False,False
182983,100,100,True,1,1,0,1,False,False,False
183043,100,100,True,1,1,0,1,False,False,False
183103,100,100,True,1,1,0,1,False,False,False
183163,100,100,True,1,1,0,1,False,False,False
183223,100,100,True,1,1,0,1,False,False,False
183283,100,100,True,1,1,0,1,False,False,False
183343,100,100,True,1,1,0,1,False,False,False
183403,100,100,True,1,1,0,1,False,False,False
183463,100,100,True,1,1,0,1,False,False,False
183523,100,100,True,1,1,0,1,False,False,False
183583,100,100,True,1,1,0,1,False,False,False
183643,100,100,True,1,1,0,1,False,False,False
183703,100,100,True,0,1,0,1,False,False,True
183763,100,100,True,0,1,0,1,False,False,True
183823,100,100,True,0,1,0,1,False,False,True
183883,100,100,True,0,1,0,1,False,False,True
183943,100,100,True,0,1,0,1,False,False,True
184003,100,100,True,0,1,0,1,False,False,True
184063,100,100,True,0,1,0,1,False,False,True
184123,100,100,True,0,1,0,1,False,False,True
184183,100,100,True,0,1,0,1,False,False,True
184243,100,100,True,0,1,0,1,False,False,True
184303,100,100,True,0,1,0,1,False,False,True
184363,100,100,True,0,1,0,1,False,False,True
184423,100,100,True,0,1,0,1,False,False,True
184483,100,100,True,0,1,0,1,False,False,True
184543,100,100,True,0,1,0,1,False,False,True
184603,100,100,True,0,1,0,1,False,False,True
184663,100,100,True,0,1,0,1,False,False,True
184723,100,100,True,0,1,0,1,False,False,True
184783,100,100,True,0,1,0,1,False,False,True
184843,100,100,True,0,1,0,1,False,False,True
184903,100,100,True,0,1,0,1,False,False,True
184963,100,100,True,0,1,0,1,False,False,True
185023,100,100,True,0,1,0,1,False,False,True
186343,100,100,True,1,1,0,1,False,False,False
186403,100,100,True,0,1,1,1,False,False,False
186463,100,100,True,0,1,1,1,False,False,False
186523,100,100,True,0,1,1,1,False,False,False
186583,100,100,True,0,1,1,1,False,False,False
186643,100,100,True,0,1,1,1,False,False,False
186703,100,100,True,0,1,1,1,False,False,False
186763,100,100,True,0,1,1,1,False,False,False
186823,100,100,True,0,1,1,1,False,False,False
186883,100,100,True,0,1,1,1,False,False,False
186943,100,100,True,0,1,1,1,False,False,False
187003,100,100,True,0,1,1,1,False,False,False
187063,100,100,True,0,1,1,1,False,False,False
187123,100,100,True,0,1,1,1,False,False,False
187183,100,100,True,0,1,1,1,False,False,False
187243,100,100,True,0,0,1,1,False,False,False
187303,100,100,True,0,0,1,1,False,False,False
193483,100,100,True,1,1,0,1,False,False,False
193543,100,100,True,1,1,0,1,False,False,False
193603,100,100,True,1,1,0,1,False,False,False
193663,100,100,True,1,1,0,1,False,False,False
193723,100,100,True,1,1,0,1,False,False,False
193783,100,100,True,1,1,0,1,False,False,False
193843,100,100,True,1,1,0,1,False,False,False
193903,100,100,True,1,1,0,1,False,False,False
193963,100,100,True,1,1,0,1,False,False,False
194023,100,100,True,1,1,0,1,False,False,False
194083,100,100,True,1,1,0,1,False,False,False
194143,100,100,True,1,1,0,1,False,False,False
194203,100,100,True,1,1,0,1,False,False,False
194263,100,100,True,1,1,0,1,False,False,False
194323,100,100,True,1,1,0,1,False,False,False
194383,100,100,True,1,1,0,1,False,False,False
194443,100,100,True,1,1,0,1,False,False,False
194503,100,100,True,1,1,0,1,False,False,False
194563,100,100,True,1,1,0,1,False,False,False
194623,100,100,True,1,1,0,1,False,False,False
194683,100,100,True,1,1,0,1,False,False,False
194743,100,100,True,1,1,0,1,False,False,False
194803,100,100,True,1,1,0,1,False,False,False
194863,100,100,True,1,1,0,1,False,False,False
194923,100,100,True,1,1,0,1,False,False,False
194983,100,100,True,1,1,0,1,False,False,False
195043,100,100,True,1,1,0,1,False,False,False
195103,100,100,True,1,1,0,1,False,False,False
195163,100,100,True,1,1,0,1,False,False,False
195223,100,100,True,0,1,0,1,False,False,False
195283,100,100,True,0,1,0,1,False,False,False
195343,100,100,True,0,1,0,1,False,False,False
195403,100,100,True,0,1,0,1,False,False,False
195463,100,100,True,0,1,0,1,False,False,False
195523,100,100,True,0,1,0,1,False,False,False
195583,100,100,True,0,1,0,1,False,False,False
195643,100,100,True,0,1,0,1,False,False,False
195703,100,100,True,0,1,0,1,False,False,False
195763,100,100,True,0,1,0,1,False,False,False
195823,100,100,True,0,1,0,0,False,False,False
195883,100,100,True,0,1,0,0,False,False,False
195943,100,100,True,0,1,0,0,False,False,False
196003,100,100,True,0,1,0,0,False,False,False
196063,100,100,True,0,1,0,0,False,False,False
196123,100,100,True,0,1,0,0,False,False,False
196183,100,100,True,0,1,0,0,False,False,False
196243,100,100,True,0,1,0,0,False,False,False
196303,100,100,True,0,1,0,0,False,False,False
196363,100,100,True,0,1,0,0,False,False,False
196423,100,100,True,0,1,0,0,False,False,False
196483,100,100,True,0,1,0,0,False,False,False
196543,100,100,True,0,1,0,0,False,False,False
196603,100,100,True,0,1,0,0,False,False,False
196663,100,100,True,0,1,0,0,False,False,False
196723,100,100,True,0,1,0,0,False,False,False
196783,100,100,True,0,1,0,0,False,False,False
196843,100,100,True,0,1,0,0,False,False,False
196903,100,100,True,0,1,0,0,False,False,False
196963,100,100,True,0,1,0,0,False,False,False
197023,100,100,True,0,1,0,0,False,False,False
197083,100,100,True,0,1,0,0,False,False,False
197143,100,100,True,0,1,0,0,False,False,False
197203,100,100,True,0,1,0,0,False,False,False
197263,100,100,True,0,1,0,0,False,False,False
197323,100,100,True,0,1,0,0,False,False,False
197383,100,100,True,0,1,0,0,False,False,False
197443,100,100,True,0,1,0,0,False,False,False
197503,100,100,True,0,1,0,0,False,False,False
197563,100,100,True,0,1,0,0,False,False,False
197623,100,100,True,0,1,0,0,False,False,False
197683,100,100,True,0,1,0,0,False,False,False
197743,100,100,True,0,1,0,0,False,False,False
197803,100,100,True,0,1,0,0,False,False,False
197863,100,100,True,0,1,0,0,False,False,False
197923,100,100,True,0,1,0,0,False,False,False
197983,100,100,True,0,1,0,0,False,False,False
198043,100,100,True,0,1,0,0,False,False,False
198103,100,100,True,0,1,0,0,False,False,False
198163,100,100,True,0,0,0,0,False,False,False
198223,100,100,True,0,0,0,0,False,False,False
198283,100,100,True,0,0,0,0,False,False,False
198343,100,100,True,0,0,0,0,False,False,False
198403,100,100,True,0,0,0,0,False,False,False
