0,1,2,3,4,5,6,7,8,9,10
5660,100,100,False,0,0,0,0,False,False,False
5720,100,100,False,0,0,0,0,False,False,False
5780,100,100,False,0,0,0,0,False,False,False
5840,100,100,False,0,0,0,0,False,False,False
5900,100,100,False,0,0,0,0,False,False,False
5960,100,100,False,0,0,0,0,False,False,False
6020,100,100,False,0,0,0,0,False,False,False
6080,100,100,False,0,0,0,0,False,False,False
6140,100,100,False,0,0,0,0,False,False,False
6200,100,100,False,0,0,0,0,False,False,False
6260,100,100,False,0,0,0,0,False,False,False
6320,100,100,False,0,0,0,0,False,False,False
6380,100,100,False,0,0,0,0,False,False,False
6440,100,100,False,0,0,0,0,False,False,False
6500,100,100,False,0,0,0,0,False,False,False
6560,100,100,False,0,0,0,0,False,False,False
6620,100,100,False,0,0,0,0,False,False,False
6680,100,100,False,0,0,0,0,False,False,False
6740,100,100,False,0,0,0,0,False,False,False
6800,100,100,False,0,0,0,0,False,False,False
6860,100,100,False,0,0,0,0,False,False,False
6920,100,100,False,0,0,0,0,False,False,False
6980,100,100,False,0,0,0,0,False,False,False
7040,100,100,False,0,0,0,0,False,False,False
7100,100,100,False,0,0,0,0,False,False,False
7160,100,100,False,0,0,0,0,False,False,False
7220,100,100,False,0,0,0,0,False,False,False
7280,100,100,False,0,0,0,0,False,False,False
7340,100,100,False,0,0,0,0,False,False,False
7400,100,100,False,0,0,0,0,False,False,False
7460,100,100,False,0,0,0,0,False,False,False
7520,100,100,False,0,0,0,0,False,False,False
7580,100,100,False,0,0,0,0,False,False,False
7640,100,100,False,0,0,0,0,False,False,False
7700,100,100,False,0,0,0,0,False,False,True
7760,100,100,False,0,0,0,0,False,False,True
7820,100,100,False,0,0,0,0,False,False,True
7880,100,100,False,0,0,0,0,False,False,True
7940,100,100,False,0,0,0,0,False,False,True
8000,90,95,False,0,0,0,0,False,False,True
8060,90,95,False,0,0,0,0,False,False,True
8120,90,95,False,0,0,0,0,False,False,True
8180,90,95,False,0,0,0,0,False,False,True
8240,90,95,False,0,0,0,0,False,False,True
8300,90,95,False,0,0,0,0,False,False,True
8360,90,95,False,0,0,0,0,False,False,True
8420,21,95,False,0,0,0,0,False,False,True
8480,21,95,False,0,0,0,0,False,False,True
8540,9,89,False,0,0,0,0,False,False,True
8600,9,89,False,0,0,0,0,False,False,True
10400,100,100,True,1,0,1,0,False,False,False
10460,100,100,True,1,0,1,0,False,False,False
10520,100,100,True,1,0,0,0,False,False,False
10580,100,100,True,1,0,0,0,False,False,False
10640,100,100,True,1,0,0,0,False,False,False
10700,100,100,True,1,0,0,0,False,False,False
10760,100,100,True,1,0,0,0,False,False,False
10820,100,100,True,1,0,0,0,False,False,False
10880,100,100,True,1,0,0,0,False,False,False
10940,100,100,True,1,0,0,0,False,False,False
11000,100,100,True,1,0,0,0,False,False,False
11060,100,100,True,1,0,0,0,False,False,False
11120,100,100,True,1,0,0,0,False,False,False
11180,100,100,True,1,0,0,0,False,False,False
11240,100,100,True,1,0,0,0,False,False,False
11300,100,100,True,1,0,0,0,False,False,False
11360,100,100,True,1,0,0,0,False,False,False
11420,100,100,True,1,0,0,0,False,False,False
11480,100,100,True,1,0,0,0,False,False,False
11540,100,100,True,1,0,0,0,False,False,False
11600,100,100,True,1,0,0,0,False,False,False
11660,100,100,True,1,0,0,0,False,False,False
11720,100,100,True,1,0,0,0,False,False,False
11780,100,100,True,1,0,0,0,False,False,False
11840,100,100,True,1,0,0,0,False,False,False
11900,100,100,True,1,0,0,0,False,False,False
11960,100,100,True,1,0,0,0,False,False,False
12020,100,100,True,1,0,0,0,False,False,False
12080,100,100,True,1,0,0,0,False,False,False
12140,73,97,True,1,0,0,0,False,False,False
12200,73,97,True,1,0,0,0,False,False,False
12260,73,97,True,0,0,0,0,False,False,False
12320,73,97,True,0,0,0,0,False,False,False
12380,73,97,True,0,0,0,0,False,False,False
12440,73,97,True,0,0,0,0,False,False,False
12500,73,97,True,0,0,0,0,False,False,False
12560,73,97,True,0,0,0,0,False,False,False
12620,73,97,True,0,0,0,0,False,False,False
12680,73,97,True,0,0,0,0,False,False,False
12740,73,97,True,0,0,0,0,False,False,False
12800,73,97,True,0,0,0,0,False,False,False
12860,73,97,True,0,0,0,0,False,False,False
12920,73,97,True,0,0,0,0,False,False,False
12980,73,97,True,0,0,0,0,False,False,False
13040,73,97,True,0,0,0,0,False,False,False
13100,73,97,True,0,0,0,0,False,False,False
13160,73,97,True,0,0,0,0,False,False,False
13220,73,97,True,0,0,0,0,False,False,True
13280,73,97,True,0,0,0,0,False,False,True
13340,73,97,True,0,0,0,0,False,False,True
13400,73,97,True,0,0,0,0,False,False,True
13460,73,97,True,0,0,0,0,False,False,True
13520,73,97,True,0,0,0,0,False,False,True
13580,73,97,True,0,0,0,0,False,False,True
13640,73,97,True,0,0,0,0,False,False,True
13700,73,97,True,0,0,0,0,False,False,True
13760,73,97,True,0,0,0,0,False,False,True
13820,73,97,True,0,0,0,0,False,False,True
13880,73,97,True,0,0,0,0,False,False,True
13940,73,97,True,0,0,0,0,False,False,True
14000,73,97,True,0,0,0,0,False,False,True
14060,73,97,True,0,0,0,0,False,False,True
14120,73,97,True,0,0,0,0,False,False,True
14180,73,97,True,0,0,0,0,False,False,True
14240,73,97,True,0,0,0,0,False,False,True
14300,46,94,True,0,0,0,0,False,False,True
27620,100,100,False,1,0,0,0,False,False,False
27680,100,0,False,0,0,0,0,False,False,False
27740,100,100,False,0,0,0,0,False,False,False
27800,100,100,False,1,0,0,0,False,False,False
27860,100,100,False,1,0,0,0,False,False,False
27920,100,100,False,1,0,0,0,False,False,False
27980,100,100,False,1,0,0,0,False,False,False
28040,100,100,False,0,0,0,0,False,False,False
28100,100,100,False,0,0,0,0,False,False,False
28160,100,100,False,0,0,0,0,False,False,False
28220,100,100,False,0,0,0,0,False,False,False
28280,100,100,False,0,0,0,0,False,False,False
33320,100,100,True,1,0,0,1,False,False,False
33380,100,100,True,1,0,0,1,False,False,False
33440,100,100,True,1,0,0,1,False,False,False
33500,100,100,True,1,0,0,1,False,False,False
33560,100,100,True,1,0,0,1,False,False,False
33620,100,100,True,1,0,0,1,False,False,False
33680,100,100,True,1,0,0,1,False,False,False
33740,100,100,True,1,0,0,1,False,False,False
33800,100,100,True,0,0,0,1,False,False,False
33860,100,100,True,0,0,0,1,False,False,False
33920,100,100,True,0,0,0,1,False,False,False
33980,83,98,True,0,0,0,1,False,False,False
34040,73,92,True,0,0,0,1,False,False,False
34100,73,92,True,0,0,0,1,False,False,False
34160,73,92,True,0,0,0,1,False,False,False
34220,73,92,True,0,0,0,1,False,False,False
34280,73,92,True,0,0,0,1,False,False,False
34340,73,92,True,0,0,0,1,False,False,False
34400,73,92,True,0,0,0,1,False,False,False
34460,73,92,True,0,0,0,1,False,False,False
34520,73,92,True,0,0,0,1,False,False,False
34580,73,92,True,0,0,0,1,False,False,False
34640,73,92,True,0,0,0,1,False,False,False
34700,73,92,True,0,0,0,1,False,False,False
34760,73,92,True,0,0,0,1,False,False,False
34820,73,92,True,0,0,0,1,False,False,False
34880,73,92,True,0,0,0,1,False,False,False
34940,73,92,True,0,0,0,1,False,False,False
35000,73,92,True,0,0,0,1,False,False,False
35060,73,92,True,1,0,0,1,False,False,False
35120,73,92,True,1,0,0,1,False,False,False
35180,73,92,True,1,0,0,1,False,False,False
35240,73,92,True,1,0,0,1,False,False,False
35300,73,92,True,1,1,0,1,False,False,False
35360,73,92,True,1,1,0,1,False,False,False
35420,73,92,True,1,1,0,1,False,False,False
35480,73,92,True,1,1,0,1,False,False,False
35540,73,92,True,1,1,0,1,False,False,False
35600,73,92,True,1,1,0,1,False,False,False
35660,73,92,True,1,1,0,1,False,False,False
35720,73,92,True,1,1,0,1,False,False,False
35780,73,92,True,1,1,0,1,False,False,False
35840,73,92,True,1,1,0,1,False,False,False
35900,73,92,True,1,1,0,1,False,False,False
35960,73,92,True,1,1,0,1,False,False,False
36020,73,92,True,1,1,0,1,False,False,False
36080,73,92,True,1,1,0,1,False,False,False
36140,73,92,True,1,1,0,1,False,False,False
36200,73,92,True,1,1,0,1,False,False,False
42800,100,100,True,1,1,1,1,True,False,False
42860,100,100,True,1,1,1,1,True,False,False
42920,100,100,True,1,1,1,1,True,False,False
42980,100,100,True,1,1,1,1,True,False,False
43040,100,100,True,1,1,1,1,True,False,False
43100,100,100,True,1,1,1,1,True,False,False
43160,100,100,True,1,1,1,1,True,False,False
43220,100,100,True,1,1,1,1,True,False,False
43280,99,100,True,1,1,1,1,True,False,False
43340,99,100,True,1,1,1,1,True,False,False
43400,99,100,True,1,1,1,1,True,False,False
43460,99,100,True,1,1,1,1,True,False,False
43520,99,100,True,1,1,1,1,True,False,False
43580,99,100,True,1,1,1,1,True,False,False
43640,99,100,True,1,1,1,1,True,False,False
43700,99,100,True,1,1,1,1,True,False,False
43760,99,100,True,1,1,1,1,True,False,False
43820,99,100,True,1,1,1,1,True,False,False
43880,99,100,True,1,1,1,1,True,False,False
43940,99,100,True,1,1,1,1,True,False,False
44000,99,100,True,1,1,1,1,True,False,False
44060,96,98,True,1,1,1,1,True,False,False
44120,96,98,True,1,1,1,1,True,False,False
44180,96,98,True,1,1,1,1,True,False,False
44240,96,98,True,1,1,1,1,True,False,False
44300,96,98,True,1,1,1,1,True,False,False
44360,96,98,True,1,1,1,1,True,False,False
44420,96,98,True,1,1,1,1,True,False,False
44480,96,98,True,1,1,1,1,True,False,False
44540,96,98,True,1,1,1,1,True,False,False
44600,96,98,True,1,1,1,1,True,False,False
44660,96,98,True,1,1,1,1,True,False,False
44720,96,98,True,1,1,1,1,True,False,False
44780,96,98,True,1,1,1,1,True,False,False
44840,62,97,True,1,1,1,1,True,False,False
44900,62,97,True,1,1,1,1,True,False,False
44960,62,97,True,1,1,1,1,True,False,False
45020,62,97,True,1,1,1,1,True,False,False
45080,62,97,True,1,1,1,1,True,False,False
45140,62,97,True,1,1,1,1,True,False,False
45200,62,97,True,1,1,1,1,True,False,False
45260,62,97,True,1,1,1,1,True,False,False
45320,62,97,True,1,1,1,1,True,False,False
45380,62,97,True,1,1,1,1,True,False,False
46700,100,97,True,1,1,1,1,True,False,False
46760,100,97,True,1,1,1,1,True,False,False
46820,100,97,True,1,1,1,1,True,False,False
46880,100,97,True,1,1,1,1,True,False,False
46940,100,97,True,1,1,1,1,True,False,False
47000,100,97,True,1,1,1,1,True,False,False
47060,100,97,True,1,1,1,1,True,False,False
47120,100,97,True,1,1,1,1,True,False,False
47180,100,97,True,1,1,1,1,True,False,False
47240,100,97,True,1,1,1,1,True,False,False
47300,100,97,True,1,1,1,1,True,False,False
47360,100,97,True,1,1,1,1,True,False,False
47420,100,97,True,1,1,1,1,True,False,False
47480,100,97,True,1,1,1,1,True,False,False
47540,100,97,True,1,1,1,1,True,False,False
47600,100,97,True,1,1,1,1,True,False,False
47660,100,97,True,1,1,1,1,True,False,False
47720,100,97,True,1,1,1,1,True,False,False
47780,100,97,True,1,1,1,1,True,False,False
47840,100,97,True,1,1,1,1,True,False,False
47900,100,97,True,1,1,1,1,True,False,False
47960,100,97,True,1,1,1,1,True,False,False
48020,100,97,True,1,1,0,1,True,False,False
48080,49,93,True,1,1,0,1,True,False,False
48140,49,93,True,1,1,0,1,True,False,False
48200,49,93,True,1,1,0,1,True,False,False
48260,49,93,True,1,1,0,1,True,False,False
54680,100,100,True,1,1,1,1,True,False,False
54740,100,100,True,1,1,1,1,True,False,False
54800,100,100,True,1,1,1,1,True,False,False
54860,100,100,True,1,1,1,1,True,False,False
54920,100,100,True,1,1,1,1,True,False,False
54980,100,100,True,1,1,1,1,True,False,False
55040,100,100,True,1,1,1,1,True,False,False
55100,100,100,True,1,1,1,1,True,False,False
55160,100,100,True,1,1,1,1,True,False,False
55220,100,100,True,1,1,1,1,True,False,False
55280,100,100,True,1,1,1,1,True,False,False
55340,100,100,True,1,1,1,1,True,False,False
55400,100,100,True,1,1,1,1,True,False,False
55460,100,100,True,1,1,1,1,True,False,False
55520,100,100,True,1,1,1,1,True,False,False
55580,100,100,True,1,1,1,1,True,False,False
55640,100,100,True,1,1,1,1,True,False,False
55700,100,100,True,1,1,1,1,True,False,False
55760,100,100,True,1,1,1,1,True,False,False
55820,100,100,True,1,1,1,1,True,False,False
55880,100,100,True,1,1,1,1,True,False,False
55940,100,100,True,1,1,1,1,True,False,False
56000,100,100,True,1,1,1,1,True,False,False
56060,100,100,True,1,1,1,1,True,False,False
56120,100,100,True,1,1,1,1,True,False,False
56180,100,100,True,1,1,1,1,True,False,False
56240,100,100,True,1,1,1,1,True,False,False
56300,100,100,True,1,1,1,1,True,False,False
56360,100,100,True,0,1,1,1,True,False,False
56420,100,100,True,0,1,1,1,True,False,False
56480,100,100,True,0,1,1,1,True,False,False
56540,100,100,True,0,1,1,1,True,False,False
56600,100,100,True,0,1,1,1,True,False,False
56660,100,100,True,0,1,1,1,True,False,False
56720,100,100,True,0,1,0,1,True,False,False
56780,100,100,True,0,1,0,1,True,False,False
56840,100,100,True,0,1,0,1,True,False,False
56900,100,100,True,0,1,0,1,True,False,False
56960,100,100,True,0,1,0,1,True,False,False
57020,100,100,True,0,1,0,1,True,False,False
57080,100,100,True,0,1,0,0,True,False,False
57140,100,100,True,0,1,0,0,True,False,False
57200,100,100,True,0,1,0,0,True,False,False
57260,100,100,True,0,1,0,0,True,False,False
57320,100,100,True,0,1,0,0,True,False,False
57380,100,100,True,0,1,0,0,True,False,False
57440,100,100,True,0,1,0,0,True,False,False
57500,100,100,True,0,1,0,0,True,False,False
57560,100,100,True,0,1,0,0,True,False,False
57620,100,100,True,0,1,0,0,True,False,False
57680,100,100,True,0,1,0,0,True,False,False
57740,100,100,True,0,1,0,0,True,False,False
57800,100,100,True,0,1,0,0,True,False,False
57860,100,100,True,0,1,0,0,True,False,False
57920,100,100,True,0,1,0,0,True,False,False
57980,100,100,True,0,1,0,0,True,False,False
58040,100,100,True,0,1,0,0,True,False,False
58100,100,100,True,0,1,0,0,True,False,False
58160,100,100,True,0,1,0,0,True,False,False
58220,100,100,True,0,1,0,0,True,False,False
58280,100,100,True,0,1,0,0,True,False,False
58340,100,100,True,0,1,0,0,True,False,False
58400,100,100,True,0,1,0,0,True,False,False
58460,100,100,True,0,1,0,0,True,False,False
58520,100,100,True,1,1,0,0,True,False,False
58580,100,100,True,1,1,0,0,True,False,False
58640,100,100,True,1,1,0,0,True,False,False
58700,100,100,True,1,1,0,0,True,False,False
58760,100,100,True,1,1,0,0,True,False,False
58820,100,100,True,1,1,0,0,True,False,False
58880,100,100,True,1,1,0,0,True,False,False
58940,100,100,True,1,1,1,0,True,False,False
59000,100,100,True,1,1,1,0,True,False,False
59060,100,100,True,1,1,1,0,True,False,False
59120,100,100,True,1,1,1,0,True,False,False
59180,100,100,True,1,1,0,0,True,False,False
59240,99,100,True,1,1,0,0,True,False,False
59300,99,100,True,1,1,0,0,True,False,False
59360,99,100,True,1,0,0,0,True,False,False
59420,99,100,True,1,0,0,0,True,False,False
59480,99,100,True,1,0,0,0,True,False,False
59540,99,100,True,1,0,0,0,True,False,False
59600,99,100,True,1,0,0,0,True,False,False
59660,99,100,True,0,0,0,0,True,False,False
59720,99,100,True,0,0,0,0,True,False,False
59780,99,100,True,0,0,0,0,True,False,False
59840,99,100,True,0,1,0,0,True,False,False
59900,99,100,True,0,1,0,0,True,False,False
59960,99,100,True,0,1,0,0,True,False,False
60020,99,100,True,0,1,0,0,True,False,False
60080,99,100,True,0,1,0,0,True,False,False
60140,99,100,True,0,1,0,0,True,False,False
60200,99,100,True,0,1,0,0,True,False,False
60260,99,100,True,0,1,0,0,True,False,False
62060,100,100,True,1,0,1,1,False,False,False
62120,100,100,True,1,0,1,1,False,False,False
62180,100,100,True,1,0,1,1,False,False,False
62240,100,100,True,1,0,1,1,False,False,False
62300,100,100,True,1,0,1,1,False,False,False
62360,100,100,True,1,0,1,1,False,False,False
62420,100,100,True,1,0,1,1,False,False,False
62480,100,100,True,1,0,1,0,False,False,False
62540,100,100,True,1,0,1,0,False,False,False
62600,100,100,True,1,0,1,0,False,False,False
62660,100,100,True,1,0,1,0,False,False,False
62720,100,100,True,1,0,1,0,False,False,False
62780,100,100,True,0,0,1,0,False,False,False
62840,100,100,True,0,0,1,0,False,False,False
62900,100,100,True,0,0,1,0,False,False,False
62960,100,100,True,0,0,1,0,False,False,False
63020,100,100,True,0,0,1,0,False,False,False
63080,100,100,True,0,0,1,0,False,False,False
63140,100,100,True,0,0,1,0,False,False,False
63200,100,100,True,0,0,1,0,False,False,False
63260,100,100,True,0,0,1,0,False,False,False
63320,100,100,True,0,0,1,0,False,False,False
63380,100,100,True,0,0,1,0,False,False,False
63440,100,100,True,0,0,1,0,False,False,False
63500,100,100,True,0,0,1,0,False,False,False
63560,100,100,True,0,0,1,0,False,False,False
63620,100,100,True,0,0,1,0,False,False,False
63680,100,100,True,0,0,1,0,False,False,False
63740,100,100,True,0,0,1,0,False,False,False
63800,100,100,True,0,0,1,0,False,False,False
63860,100,100,True,0,0,1,0,False,False,False
63920,100,100,True,0,0,1,0,False,False,False
63980,100,100,True,0,0,1,0,False,False,False
64040,100,100,True,0,0,1,0,False,False,False
64100,100,100,True,0,0,1,0,False,False,False
64160,100,100,True,0,0,1,0,False,False,False
64220,100,100,True,0,0,1,0,False,False,False
64280,100,100,True,0,0,1,0,False,False,False
64340,100,100,True,0,0,1,0,False,False,False
64400,100,100,True,0,0,1,0,False,False,False
64460,100,100,True,0,0,1,0,False,False,False
64520,100,100,True,0,0,1,0,False,False,False
64580,100,100,True,0,0,1,0,False,False,False
64640,100,100,True,0,0,1,0,False,False,False
64700,100,100,True,0,0,1,0,False,False,False
64760,100,100,True,0,0,1,0,False,False,False
64820,100,100,True,0,0,1,0,False,False,False
64880,100,100,True,0,0,1,0,False,False,False
64940,100,100,True,0,0,1,0,False,False,False
65000,100,100,True,0,0,1,0,False,False,False
65060,100,100,True,0,0,1,0,False,False,False
65120,100,100,True,0,0,1,0,False,False,False
65180,100,100,True,0,0,1,0,False,False,False
65240,100,100,True,0,0,1,0,False,False,False
65300,100,100,True,0,0,1,0,False,False,False
65360,100,100,True,0,0,1,0,False,False,False
65420,100,100,True,0,0,1,0,False,False,False
65480,100,100,True,0,0,1,0,False,False,False
65540,100,100,True,0,0,1,0,False,False,False
65600,100,100,True,0,0,1,0,False,False,False
65660,100,100,True,0,0,1,0,False,False,False
65720,100,100,True,0,0,1,0,False,False,False
65780,100,100,True,0,0,1,0,False,False,False
65840,100,100,True,0,0,1,0,False,False,False
65900,100,100,True,0,0,1,0,False,False,False
65960,100,100,True,0,0,1,0,False,False,False
66020,100,100,True,0,0,1,0,False,False,False
66080,100,100,True,0,0,1,0,False,False,False
66140,100,100,True,0,0,1,0,False,False,False
66200,100,100,True,0,0,1,0,False,False,False
66260,100,100,True,0,0,1,1,False,False,False
66320,100,100,True,0,0,1,1,False,False,False
66380,100,100,True,0,0,1,1,False,False,False
66440,100,100,True,0,0,1,1,False,False,False
66500,100,100,True,0,0,1,1,False,False,False
66560,100,100,True,0,0,1,1,False,False,False
66620,100,100,True,0,0,1,1,False,False,False
66680,100,100,True,0,0,1,1,False,False,False
66740,100,100,True,0,0,1,1,False,False,False
66800,100,100,True,0,0,1,1,False,False,False
66860,100,100,True,0,0,1,1,False,False,False
66920,100,100,True,0,0,1,1,False,False,False
66980,100,100,True,0,0,1,1,False,False,False
67040,100,100,True,0,0,1,1,False,False,False
67100,100,100,True,0,0,1,1,False,False,False
67160,21,97,True,0,0,1,1,False,False,False
67220,21,97,True,0,0,1,1,False,False,False
67280,21,97,True,0,0,0,1,False,False,False
67340,21,97,True,0,0,0,1,False,False,False
67400,21,97,True,0,0,0,1,False,False,False
67460,21,97,True,0,0,0,1,False,False,False
67520,21,97,True,0,0,0,1,False,False,False
67580,21,97,True,0,0,0,1,False,False,False
67640,21,97,True,0,0,0,1,False,False,False
67700,21,97,True,0,0,0,1,False,False,False
67760,21,97,True,0,0,0,1,False,False,False
67820,21,97,True,0,0,0,1,False,False,False
67880,21,97,True,0,0,0,1,False,False,False
67940,21,97,True,0,0,0,1,False,False,False
68000,21,97,True,0,0,0,1,False,False,False
68060,21,97,True,0,0,0,1,False,False,False
68120,21,97,True,0,0,0,1,False,False,False
68180,21,97,True,0,0,0,1,False,False,False
68240,21,97,True,0,0,0,0,False,False,False
68300,21,97,True,0,0,0,0,False,False,False
68360,21,97,True,0,0,0,0,False,False,False
68420,21,97,True,0,0,0,0,False,False,False
68480,21,97,True,0,0,0,0,False,False,False
68540,21,97,True,0,0,0,0,False,False,False
68600,21,97,True,0,0,0,0,False,False,False
68660,21,97,True,0,0,0,0,False,False,False
68720,21,97,True,0,0,0,0,False,False,False
68780,21,97,True,0,0,0,0,False,False,False
68840,21,97,True,0,0,0,0,False,False,False
68900,21,97,True,0,0,0,0,False,False,False
68960,21,97,True,0,0,0,0,False,False,False
69020,21,97,True,0,0,0,0,False,False,False
69080,21,97,True,0,0,0,0,False,False,False
69140,21,97,True,0,0,0,0,False,False,False
69200,21,97,True,0,0,0,0,False,False,False
69260,21,97,True,0,0,0,0,False,False,False
69320,21,97,True,0,0,0,0,False,False,False
69380,21,97,True,0,0,0,0,False,False,False
69440,21,97,True,0,0,0,0,False,False,False
69500,21,97,True,0,0,0,0,False,False,False
69560,21,97,True,0,0,0,0,False,False,False
69620,21,97,True,0,0,0,0,False,False,False
69680,21,97,True,0,0,0,0,False,False,False
69740,21,97,True,0,0,0,0,False,False,False
69800,21,97,True,0,0,0,0,False,False,False
71120,100,97,True,1,1,1,1,True,False,False
71180,100,97,True,1,1,1,1,True,False,False
71240,100,97,True,1,1,1,1,True,False,False
71300,100,97,True,1,1,1,1,True,False,False
71360,100,97,True,1,1,1,1,True,False,False
71420,100,97,True,1,1,1,1,True,False,False
71480,100,97,True,1,1,1,1,True,False,False
71540,100,97,True,1,1,1,1,True,False,False
71600,100,97,True,1,1,1,1,True,False,False
71660,100,97,True,1,1,1,1,True,False,False
71720,100,97,True,1,1,1,1,True,False,False
71780,100,97,True,1,1,0,1,True,False,False
71840,100,97,True,1,1,0,1,True,False,False
71900,100,97,True,1,1,0,1,True,False,False
71960,100,97,True,1,1,0,1,True,False,False
72020,100,97,True,1,1,0,1,True,False,False
72080,100,97,True,1,1,0,1,True,False,False
72140,100,97,True,1,1,0,1,True,False,False
72200,100,97,True,1,1,0,1,True,False,False
72260,100,97,True,1,1,0,1,True,False,False
72320,100,97,True,0,1,0,1,True,False,False
72380,100,97,True,0,1,0,1,True,False,False
72440,100,97,True,0,1,0,1,True,False,False
72500,100,97,True,0,1,0,1,True,False,False
72560,100,97,True,0,1,0,1,True,False,False
72620,100,97,True,0,1,0,1,True,False,False
72680,100,97,True,0,1,0,1,True,False,False
72740,100,97,True,0,1,0,1,True,False,False
72800,100,97,True,0,1,0,1,True,False,False
72860,100,97,True,0,1,0,1,True,False,False
72920,100,97,True,0,1,0,1,True,False,False
72980,100,97,True,0,1,0,1,True,False,False
73040,100,97,True,0,1,0,1,True,False,False
73100,100,97,True,0,1,0,1,True,False,False
73160,100,97,True,0,1,0,1,True,False,False
73220,100,97,True,0,1,0,1,True,False,False
73280,100,97,True,0,1,0,1,True,False,False
73340,100,97,True,0,1,0,1,True,False,False
73400,100,97,True,0,1,0,1,True,False,False
73460,100,97,True,0,1,0,1,True,False,False
73520,100,97,True,0,1,0,1,True,False,False
73580,100,97,True,0,1,0,1,True,False,False
73640,100,97,True,0,1,0,1,True,False,False
73700,100,97,True,0,1,0,1,True,False,False
73760,100,97,True,0,1,0,1,True,False,False
73820,100,97,True,0,1,0,1,True,False,False
73880,100,97,True,0,1,0,1,True,False,False
73940,100,97,True,0,1,0,1,True,False,False
74000,100,97,True,0,1,0,1,True,False,False
74060,100,97,True,0,1,0,1,True,False,False
74120,100,97,True,0,1,0,1,True,False,False
74180,100,97,True,0,1,0,1,True,False,False
74240,100,97,True,0,1,0,1,True,False,False
74300,100,97,True,0,1,0,1,True,False,False
74360,100,97,True,0,1,0,1,True,False,False
74420,100,97,True,0,1,0,0,True,False,False
74480,100,97,True,0,1,0,0,True,False,False
74540,100,97,True,0,0,0,0,True,False,False
74600,100,97,True,0,0,0,0,True,False,False
74660,100,97,True,0,0,0,0,True,False,False
74720,100,97,True,0,0,0,0,True,False,False
74780,100,97,True,0,0,0,0,True,False,False
74840,100,97,True,0,0,0,0,True,False,False
74900,49,96,True,0,0,0,0,True,False,False
74960,49,96,True,0,0,0,0,True,False,False
75020,49,96,True,0,0,0,0,True,False,False
75080,49,96,True,0,0,0,0,True,False,False
75140,49,96,True,0,0,0,0,True,False,False
75200,49,96,True,0,0,0,0,True,False,False
75260,49,96,True,0,0,0,0,True,False,False
75320,49,96,True,0,0,0,0,True,False,False
75380,49,96,True,0,0,0,0,True,False,False
75440,49,96,True,0,0,0,0,True,False,False
75500,49,96,True,0,0,0,0,True,False,False
75560,49,96,True,0,0,0,0,True,False,False
75620,49,96,True,0,0,0,0,True,False,False
75680,49,96,True,0,0,0,0,True,False,False
75740,49,96,True,0,0,0,0,True,False,False
75800,49,96,True,0,0,0,0,True,False,False
75860,49,96,True,0,0,0,0,True,False,False
75920,49,96,True,0,0,0,0,True,False,False
75980,49,96,True,0,0,0,0,True,False,False
76040,49,96,True,0,0,0,0,True,False,False
76100,49,96,True,0,0,0,0,True,False,False
76160,49,96,True,0,0,0,0,True,False,False
76220,49,96,True,0,0,0,0,True,False,False
76280,49,96,True,0,0,0,0,True,False,False
77600,100,96,True,1,1,1,1,True,False,False
77660,100,96,True,1,1,1,1,True,False,False
77720,100,96,True,1,1,1,1,True,False,False
77780,100,96,True,1,1,1,1,True,False,False
77840,100,96,True,1,1,1,1,True,False,False
77900,100,96,True,1,1,1,1,True,False,False
77960,100,96,True,1,1,1,1,True,False,False
78020,100,96,True,1,1,1,1,True,False,False
78080,100,96,True,1,1,1,0,True,False,False
78140,100,96,True,1,1,1,0,True,False,False
78200,100,96,True,1,0,1,0,True,False,False
78260,100,96,True,1,0,1,0,True,False,False
78320,100,96,True,1,0,1,0,True,False,False
78380,100,96,True,0,0,1,0,True,False,False
78440,100,96,True,0,0,1,0,True,False,False
78500,100,96,True,0,0,1,0,True,False,False
78560,100,96,True,0,0,1,0,True,False,False
78620,100,96,True,0,0,1,0,True,False,False
78680,100,96,True,0,0,0,0,True,False,False
78740,100,96,True,0,0,0,0,True,False,False
78800,100,96,True,0,0,0,0,True,False,False
78860,100,96,True,0,0,0,0,True,False,False
78920,100,96,True,0,0,0,0,True,False,False
78980,100,96,True,0,0,0,0,True,False,False
79040,100,96,True,0,0,0,0,True,False,False
79100,100,96,True,0,0,0,0,True,False,False
79160,100,96,True,0,0,0,0,True,False,False
79220,100,96,True,0,0,0,0,True,False,False
79280,100,96,True,0,0,0,0,True,False,False
79340,100,96,True,1,0,0,1,True,False,False
79400,100,96,True,1,0,0,1,True,False,False
79460,100,96,True,1,0,0,1,True,False,False
79520,100,96,True,1,0,0,1,True,False,False
79580,100,96,True,1,0,0,1,True,False,False
79640,100,96,True,1,0,0,1,True,False,False
79700,100,96,True,1,0,0,1,True,False,False
79760,100,96,True,1,0,0,1,True,False,False
79820,100,96,True,0,0,0,1,True,False,False
79880,100,96,True,0,0,0,1,True,False,False
79940,100,96,True,0,0,0,1,True,False,False
80000,100,96,True,0,0,0,1,True,False,False
80060,100,96,True,0,0,0,1,True,False,False
80120,100,96,True,0,0,0,1,True,False,False
80180,100,96,True,0,0,0,1,True,False,False
80240,100,96,True,0,0,0,1,True,False,False
80300,100,96,True,0,0,0,1,True,False,False
80360,100,96,True,0,0,0,1,True,False,False
80420,100,96,True,0,0,0,1,True,False,False
80480,100,96,True,0,0,0,1,True,False,False
80540,100,96,True,0,0,0,1,True,False,False
80600,100,96,True,0,0,0,1,True,False,False
80660,100,96,True,0,0,0,1,True,False,False
80720,100,96,True,0,0,0,1,True,False,False
80780,100,96,True,0,0,0,1,True,False,False
80840,100,96,True,0,0,0,1,True,False,False
80900,100,96,True,0,0,0,1,True,False,False
80960,100,96,True,0,0,0,1,True,False,False
81020,100,96,True,0,0,0,1,True,False,False
81080,100,96,True,0,0,0,1,True,False,False
81140,100,96,True,0,0,0,1,True,False,False
81200,100,96,True,0,0,0,1,True,False,False
81260,100,96,True,0,0,0,1,True,False,False
81320,100,96,True,0,0,0,1,True,False,False
81380,100,96,True,0,0,0,1,True,False,False
81440,100,96,True,0,0,0,1,True,False,False
81500,100,96,True,0,0,0,1,True,False,False
81560,100,96,True,0,0,0,1,True,False,False
81620,100,96,True,0,0,0,1,True,False,False
81680,100,96,True,0,0,0,1,True,False,False
81740,100,96,True,0,0,0,0,True,False,False
81800,100,96,True,0,0,0,0,True,False,False
81860,100,96,True,0,0,0,0,True,False,False
81920,100,96,True,0,0,0,0,True,False,False
81980,100,96,True,0,0,0,0,True,False,False
82040,100,96,True,0,0,0,0,True,False,False
82100,100,96,True,0,0,0,0,True,False,False
82160,100,96,True,0,0,0,0,True,False,False
82220,100,96,True,0,0,0,0,True,False,False
82280,100,96,True,0,0,0,0,True,False,False
82340,100,96,True,0,0,0,0,True,False,False
82400,100,96,True,0,0,0,0,True,False,False
82460,100,96,True,0,0,0,0,True,False,False
82520,100,96,True,0,0,0,0,True,False,False
82580,100,96,True,0,0,0,0,True,False,False
82640,100,96,True,0,0,0,0,True,False,False
82700,100,96,True,0,0,0,0,True,False,False
82760,100,96,True,0,0,0,0,True,False,False
82820,100,96,True,0,0,0,0,True,False,False
82880,100,96,True,0,0,0,0,True,False,False
82940,100,96,True,0,0,0,0,True,False,False
83000,100,96,True,0,0,0,0,True,False,False
83060,100,96,True,0,0,0,0,True,False,False
83120,100,96,True,0,0,0,0,True,False,False
83180,100,96,True,0,0,0,0,True,False,False
83240,100,96,True,0,0,0,0,True,False,True
83300,100,96,True,0,0,0,0,True,False,True
83360,100,96,True,0,0,0,0,True,False,True
83420,100,96,True,0,0,0,0,True,False,True
83480,100,96,True,0,0,0,0,True,False,True
83540,100,96,True,0,0,1,0,True,False,True
83600,100,96,True,0,0,1,0,True,False,True
83660,100,96,True,0,0,1,0,True,False,True
83720,100,96,True,0,0,1,0,True,False,True
83780,100,96,True,0,0,1,0,True,False,True
83840,100,96,True,0,0,1,0,True,False,True
83900,100,96,True,0,0,1,0,True,False,True
83960,100,96,True,0,0,1,0,True,False,True
84020,100,96,True,0,0,1,0,True,False,True
84080,100,96,True,0,0,1,0,True,False,True
84140,100,96,True,0,0,1,0,True,False,True
84200,100,96,True,0,0,1,0,True,False,True
84260,100,96,True,0,0,1,0,True,False,True
84320,100,96,True,0,0,1,0,True,False,True
84380,100,96,True,0,0,1,0,True,False,True
84440,100,96,True,0,0,1,0,True,False,True
84500,100,96,True,0,0,1,0,True,False,True
84560,100,96,True,0,0,0,0,True,False,True
84620,100,96,True,0,0,0,0,True,False,True
84680,73,93,True,0,0,0,0,True,False,True
84740,45,89,True,0,0,0,0,True,False,True
84800,45,89,True,0,0,0,0,True,False,True
84860,45,89,True,0,0,0,0,True,False,True
84920,45,89,True,0,0,0,0,True,False,True
84980,45,89,True,0,0,0,0,True,False,True
85040,45,89,True,0,0,0,0,True,False,True
85100,45,89,True,0,0,0,0,True,False,True
85160,45,89,True,0,0,0,0,True,False,True
85220,45,89,True,0,0,0,0,True,False,True
85280,45,89,True,0,0,0,0,True,False,True
85340,45,89,True,0,0,0,0,True,False,True
85400,45,89,True,0,0,0,0,True,False,True
85460,45,89,True,0,0,0,0,True,False,False
85520,45,89,True,0,0,0,0,True,False,False
85580,45,89,True,0,0,0,0,True,False,False
85640,45,89,True,0,0,0,0,True,False,False
85700,45,89,True,0,0,0,0,True,False,False
85760,45,89,True,0,0,0,0,True,False,False
85820,45,89,True,0,0,0,0,True,False,False
87200,100,89,True,1,1,1,1,True,False,False
87260,100,89,True,1,1,1,1,True,False,False
87320,100,89,True,1,1,1,1,True,False,False
87380,100,89,True,1,1,1,1,True,False,False
87440,100,89,True,1,1,1,1,True,False,False
87500,100,89,True,1,1,1,1,True,False,False
87560,100,89,True,1,1,1,1,True,False,False
87620,100,89,True,1,1,1,1,True,False,False
87680,100,89,True,1,1,1,1,True,False,False
87740,100,89,True,1,1,1,1,True,False,False
87800,100,89,True,1,1,1,0,True,False,False
87860,100,89,True,1,1,1,0,True,False,False
87920,75,88,True,1,1,1,0,True,False,False
87980,75,88,True,1,1,1,0,True,False,False
88040,75,88,True,1,1,1,0,True,False,False
88100,75,88,True,1,1,1,0,True,False,False
88160,75,88,True,0,1,1,0,True,False,False
88220,75,88,True,0,1,1,0,True,False,False
92240,100,100,True,1,1,1,1,True,False,False
92300,100,100,True,1,1,1,1,True,False,False
92360,100,100,True,1,1,1,1,True,False,False
92420,100,100,True,1,1,1,1,True,False,False
92480,100,100,True,1,1,1,1,True,False,False
92540,100,100,True,1,1,1,1,True,False,False
92600,100,100,True,1,1,1,1,True,False,False
92660,100,100,True,1,1,1,1,True,False,False
92720,100,100,True,1,1,1,1,True,False,False
92780,100,100,True,1,1,1,1,True,False,False
92840,100,100,True,1,1,0,1,True,False,False
92900,100,100,True,1,1,0,1,True,False,False
92960,100,100,True,1,1,0,1,True,False,False
93020,100,100,True,1,1,0,1,True,False,False
93080,100,100,True,1,1,0,1,True,False,False
93140,100,100,True,1,1,0,1,True,False,False
93200,100,100,True,1,1,0,1,True,False,False
93260,100,100,True,1,1,0,1,True,False,False
93320,100,100,True,1,1,0,1,True,False,False
93380,100,100,True,1,1,0,1,True,False,False
93440,100,100,True,1,0,0,1,True,False,False
93500,100,100,True,1,0,0,1,True,False,False
93560,100,100,True,1,0,0,1,True,False,False
93620,100,100,True,1,0,0,1,True,False,False
93680,100,100,True,1,0,0,1,True,False,False
93740,100,100,True,1,0,0,1,True,False,False
93800,100,100,True,1,0,0,1,True,False,False
93860,100,100,True,1,0,0,0,True,False,False
93920,100,100,True,1,0,0,0,True,False,False
93980,100,100,True,1,0,0,0,True,False,False
94040,100,100,True,1,0,0,0,True,False,False
94100,100,100,True,0,0,0,0,True,False,False
94160,100,100,True,0,0,0,0,True,False,False
96980,100,100,False,0,0,0,0,False,False,False
97040,100,100,False,0,0,0,0,False,False,False
97100,100,100,False,0,0,0,0,False,False,False
97160,100,100,False,0,0,0,0,False,False,False
97220,100,100,False,0,0,0,0,False,False,False
97280,100,100,False,0,0,0,0,False,False,False
97340,100,100,False,0,0,0,0,False,False,False
97400,100,100,False,0,0,0,0,False,False,False
97460,100,100,False,0,0,0,0,False,False,False
97520,100,100,False,0,0,0,0,False,False,False
97580,100,100,False,0,0,0,0,False,False,False
97640,100,100,False,0,0,0,0,False,False,False
97700,100,100,False,0,0,0,0,False,False,False
97760,100,100,False,0,0,0,0,False,False,False
97820,100,100,False,0,0,0,0,False,False,False
97880,100,100,False,0,0,0,0,False,False,False
97940,100,100,False,0,0,0,0,False,False,False
98000,100,100,False,0,0,0,0,False,False,False
104180,100,100,True,0,0,0,0,False,False,False
104240,100,100,True,0,1,0,0,False,False,False
104300,100,100,True,0,1,0,0,False,False,False
104360,100,100,True,0,1,0,0,False,False,False
104420,100,100,True,0,1,0,0,False,False,False
104480,100,100,True,0,1,0,0,False,False,False
104540,100,100,True,0,1,0,0,False,False,False
104600,100,100,True,0,1,0,0,False,False,False
104660,100,100,True,0,1,0,0,False,False,False
104720,100,100,True,0,1,0,0,False,False,False
104780,100,100,True,0,1,0,0,False,False,False
104840,100,100,True,0,1,0,0,False,False,False
104900,100,100,True,0,1,0,0,False,False,False
104960,100,100,True,0,1,0,0,False,False,False
105020,100,100,True,0,1,0,0,False,False,False
105080,100,100,True,0,1,0,0,False,False,False
105140,100,100,True,0,1,0,0,False,False,False
105200,100,100,True,0,1,0,0,False,False,False
105260,100,100,True,0,1,0,0,False,False,False
105320,100,100,True,0,1,0,0,False,False,False
105380,100,100,True,0,1,0,0,False,False,False
105440,100,100,True,0,1,0,0,False,False,False
105500,100,100,True,0,1,0,0,False,False,False
105560,100,100,True,0,1,0,0,False,False,False
105620,100,100,True,0,1,0,0,False,False,False
105680,100,100,True,0,1,0,0,False,False,False
105740,100,100,True,0,1,0,0,False,False,False
105800,100,100,True,0,1,0,0,False,False,False
105860,100,100,True,0,1,0,0,False,False,False
105920,100,100,True,0,1,0,0,False,False,False
105980,100,100,True,0,0,0,0,False,False,False
106040,100,100,True,0,0,0,0,False,False,False
106100,100,100,True,0,0,0,0,False,False,False
106160,100,100,True,0,0,0,0,False,False,False
106220,100,100,True,0,0,0,0,False,False,False
106280,87,100,True,0,0,0,0,False,False,False
106340,87,100,True,0,0,0,0,False,False,False
106400,87,100,True,0,0,0,0,False,False,False
106460,87,100,True,0,0,0,0,False,False,False
106520,87,100,True,0,0,0,0,False,False,False
106580,87,100,True,0,0,0,0,False,False,False
106640,87,100,True,0,0,0,0,False,False,False
106700,87,100,True,0,0,0,0,False,False,False
106760,87,100,True,0,0,0,0,False,False,False
106820,87,100,True,0,0,0,0,False,False,False
106880,87,100,True,0,0,0,0,False,False,False
106940,87,100,True,0,0,0,0,False,False,False
107000,87,100,True,0,0,0,0,False,False,False
107060,87,100,True,0,0,0,0,False,False,False
107120,87,100,True,0,0,0,0,False,False,False
107180,87,100,True,0,0,0,0,False,False,False
107240,87,100,True,0,0,0,0,False,False,False
107300,87,100,True,0,0,0,0,False,False,False
107360,87,100,True,0,0,0,0,False,False,False
107420,87,100,True,0,0,0,0,False,False,False
107480,87,100,True,0,0,0,0,False,False,False
107540,87,100,True,0,0,0,0,False,False,False
107600,87,100,True,0,0,0,0,False,False,False
107660,87,100,True,0,0,0,0,False,False,False
107720,87,100,True,0,0,0,0,False,False,False
107780,87,100,True,0,0,0,0,False,False,False
107840,87,100,True,0,0,0,0,False,False,False
107900,87,100,True,0,0,0,0,False,False,False
107960,87,100,True,0,0,0,0,False,False,False
108020,87,100,True,0,0,0,0,False,False,False
108080,87,100,True,0,0,0,0,False,False,False
108140,87,100,True,0,0,0,0,False,False,False
108200,87,100,True,0,0,0,0,False,False,False
108260,87,100,True,0,0,0,0,False,False,True
108320,30,89,True,0,0,0,0,False,False,True
108380,30,89,True,0,0,0,0,False,False,True
110960,100,100,True,1,1,1,1,False,False,False
111020,100,100,True,1,1,1,1,False,False,False
111080,100,100,True,1,1,1,1,False,False,False
111140,100,100,True,1,1,1,1,False,False,False
111200,100,100,True,1,1,1,1,False,False,False
111260,100,100,True,1,1,1,1,False,False,False
111320,100,100,True,1,0,1,1,False,False,False
111380,100,100,True,1,0,1,1,False,False,False
111440,100,100,True,1,0,1,1,False,False,False
111500,100,100,True,1,0,1,1,False,False,False
111560,100,100,True,1,0,1,1,False,False,False
111620,100,100,True,1,0,1,1,False,False,False
111680,100,100,True,1,0,1,1,False,False,False
111740,100,100,True,1,0,1,1,False,False,False
111800,100,100,True,1,0,1,1,False,False,False
111860,100,100,True,1,0,1,1,False,False,False
111920,100,100,True,1,0,1,1,False,False,False
111980,100,100,True,1,0,1,1,False,False,False
112040,100,100,True,0,0,1,1,False,False,False
112100,100,100,True,0,0,1,1,False,False,False
112160,100,100,True,0,0,1,1,False,False,False
112220,100,100,True,0,0,1,1,False,False,False
112280,100,100,True,0,0,1,1,False,False,False
112340,100,100,True,0,0,1,1,False,False,False
112400,100,100,True,0,0,1,1,False,False,False
112460,100,100,True,0,0,1,1,False,False,False
112520,71,99,True,0,0,1,1,False,False,False
112580,71,99,True,0,0,1,1,False,False,False
112640,71,99,True,0,0,1,1,False,False,False
112700,71,99,True,0,0,1,1,False,False,False
112760,71,99,True,0,0,1,1,False,False,False
112820,71,99,True,0,0,1,0,False,False,False
112880,71,99,True,0,0,1,0,False,False,False
112940,71,99,True,0,0,1,0,False,False,False
113000,71,99,True,0,0,1,0,False,False,False
113060,71,99,True,0,0,1,0,False,False,False
113120,71,99,True,0,0,1,0,False,False,False
113180,71,99,True,0,0,1,0,False,False,False
113240,71,99,True,0,0,1,0,False,False,False
113300,71,99,True,0,0,0,0,False,False,False
113360,70,99,True,0,0,0,0,False,False,False
113420,70,99,True,0,0,0,0,False,False,False
113480,70,99,True,0,0,0,0,False,False,False
113540,70,99,True,0,0,0,0,False,False,False
113600,70,99,True,0,0,0,0,False,False,False
113660,70,99,True,0,0,0,0,False,False,False
113720,70,99,True,0,0,0,0,False,False,False
113780,70,99,True,0,0,0,0,False,False,False
113840,70,99,True,0,0,0,0,False,False,False
113900,70,99,True,0,0,0,0,False,False,False
113960,70,99,True,0,0,0,0,False,False,False
114020,70,99,True,0,0,0,0,False,False,False
114080,70,99,True,0,0,0,0,False,False,False
114140,70,99,True,0,0,0,0,False,False,False
114200,70,99,True,0,0,0,0,False,False,False
114260,70,99,True,0,0,0,0,False,False,False
114320,70,99,True,0,0,0,0,False,False,False
114380,70,99,True,0,0,0,0,False,False,True
114440,70,99,True,0,0,0,0,False,False,True
115760,100,99,True,1,1,1,1,False,False,False
115820,100,99,True,1,1,1,1,False,False,False
115880,100,99,True,1,1,1,1,False,False,False
115940,100,99,True,1,1,1,1,False,False,False
116000,100,99,True,1,1,1,1,False,False,False
116060,100,99,True,1,1,1,1,False,False,False
116120,100,99,True,1,1,1,1,False,False,False
116180,100,99,True,1,1,1,1,False,False,False
116240,100,99,True,1,1,1,1,False,False,False
116300,100,99,True,1,1,1,1,False,False,False
116360,100,99,True,1,1,1,1,False,False,False
116420,100,99,True,1,1,1,1,False,False,False
116480,100,99,True,1,1,1,1,False,False,False
116540,100,99,True,1,1,1,1,False,False,False
116600,100,99,True,1,1,0,1,False,False,False
116660,100,99,True,1,1,0,1,False,False,False
116720,94,95,True,1,1,0,1,False,False,False
116780,94,95,True,1,1,0,1,False,False,False
116840,22,89,True,1,1,0,1,False,False,False
116900,22,89,True,1,1,0,1,False,False,False
116960,22,89,True,1,1,0,1,False,False,False
117020,22,89,True,1,1,0,1,False,False,False
117080,22,89,True,1,1,0,1,False,False,False
117140,22,89,True,1,1,0,1,False,False,False
117200,22,89,True,1,1,0,1,False,False,False
117260,22,89,True,1,1,0,1,False,False,False
117320,22,89,True,1,1,0,1,False,False,False
117380,22,89,True,1,1,0,1,False,False,False
117440,22,89,True,1,1,0,1,False,False,False
117500,22,89,True,1,1,0,1,False,False,True
117560,22,89,True,1,1,0,1,False,False,True
117620,22,89,True,1,1,0,1,False,False,True
117680,22,89,True,1,1,0,1,False,False,True
117740,22,89,True,1,1,0,1,False,False,True
119120,100,89,True,1,1,1,1,False,False,False
119180,100,89,True,1,1,1,1,False,False,False
119240,100,89,True,1,1,1,1,False,False,False
119300,100,89,True,1,1,1,1,False,False,False
119360,100,89,True,1,1,1,1,False,False,False
119420,100,89,True,1,1,1,1,False,False,False
119480,100,89,True,1,1,1,1,False,False,False
119540,100,89,True,1,1,1,1,False,False,False
119600,100,89,True,1,1,1,1,False,False,False
119660,100,89,True,1,1,1,1,False,False,False
119720,100,89,True,1,1,1,1,False,False,False
119780,100,89,True,1,1,1,1,False,False,False
119840,100,89,True,1,1,1,1,False,False,False
119900,100,89,True,1,1,1,1,False,False,False
119960,100,89,True,1,1,1,1,False,False,False
120020,100,89,True,1,1,1,1,False,False,False
120080,100,89,True,1,1,1,1,False,False,False
120140,100,89,True,1,1,1,1,False,False,False
120200,100,89,True,1,1,1,1,False,False,False
120260,100,89,True,1,1,1,1,False,False,False
120320,100,89,True,1,1,1,1,False,False,False
120380,100,89,True,1,1,1,1,False,False,False
120440,100,89,True,1,1,1,1,False,False,False
120500,77,85,True,1,1,1,1,False,False,False
120560,77,85,True,1,1,1,1,False,False,False
120620,77,85,True,1,0,1,1,False,False,False
120680,77,85,True,1,0,1,1,False,False,False
120740,77,85,True,1,0,1,1,False,False,False
120800,77,85,True,1,0,1,1,False,False,False
120860,77,85,True,1,0,1,1,False,False,False
120920,77,85,True,1,0,1,0,False,False,False
120980,77,85,True,1,0,1,0,False,False,False
121040,77,85,True,1,0,1,0,False,False,False
121100,77,85,True,1,0,1,0,False,False,False
121160,77,85,True,1,0,1,0,False,False,False
121220,59,85,True,1,0,1,0,False,False,False
121280,59,85,True,1,0,1,0,False,False,False
123500,100,100,True,1,1,1,1,False,True,False
123560,100,100,True,1,1,1,1,False,True,False
123620,100,100,True,1,1,1,1,False,True,False
123680,100,100,True,1,1,1,1,False,True,False
123740,100,100,True,0,1,1,1,False,True,False
123800,100,100,True,0,1,1,1,False,True,False
123860,100,100,True,0,1,1,1,False,True,False
123920,100,100,True,0,1,1,1,False,True,False
123980,100,100,True,0,1,1,1,False,True,False
124040,100,100,True,0,1,1,1,False,True,False
124100,100,100,True,0,1,1,1,False,True,False
124160,100,100,True,0,1,1,1,False,True,False
124220,100,100,True,0,1,0,1,False,True,False
124280,100,100,True,0,1,0,1,False,True,False
124340,100,100,True,0,1,0,1,False,True,False
124400,100,100,True,0,1,0,1,False,True,False
124460,100,100,True,0,1,0,1,False,True,False
124520,100,100,True,0,1,0,1,False,True,False
124580,100,100,True,0,1,0,1,False,True,False
124640,100,100,True,0,1,0,1,False,True,False
124700,100,100,True,0,1,0,1,False,True,False
124760,100,100,True,0,1,0,0,False,True,False
124820,100,100,True,0,1,0,0,False,True,False
124880,100,100,True,0,1,0,0,False,True,False
124940,100,100,True,0,1,0,0,False,True,False
125000,100,100,True,0,1,0,0,False,True,False
125060,100,100,True,0,1,0,0,False,True,False
125120,100,100,True,0,1,0,0,False,False,True
125180,100,100,True,0,1,0,0,False,False,True
125240,100,100,True,0,1,0,0,False,False,True
125300,100,100,True,0,1,0,0,False,False,True
125360,100,100,True,0,1,0,0,False,False,True
125420,100,100,True,0,1,0,0,False,False,True
125480,100,100,True,0,1,0,0,False,False,True
125540,100,100,True,0,1,0,0,False,False,True
125600,100,100,True,0,1,0,0,False,False,True
125660,100,100,True,0,1,0,0,False,False,True
125720,100,100,True,0,1,0,0,False,False,True
128660,100,100,True,1,1,1,1,False,False,False
128720,100,100,True,1,1,1,1,False,False,False
128780,100,100,True,1,1,1,1,False,False,False
128840,100,100,True,1,1,1,1,False,False,False
128900,100,100,True,1,1,1,1,False,False,False
128960,100,100,True,1,1,1,1,False,False,False
129020,100,100,True,1,1,1,1,False,False,False
129080,100,100,True,1,1,1,1,False,False,False
129140,100,100,True,1,1,1,1,False,False,False
129200,100,100,True,1,1,1,1,False,False,False
129260,96,100,True,1,1,1,1,False,False,False
129320,78,100,True,1,1,1,1,False,False,False
129380,78,100,True,1,1,1,1,False,False,False
129440,78,100,True,1,1,1,1,False,False,False
129500,78,100,True,1,1,1,1,False,False,False
129560,54,95,True,1,1,1,1,False,False,False
129620,6,85,True,1,1,1,1,False,False,False
129680,6,85,True,1,1,1,1,False,False,False
129740,6,85,True,1,1,1,1,False,False,False
129800,6,85,True,1,1,1,1,False,False,False
129860,6,85,True,1,0,1,1,False,False,False
129920,6,85,True,1,0,1,1,False,False,False
129980,6,85,True,1,0,1,1,False,False,False
130040,6,85,True,1,0,1,1,False,False,False
130100,6,85,True,1,0,1,1,False,False,False
130160,6,85,True,1,0,1,1,False,False,False
130220,6,85,True,1,0,1,1,False,False,False
130280,6,85,True,1,0,1,1,False,False,False
130340,6,85,True,1,0,1,1,False,False,False
130400,6,85,True,1,0,1,1,False,False,False
130460,6,85,True,1,0,1,1,False,True,False
130520,6,85,True,1,0,1,1,False,True,False
130580,6,85,True,1,0,1,1,False,True,False
130640,6,85,True,1,0,1,1,False,True,False
130700,6,85,True,1,0,1,1,False,False,False
130760,6,85,True,1,0,1,1,False,False,False
130820,6,85,True,1,0,1,1,False,False,False
130880,6,85,True,1,0,1,1,False,False,False
130940,6,85,True,1,0,1,1,False,False,False
131000,6,85,True,1,0,1,1,False,False,False
131060,6,85,True,0,0,1,1,False,False,False
131120,6,85,True,0,0,1,1,False,False,False
131180,6,85,True,0,0,1,0,False,False,False
131240,6,85,True,0,0,1,0,False,False,False
131300,6,85,True,0,0,1,0,False,False,False
131360,6,85,True,0,0,1,0,False,False,False
131420,6,85,True,0,0,1,0,False,False,False
131480,6,85,True,0,0,1,0,False,False,False
131540,6,85,True,0,0,1,0,False,False,False
131600,6,85,True,0,0,1,0,False,False,False
131660,6,85,True,0,0,1,0,False,False,False
131720,6,85,True,0,0,1,0,False,False,False
131780,6,85,True,0,0,1,0,False,False,False
131840,6,85,True,0,0,1,0,False,False,False
131900,6,85,True,0,0,1,0,False,False,False
131960,6,85,True,0,0,1,0,False,False,False
132020,6,85,True,1,0,1,1,False,False,False
132080,6,85,True,1,0,1,1,False,False,False
132140,6,85,True,1,0,1,1,False,False,False
132200,6,85,True,1,0,1,1,False,False,False
132260,6,85,True,1,0,1,1,False,False,False
132320,6,85,True,1,0,1,1,False,False,False
132380,6,85,True,1,0,1,1,False,False,False
132440,6,85,True,1,0,1,1,False,False,False
132500,6,85,True,1,0,1,1,False,False,False
132560,6,85,True,1,0,1,1,False,False,False
132620,6,85,True,1,0,1,1,False,False,False
132680,6,85,True,1,0,1,1,False,False,False
132740,6,85,True,1,0,1,1,False,False,False
132800,6,85,True,0,0,1,1,False,False,False
132860,6,85,True,0,0,1,1,False,False,False
132920,6,85,True,0,0,1,1,False,False,False
132980,6,85,True,0,0,1,1,False,False,False
133040,6,85,True,0,0,1,1,False,False,False
133100,6,85,True,1,0,1,1,False,False,False
133160,6,85,True,1,0,1,1,False,False,False
133220,6,85,True,1,0,1,1,False,False,False
133280,6,85,True,1,0,1,1,False,False,False
133340,6,85,True,1,0,1,1,False,False,False
133400,6,85,True,1,0,1,1,False,False,False
133460,6,85,True,1,0,1,1,False,False,False
133520,6,85,True,1,0,1,1,False,False,False
133580,6,85,True,1,0,1,1,False,False,False
133640,6,85,True,1,0,1,1,False,False,False
133700,6,85,True,1,0,1,1,False,False,False
133760,6,85,True,1,0,1,1,False,False,False
133820,6,85,True,1,0,1,1,False,False,False
133880,6,85,True,1,0,1,1,False,False,False
133940,6,85,True,1,0,1,1,False,False,False
134000,6,85,True,1,0,1,1,False,False,False
134060,6,85,True,1,0,1,1,False,False,False
134120,6,85,True,1,0,1,1,False,False,False
134180,6,85,True,1,0,1,1,False,False,False
134240,6,85,True,1,0,1,1,False,False,False
134300,6,85,True,1,0,1,1,False,False,False
134360,6,85,True,1,0,1,1,False,False,False
134420,6,85,True,1,0,1,1,False,False,False
134480,6,85,True,1,0,0,1,False,False,False
134540,6,85,True,1,0,0,1,False,False,False
134600,6,85,True,1,0,0,0,False,False,False
134660,6,85,True,1,0,0,0,False,False,False
134720,6,85,True,1,0,0,0,False,False,False
134780,6,85,True,1,0,0,0,False,False,False
134840,6,85,True,0,0,0,0,False,False,False
134900,6,85,True,0,0,0,0,False,False,False
134960,6,85,True,0,0,0,0,False,False,False
135020,6,85,True,0,0,0,1,False,False,False
135080,6,85,True,0,0,0,0,False,False,False
135140,6,85,True,0,0,0,0,False,False,False
135200,6,85,True,0,0,0,0,False,False,False
135260,6,85,True,0,0,0,0,False,False,False
135320,6,85,True,0,0,0,0,False,False,False
135380,6,85,True,0,0,0,0,False,False,False
135440,6,85,True,0,0,0,0,False,False,False
135500,6,85,True,0,0,0,0,False,False,False
135560,6,85,True,0,0,0,0,False,False,False
135620,6,85,True,0,0,0,0,False,False,False
135680,6,85,True,0,0,0,0,False,False,False
135740,6,85,True,0,0,0,0,False,False,False
137540,100,100,True,0,0,0,0,False,False,False
137600,100,100,True,0,0,0,0,False,False,False
137660,100,100,True,0,0,0,0,False,False,False
137720,100,100,True,0,0,0,0,False,False,False
137780,100,100,True,0,0,0,0,False,False,False
137840,100,100,True,0,0,0,0,False,False,False
137900,100,100,True,0,0,0,0,False,False,False
137960,100,100,True,0,0,0,0,False,False,False
138020,100,100,True,0,0,0,0,False,False,False
138080,100,100,True,0,0,0,0,False,False,False
138140,100,100,True,0,0,0,0,False,False,False
138200,100,100,True,0,0,0,0,False,False,False
138260,100,100,True,0,0,0,0,False,False,False
138320,100,100,True,0,0,0,0,False,False,False
138380,100,100,True,0,0,0,0,False,False,False
138440,100,100,True,0,0,0,0,False,False,False
138500,100,100,True,0,0,0,0,False,False,False
138560,100,100,True,0,0,0,0,False,False,False
138620,100,100,True,0,0,0,0,False,False,False
138680,100,100,True,0,0,0,0,False,False,False
138740,100,100,True,0,0,0,0,False,False,False
138800,100,100,True,0,0,0,0,False,False,False
138860,100,100,True,0,0,0,0,False,False,False
138920,100,100,True,0,0,0,0,False,False,False
138980,4,80,True,0,0,0,0,False,False,False
143540,100,100,True,1,1,0,0,False,False,False
143600,100,100,True,1,1,0,0,False,False,False
143660,100,100,True,1,1,0,0,False,False,False
143720,100,100,True,1,1,0,0,False,False,False
143780,100,100,True,1,1,0,0,False,False,False
143840,100,100,True,1,1,0,0,False,False,False
143900,100,100,True,1,0,0,0,False,False,False
143960,100,100,True,1,0,0,0,False,False,False
144020,100,100,True,1,0,0,0,False,False,False
144080,100,100,True,1,0,0,0,False,False,False
144140,100,100,True,1,0,0,0,False,False,False
144200,100,100,True,1,0,0,0,False,False,False
144260,100,100,True,1,0,0,0,False,False,False
144320,100,100,True,1,0,0,0,False,False,False
144380,100,100,True,1,0,0,0,False,False,False
144440,100,100,True,1,0,0,0,False,False,False
144500,100,100,True,1,0,0,0,False,False,False
144560,100,100,True,1,0,0,0,False,False,False
144620,100,100,True,0,0,0,0,False,False,False
144680,100,100,True,0,0,0,0,False,False,False
144740,100,100,True,0,0,0,0,False,False,False
144800,100,100,True,0,0,0,0,False,False,False
144860,100,100,True,0,0,0,0,False,False,False
144920,100,100,True,0,0,0,0,False,False,False
144980,100,100,True,0,0,0,0,False,False,False
145040,100,100,True,0,0,0,0,False,False,False
145100,100,100,True,0,0,0,0,False,False,False
145160,100,100,True,0,0,0,0,False,False,False
145220,100,100,True,0,0,0,0,False,False,False
145280,100,100,True,0,0,0,0,False,False,False
145340,100,100,True,0,0,0,0,False,False,False
145400,100,100,True,0,0,0,0,False,False,False
145460,100,100,True,0,0,0,0,False,False,False
145520,100,100,True,0,0,0,0,False,False,False
145580,100,100,True,0,0,0,0,False,False,False
145640,100,100,True,0,0,0,0,False,False,False
145700,100,100,True,0,0,0,0,False,False,False
145760,100,100,True,0,0,0,0,False,False,False
148820,100,100,True,1,0,0,0,False,False,False
148880,100,100,True,1,0,0,0,False,False,False
148940,100,100,True,1,0,0,0,False,False,False
149000,100,100,True,1,0,0,0,False,False,False
149060,100,100,True,1,0,0,0,False,False,False
149120,100,100,True,1,0,0,0,False,False,False
149180,100,100,True,1,0,0,0,False,False,False
149240,100,100,True,1,0,0,0,False,False,False
149300,100,100,True,1,0,0,0,False,False,False
149360,100,100,True,1,0,0,0,False,False,False
149420,100,100,True,1,0,0,0,False,False,False
149480,100,100,True,1,0,0,0,False,False,False
149540,100,100,True,1,0,0,0,False,False,False
149600,100,100,True,1,0,0,0,False,False,False
149660,100,100,True,1,0,0,0,False,False,False
149720,100,100,True,1,0,0,0,False,False,False
149780,100,100,True,1,0,0,0,False,False,False
149840,100,100,True,1,0,0,0,False,False,False
149900,100,100,True,0,0,0,0,False,False,False
149960,100,100,True,0,0,0,0,False,False,False
150020,100,100,True,0,0,0,0,False,False,False
150080,100,100,True,0,0,0,0,False,False,False
150140,100,100,True,0,0,0,0,False,False,False
150200,100,100,True,0,0,0,0,False,False,False
150260,100,100,True,0,0,0,0,False,False,False
150320,100,100,True,0,0,0,0,False,False,False
150380,100,100,True,0,0,0,0,False,False,False
150440,100,100,True,0,0,0,0,False,False,False
150500,100,100,True,0,0,0,0,False,False,False
150560,100,100,True,0,0,0,0,False,False,False
150620,100,100,True,0,0,0,0,False,False,False
150680,100,100,True,0,0,0,0,False,False,False
150740,100,100,True,0,0,0,0,False,False,False
150800,100,100,True,0,0,0,0,False,False,False
150860,100,100,True,0,0,0,0,False,False,False
150920,100,100,True,0,0,0,0,False,False,False
150980,100,100,True,0,0,0,0,False,False,False
151040,100,100,True,0,0,0,0,False,False,False
151100,100,100,True,0,0,0,0,False,False,False
151160,100,100,True,0,0,0,0,False,False,False
151220,100,100,True,0,0,0,0,False,False,False
151280,100,100,True,0,0,0,0,False,False,False
151340,100,100,True,0,0,0,0,False,False,False
151400,100,100,True,0,0,0,0,False,False,False
151460,100,100,True,0,0,0,0,False,False,False
151520,100,100,True,0,0,0,0,False,False,False
151580,100,100,True,0,0,0,0,False,False,False
151640,100,100,True,0,0,0,0,False,False,False
151700,100,100,True,0,0,0,0,False,False,False
151760,100,100,True,0,0,0,0,False,False,False
151820,100,100,True,0,0,0,0,False,False,False
151880,100,100,True,0,0,0,0,False,False,False
151940,100,100,True,0,0,0,0,False,False,False
152000,100,100,True,0,0,0,0,False,False,False
152060,100,100,True,0,0,0,0,False,False,False
152120,100,100,True,0,0,0,0,False,False,False
152180,100,100,True,0,0,0,0,False,False,False
152240,100,100,True,0,0,0,0,False,False,False
152300,100,100,True,0,0,0,0,False,False,False
152360,100,100,True,0,0,0,0,False,False,False
152420,100,100,True,0,0,0,0,False,False,False
152480,100,100,True,0,0,0,0,False,False,False
152540,100,100,True,0,0,0,0,False,False,False
152600,100,100,True,0,0,0,0,False,False,False
152660,100,100,True,0,0,0,0,False,False,False
152720,100,100,True,0,0,0,0,False,False,False
152780,100,100,True,0,0,0,0,False,False,False
152840,100,100,True,0,0,0,0,False,False,False
152900,100,100,True,0,0,0,0,False,False,False
152960,100,100,True,0,0,0,0,False,False,False
153020,100,100,True,0,0,0,0,False,False,False
153080,100,100,True,0,0,0,0,False,False,False
153140,100,100,True,0,0,0,0,False,False,False
153200,100,100,True,0,0,0,0,False,False,False
153260,73,97,True,0,0,0,0,False,False,False
153320,73,97,True,0,0,0,0,False,False,False
153380,73,97,True,0,0,0,0,False,False,False
153440,73,97,True,0,0,0,0,False,False,False
153500,73,97,True,0,0,0,0,False,False,False
153560,73,97,True,0,0,0,0,False,False,False
153620,73,97,True,0,0,0,0,False,False,False
153680,73,97,True,0,0,0,0,False,False,False
153740,46,94,True,0,0,0,0,False,False,False
153800,46,94,True,0,0,0,0,False,False,False
153860,46,94,True,0,0,0,0,False,False,False
153920,46,94,True,0,0,0,0,False,False,False
153980,46,94,True,0,0,0,0,False,False,False
154040,46,94,True,0,0,0,0,False,False,False
154100,46,94,True,0,0,0,0,False,False,False
154160,46,94,True,0,0,0,0,False,False,False
154220,46,94,True,0,0,0,0,False,False,False
154280,46,94,True,0,0,0,0,False,False,False
154340,46,94,True,0,0,0,0,False,False,False
154400,46,94,True,0,0,0,0,False,False,False
154460,46,94,True,0,0,0,0,False,False,False
154520,46,94,True,0,0,0,0,False,False,False
154580,46,94,True,0,0,0,0,False,True,False
154640,46,94,True,0,0,0,0,False,True,False
154700,46,94,True,0,0,0,0,False,True,False
154760,46,94,True,0,0,0,0,False,True,False
154820,46,94,True,0,0,0,0,False,True,False
154880,46,94,True,0,0,0,0,False,True,False
154940,46,94,True,0,0,0,0,False,True,False
155000,46,94,True,0,0,0,0,False,True,False
155060,46,94,True,0,0,0,0,False,True,False
156860,100,100,True,1,1,1,1,False,False,False
156920,100,100,True,1,1,1,1,False,False,False
156980,100,100,True,1,1,1,1,False,False,False
157040,100,100,True,1,1,1,1,False,False,False
157100,100,100,True,0,1,1,1,False,False,False
157160,100,100,True,0,1,1,1,False,False,False
157220,100,100,True,0,1,1,1,False,False,False
157280,100,100,True,0,1,1,0,False,False,False
157340,100,100,True,0,1,1,0,False,False,False
157400,100,100,True,0,1,1,0,False,False,False
157460,100,100,True,0,1,1,0,False,False,False
157520,100,100,True,0,1,1,0,False,False,False
157580,100,100,True,0,1,1,0,False,False,False
157640,100,100,True,0,1,1,0,False,False,False
157700,100,100,True,0,1,1,0,False,False,False
157760,100,100,True,0,1,1,0,False,False,False
157820,100,100,True,0,1,1,0,False,False,False
157880,100,100,True,0,1,1,0,False,False,False
157940,100,100,True,0,1,1,0,False,False,False
158000,100,100,True,0,1,1,0,False,False,False
158060,100,100,True,0,1,1,0,False,False,False
158120,100,100,True,0,1,1,0,False,False,False
158180,100,100,True,0,1,1,0,False,False,False
158240,100,100,True,0,1,1,0,False,False,False
158300,100,100,True,0,1,1,0,False,False,False
158360,100,100,True,0,1,1,0,False,False,False
158420,100,100,True,0,1,1,0,False,False,False
158480,100,100,True,0,1,1,0,False,False,False
158540,100,100,True,1,1,1,0,False,False,False
158600,100,100,True,1,1,1,0,False,False,False
158660,100,100,True,1,1,1,0,False,False,False
158720,100,100,True,1,1,1,0,False,False,False
158780,100,100,True,1,1,1,0,False,False,False
158840,100,100,True,1,0,1,0,False,False,False
158900,100,100,True,1,0,1,0,False,False,False
158960,100,100,True,1,0,1,0,False,False,False
159020,100,100,True,1,0,1,0,False,False,False
159080,100,100,True,0,0,1,0,False,False,False
159140,100,100,True,0,0,1,0,False,False,False
159200,100,100,True,0,0,1,0,False,False,False
159260,100,100,True,0,0,1,0,False,False,False
159320,100,100,True,0,0,1,0,False,False,False
159380,100,100,True,0,0,1,0,False,False,False
159440,100,100,True,0,0,1,0,False,False,False
159500,100,100,True,0,0,1,0,False,False,False
159560,100,100,True,0,0,1,0,False,False,False
159620,100,100,True,0,0,1,0,False,False,False
159680,100,100,True,0,0,1,0,False,False,False
159740,100,100,True,0,0,1,0,False,False,False
159800,100,100,True,0,0,1,0,False,False,False
