0,1,2,3,4,5,6,7,8,9,10
10681,100,100,False,0,0,0,0,False,False,False
10741,100,100,False,0,0,0,0,False,False,False
10801,100,100,False,0,0,0,0,False,False,False
10861,100,100,False,0,0,0,0,False,False,False
10921,100,100,False,0,0,0,0,False,False,False
10981,100,100,False,0,0,0,0,False,False,False
11041,100,100,False,0,0,0,0,False,False,False
11101,100,100,False,0,0,0,0,False,False,False
11161,100,100,False,0,0,0,0,False,False,False
11221,100,100,False,0,0,0,0,False,False,False
11281,100,100,False,0,0,0,0,False,False,False
11341,100,100,False,0,0,0,0,False,False,False
11401,100,100,False,0,0,0,0,False,False,False
11461,100,100,False,0,0,0,0,False,False,False
11521,100,100,False,0,0,0,0,False,False,False
11581,100,100,False,0,0,0,0,False,False,False
11641,100,100,False,0,0,0,0,False,False,False
11701,100,100,False,0,0,0,0,False,False,False
11761,100,100,False,0,0,0,0,False,False,False
11821,100,100,False,0,0,0,0,False,False,False
11881,100,100,False,0,0,0,0,False,False,False
13861,100,100,False,0,0,0,0,False,False,False
13921,100,100,False,0,0,0,0,False,False,False
13981,100,100,False,0,0,0,0,False,False,False
14041,100,100,False,0,0,0,0,False,False,False
14101,100,100,False,0,0,0,0,False,False,False
14161,100,100,False,0,0,0,0,False,False,False
14221,100,100,False,0,0,0,0,False,False,False
14281,100,100,False,0,0,0,0,False,False,False
14341,100,100,False,0,0,0,0,False,False,False
14401,100,100,False,0,0,0,0,False,False,False
20641,100,0,False,0,0,0,0,False,False,False
20701,100,0,False,0,0,0,0,False,False,False
20761,100,0,False,0,0,0,0,False,False,False
20821,100,0,False,0,0,0,0,False,False,False
20881,100,0,False,0,0,0,0,False,False,False
20941,100,0,False,0,0,0,0,False,False,False
21001,100,0,False,0,0,0,0,False,False,False
21061,100,0,False,0,0,0,0,False,False,False
21121,100,0,False,0,0,0,0,False,False,False
21181,100,0,False,0,0,0,0,False,False,False
21241,9,0,False,0,0,0,0,False,False,False
21301,9,0,False,0,0,0,0,False,False,False
21361,9,0,False,0,0,0,0,False,False,False
24361,100,100,True,1,1,0,0,False,False,False
24421,100,100,True,1,1,0,0,False,False,False
24481,100,100,True,1,1,0,0,False,False,False
24541,100,100,True,1,1,0,0,False,False,False
24601,100,100,True,1,1,0,0,False,False,False
24661,100,100,True,1,1,0,0,False,False,False
24721,100,100,True,1,1,0,0,False,False,False
24781,100,100,True,1,1,0,0,False,False,False
24841,100,100,True,1,1,0,0,False,False,False
24901,100,100,True,1,1,0,0,False,False,False
24961,100,100,True,1,1,0,0,False,False,False
25021,97,98,True,1,1,0,0,False,False,False
25081,97,98,True,1,1,0,0,False,False,False
25141,97,98,True,1,1,0,0,False,False,False
25201,97,98,True,1,1,0,0,False,False,False
33121,100,100,True,1,1,0,1,False,False,False
33181,100,100,True,1,1,0,1,False,False,False
33241,100,100,True,1,1,0,1,False,False,False
33301,100,100,True,1,1,0,1,False,False,False
33361,100,100,True,1,1,0,1,False,False,False
33421,100,100,True,1,1,0,1,False,False,False
33481,100,100,True,1,1,0,1,False,False,False
33541,100,100,True,1,1,0,1,False,False,False
33601,100,100,True,1,1,0,1,False,False,False
33661,95,100,True,1,1,0,1,False,False,False
33721,77,100,True,1,1,0,1,False,False,False
33781,39,100,True,1,1,0,1,False,False,False
33841,31,100,True,1,1,0,1,False,False,False
33901,31,100,True,1,1,0,1,False,False,False
33961,31,100,True,1,1,0,1,False,False,False
34021,31,100,True,1,1,0,1,False,False,False
34081,31,100,True,1,1,0,1,False,False,False
34141,31,100,True,1,1,0,1,False,False,False
34201,31,100,True,1,1,0,1,False,False,False
34261,31,100,True,1,1,0,1,False,False,False
34321,31,100,True,1,1,0,1,False,False,False
34381,31,100,True,1,1,0,1,False,False,False
34441,31,100,True,1,1,0,1,False,False,False
34501,31,100,True,1,1,0,1,False,False,False
34561,31,100,True,1,1,0,1,False,False,False
34621,31,100,True,1,1,0,1,False,False,False
34681,31,100,True,1,1,0,1,False,False,False
34741,31,100,True,1,1,0,1,False,False,False
34801,31,100,True,1,1,0,1,False,False,False
34861,31,100,True,1,1,0,1,False,False,False
34921,31,100,True,1,1,0,1,False,False,False
34981,31,100,True,1,1,0,1,False,False,False
35041,31,100,True,1,1,0,1,False,False,False
35101,31,100,True,1,1,0,1,False,False,False
35161,31,100,True,1,1,0,1,False,False,False
35221,31,100,True,1,1,0,1,False,False,False
35281,31,100,True,1,1,0,1,False,False,False
35341,31,100,True,1,1,0,1,False,False,False
35401,31,100,True,1,1,0,1,False,False,False
35461,31,100,True,1,1,0,1,False,False,False
35521,31,100,True,1,1,0,1,False,False,False
35581,31,100,True,1,1,0,1,False,False,False
35641,31,100,True,1,1,0,1,False,False,False
35701,31,100,True,1,1,0,1,False,False,False
35761,31,100,True,1,1,0,1,False,False,False
35821,31,100,True,1,1,0,1,False,False,False
35881,31,100,True,1,1,0,1,False,False,False
35941,31,100,True,1,1,0,1,False,False,False
36001,31,100,True,1,1,0,1,False,False,False
36061,31,100,True,1,1,0,1,False,False,False
36121,31,100,True,1,1,0,1,False,False,False
36181,31,100,True,1,1,0,1,False,False,False
36241,31,100,True,1,1,0,1,False,False,False
36301,31,100,True,1,1,0,1,False,False,False
36361,31,100,True,1,1,0,1,False,False,False
36421,31,100,True,1,1,0,1,False,False,False
36481,31,100,True,1,1,0,1,False,False,False
36541,31,100,True,1,1,0,1,False,False,False
36601,31,100,True,1,1,0,1,False,False,False
36661,31,100,True,1,1,0,1,False,False,False
36721,31,100,True,1,1,0,1,False,False,False
36781,31,100,True,1,1,0,1,False,False,False
36841,31,100,True,1,1,0,1,False,False,False
36901,31,100,True,1,1,0,1,False,False,False
36961,31,100,True,1,1,0,1,False,False,False
37021,31,100,True,1,1,0,1,False,False,False
37081,31,100,True,1,1,0,1,False,False,False
37141,31,100,True,1,1,0,1,False,False,False
37201,31,100,True,1,1,0,1,False,False,False
37261,31,100,True,1,1,0,1,False,False,False
37321,31,100,True,1,1,0,1,False,False,False
37381,31,100,True,1,1,0,1,False,False,False
37441,31,100,True,1,1,0,1,False,False,False
37501,31,100,True,1,1,0,1,False,False,False
37561,31,100,True,1,1,0,1,False,False,False
37621,31,100,True,1,1,0,1,False,False,False
37681,31,100,True,1,1,0,1,False,False,False
37741,31,100,True,1,1,0,1,False,False,False
37801,31,100,True,1,1,0,1,False,False,False
42181,100,100,True,1,0,0,1,False,False,False
42241,100,100,True,1,0,0,1,False,False,False
42301,100,100,True,1,0,0,1,False,False,False
42361,100,100,True,1,0,0,1,False,False,False
42421,100,100,True,1,0,0,1,False,False,False
42481,100,100,True,1,0,0,1,False,False,False
42541,100,100,True,1,0,0,1,False,False,False
42601,100,100,True,1,0,0,1,False,False,False
42661,100,100,True,1,0,0,1,False,False,False
42721,100,100,True,1,0,0,1,False,False,False
42781,100,100,True,1,0,0,1,False,False,False
42841,100,100,True,1,0,0,1,False,False,False
42901,100,100,True,1,0,0,1,False,False,False
42961,100,100,True,1,0,0,1,False,False,False
43021,100,100,True,1,0,0,1,False,False,False
43081,100,100,True,1,0,0,1,False,False,False
43141,100,100,True,1,0,0,1,False,False,False
43201,100,100,True,1,0,0,1,False,False,False
43261,100,100,True,1,0,0,1,False,False,False
43321,100,100,True,1,0,0,1,False,False,False
43381,100,100,True,1,0,0,1,False,False,False
43441,100,100,True,1,0,0,1,False,False,False
43501,100,100,True,1,0,0,1,False,False,False
43561,100,100,True,1,0,0,1,False,False,False
43621,100,100,True,1,0,0,1,False,False,False
43681,100,100,True,1,0,0,1,False,False,False
43741,100,100,True,1,0,0,1,False,False,False
43801,100,100,True,1,0,0,1,False,False,False
43861,100,100,True,1,0,0,1,False,False,False
43921,100,100,True,1,0,0,1,False,False,False
43981,100,100,True,1,0,0,1,False,False,False
44041,100,100,True,1,0,0,1,False,False,False
44101,100,100,True,1,0,0,1,False,False,False
44161,100,100,True,1,0,0,1,False,False,False
44221,100,100,True,1,0,0,1,False,False,False
44281,100,100,True,1,0,0,1,False,False,False
44341,100,100,True,1,0,0,0,False,False,False
44401,100,100,True,1,0,0,0,False,False,False
44461,100,100,True,1,0,0,0,False,False,True
44521,100,100,True,1,0,0,0,False,False,True
44581,100,100,True,1,0,0,0,False,False,True
44641,100,100,True,1,0,0,0,False,False,True
44701,100,100,True,1,0,0,0,False,False,True
44761,100,100,True,1,0,0,0,False,False,True
44821,100,100,True,1,0,0,0,False,False,True
44881,100,100,True,1,0,0,0,False,False,True
44941,100,100,True,1,0,0,0,False,False,True
45001,100,100,True,1,0,0,0,False,False,True
45061,100,100,True,1,0,0,0,False,False,True
45121,100,100,True,1,0,0,0,False,False,True
45181,100,100,True,1,0,0,0,False,False,True
45241,100,100,True,1,0,0,0,False,False,True
45301,100,100,True,1,0,0,0,False,False,True
45361,100,100,True,1,0,0,0,False,False,True
45421,100,100,True,1,0,0,0,False,False,True
45481,100,100,True,1,0,0,0,False,False,True
45541,100,100,True,1,0,0,0,False,False,True
45601,100,100,True,1,0,0,0,False,False,True
45661,100,100,True,1,0,0,0,False,False,True
45721,100,100,True,1,0,0,0,False,False,True
45781,100,100,True,1,0,0,0,False,False,True
45841,100,100,True,1,0,0,0,False,False,True
45901,100,100,True,1,0,0,0,False,False,True
45961,100,100,True,1,0,0,0,False,False,True
46021,100,100,True,1,0,0,0,False,False,True
46081,100,100,True,1,0,0,0,False,False,True
46141,100,100,True,1,0,0,0,False,False,True
46201,100,100,True,1,0,0,0,False,False,True
46261,100,100,True,1,0,0,0,False,False,True
46321,100,100,True,1,0,0,0,False,False,True
46381,100,100,True,1,0,0,0,False,False,True
46441,100,100,True,1,0,0,0,False,False,True
46501,100,100,True,1,0,0,0,False,False,True
46561,100,100,True,1,0,0,0,False,False,True
46621,100,100,True,1,0,0,0,False,False,True
46681,100,100,True,1,0,0,0,False,False,True
46741,100,100,True,1,0,0,0,False,False,True
46801,100,100,True,1,0,0,0,False,False,True
46861,100,100,True,1,0,0,0,False,False,True
46921,100,100,True,1,0,0,0,False,False,True
46981,100,100,True,1,0,0,0,False,False,True
47041,53,53,True,1,0,0,0,False,False,False
47101,53,53,True,1,0,0,0,False,False,False
47161,53,53,True,1,0,0,0,False,False,False
47221,53,53,True,1,0,0,0,False,False,False
47281,53,53,True,1,0,0,0,False,False,False
47341,53,53,True,1,0,0,0,False,False,False
47401,53,53,True,1,0,0,0,False,False,False
47461,53,53,True,1,0,0,0,False,False,False
48781,100,53,True,1,1,0,1,False,False,False
48841,100,53,True,1,1,0,1,False,False,False
48901,100,53,True,1,1,0,1,False,False,False
48961,100,53,True,1,1,0,1,False,False,False
49021,100,53,True,1,1,0,1,False,False,False
49081,100,53,True,1,1,0,1,False,False,False
49141,100,53,True,1,1,0,1,False,False,False
49201,100,53,True,1,1,0,1,False,False,False
49261,100,53,True,1,1,0,1,False,False,False
49321,100,53,True,1,1,0,1,False,False,False
49381,100,53,True,1,1,0,1,False,False,False
49441,100,53,True,1,1,0,1,False,False,False
49501,100,53,True,1,1,0,1,False,False,False
49561,100,53,True,1,1,0,1,False,False,False
49621,100,53,True,1,1,0,1,False,False,False
49681,100,53,True,1,1,0,1,False,False,False
49741,100,53,True,1,1,0,1,False,False,False
49801,100,53,True,1,1,0,1,False,False,False
49861,100,53,True,1,1,0,1,False,True,False
49921,100,53,True,1,1,0,1,False,True,False
49981,100,53,True,1,1,0,1,False,True,False
50041,100,53,True,1,1,0,1,False,True,False
50101,100,53,True,1,1,0,1,False,True,False
50161,100,53,True,1,1,0,1,False,True,False
50221,100,53,True,1,1,0,1,False,True,False
50281,100,53,True,1,1,0,1,False,True,False
50341,100,53,True,1,1,0,1,False,True,False
50401,100,53,True,1,1,0,1,False,True,False
50461,100,53,True,1,1,0,1,False,True,False
50521,100,53,True,1,1,0,1,False,True,False
50581,100,53,True,1,1,0,1,False,False,False
50641,100,53,True,1,1,0,1,False,False,False
50701,100,53,True,1,1,0,1,False,False,False
50761,100,53,True,1,1,0,1,False,False,False
50821,100,53,True,1,1,0,1,False,False,False
50881,100,53,True,1,1,0,1,False,False,False
50941,100,53,True,1,1,0,1,False,False,False
51001,100,53,True,1,1,0,1,False,False,False
51061,100,53,True,1,1,0,1,False,False,False
51121,100,53,True,1,1,0,1,False,False,False
51181,100,53,True,1,1,0,1,False,False,False
51241,100,53,True,1,1,0,1,False,False,False
51301,100,53,True,1,1,0,1,False,False,False
51361,100,53,True,1,1,0,1,False,False,False
51421,100,53,True,1,1,0,1,False,False,False
51481,100,53,True,1,1,0,1,False,False,False
51541,100,53,True,1,1,0,1,False,False,False
51601,100,53,True,1,1,0,1,False,False,False
51661,100,53,True,1,1,0,1,False,False,False
51721,100,53,True,1,1,0,1,False,False,False
51781,100,53,True,1,1,0,1,False,False,False
51841,100,53,True,1,1,0,0,False,False,False
51901,100,53,True,1,1,0,0,False,False,False
51961,100,53,True,1,1,0,0,False,False,False
52021,100,53,True,1,1,0,0,False,False,False
52081,100,53,True,1,1,0,0,False,False,False
52141,100,53,True,1,1,0,0,False,False,False
52201,100,53,True,1,1,0,0,False,False,False
52261,100,53,True,1,1,0,0,False,False,False
52321,100,53,True,1,1,0,0,False,False,False
52381,100,53,True,1,1,0,0,False,False,False
52441,100,53,True,1,1,0,0,False,False,False
52501,100,53,True,1,1,0,0,False,False,False
52561,100,53,True,1,1,0,0,False,False,False
52621,100,53,True,1,1,0,0,False,False,False
52681,100,53,True,1,1,0,0,False,False,False
52741,100,53,True,1,1,0,0,False,False,False
52801,100,53,True,1,1,0,0,False,False,False
52861,100,53,True,1,1,0,0,False,False,False
52921,100,53,True,1,1,0,0,False,False,False
52981,100,53,True,1,1,0,0,False,False,False
53041,100,53,True,1,1,0,0,False,False,False
53101,100,53,True,1,1,0,0,False,False,False
53161,100,53,True,1,1,0,0,False,False,False
53221,100,53,True,1,1,0,0,False,False,False
53281,100,53,True,1,1,0,0,False,False,False
53341,100,53,True,1,1,0,0,False,False,False
53401,100,53,True,1,1,0,0,False,False,False
53461,100,53,True,1,1,0,0,False,False,False
53521,100,53,True,1,1,0,0,False,False,False
53581,100,53,True,1,1,0,0,False,False,False
53641,100,53,True,1,1,0,0,False,False,False
53701,100,53,True,1,1,0,0,False,False,False
53761,100,53,True,1,1,0,0,False,False,False
53821,100,53,True,1,1,0,0,False,False,False
53881,100,53,True,1,1,0,0,False,False,False
53941,100,53,True,1,1,0,0,False,False,False
54001,100,53,True,1,1,0,0,False,False,False
54061,100,53,True,0,1,0,0,False,False,False
54121,100,53,True,0,1,0,0,False,True,False
54181,100,53,True,0,1,0,0,False,True,False
54241,100,53,True,0,1,0,0,False,True,False
54301,100,53,True,0,1,0,0,False,True,False
54361,100,53,True,0,1,0,0,False,True,False
54421,100,53,True,0,1,0,0,False,True,False
54481,100,53,True,0,1,0,0,False,True,False
54541,100,53,True,0,1,0,0,False,True,False
54601,100,53,True,0,1,0,0,False,True,False
54661,100,53,True,0,1,0,0,False,True,False
54721,100,53,True,0,1,0,0,False,True,False
54781,100,53,True,0,1,0,0,False,False,False
54841,100,53,True,0,1,0,0,False,False,False
54901,100,53,True,0,1,0,0,False,False,False
54961,100,53,True,0,1,0,0,False,False,False
55021,100,53,True,0,1,0,0,False,False,False
55081,100,53,True,0,1,0,0,False,False,False
55141,100,53,True,0,1,0,0,False,False,False
55201,100,53,True,0,1,0,0,False,False,False
55261,100,53,True,0,1,0,0,False,False,False
55321,100,53,True,0,1,0,0,False,False,False
55381,100,53,True,0,1,0,0,False,False,False
55441,100,53,True,0,1,0,0,False,False,False
55501,100,53,True,0,1,0,0,False,False,False
55561,100,53,True,0,1,0,0,False,False,False
55621,100,53,True,0,1,0,0,False,False,False
55681,100,53,True,0,1,0,0,False,False,False
55741,100,53,True,0,1,0,0,False,False,False
55801,100,53,True,0,1,0,0,False,True,False
55861,100,53,True,0,1,0,0,False,True,False
55921,100,53,True,0,1,0,0,False,True,False
55981,100,53,True,0,1,0,0,False,True,False
56041,100,53,True,0,1,0,0,False,True,False
56101,100,53,True,0,1,0,0,False,False,True
56161,100,53,True,0,1,0,0,False,False,True
56221,100,53,True,0,1,0,0,False,False,True
56281,100,53,True,0,1,0,0,False,False,True
56341,14,41,True,0,1,0,0,False,False,True
59281,100,100,False,0,0,0,0,False,False,False
59341,100,100,False,0,0,0,0,False,False,False
59401,100,100,False,0,0,0,0,False,False,False
59461,100,100,False,0,0,0,0,False,False,False
59521,100,100,False,0,0,0,0,False,False,False
59581,100,100,False,0,0,0,0,False,False,False
59641,100,100,False,1,0,0,1,False,False,False
59701,100,100,False,1,0,0,1,False,False,False
59761,100,100,False,1,0,0,1,False,False,False
59821,100,100,False,1,0,0,1,False,False,False
59881,100,100,False,0,0,0,1,False,False,False
59941,100,100,False,0,0,0,1,False,False,False
60001,100,100,False,0,0,0,1,False,False,False
60061,100,100,False,0,0,0,1,False,False,False
62401,100,0,False,0,0,0,0,False,True,False
62461,100,0,False,0,0,0,0,False,True,False
62521,100,0,False,0,0,0,0,False,True,False
62581,100,0,False,0,0,0,0,False,True,False
62641,100,0,False,0,0,0,0,False,False,False
62701,100,0,False,0,0,0,0,False,False,False
62761,100,0,False,0,0,0,0,False,False,False
62821,100,0,False,0,0,0,0,False,False,False
62881,100,0,False,0,0,0,0,False,False,False
62941,100,0,False,0,0,0,0,False,False,False
63001,100,0,False,0,0,0,0,False,False,False
63061,100,0,False,0,0,0,0,False,False,False
63121,100,0,False,0,0,0,0,False,False,False
63181,100,0,False,0,0,0,0,False,False,False
63241,100,0,False,0,0,0,0,False,False,False
63301,100,0,False,0,0,0,0,False,False,False
63361,100,0,False,0,0,0,0,False,False,False
63421,100,0,False,0,0,0,0,False,False,False
63481,100,0,False,0,0,0,0,False,False,False
63541,100,0,False,0,0,0,0,False,False,False
63601,100,0,False,0,0,0,0,False,False,False
63661,100,0,False,0,0,0,0,False,False,False
63721,100,0,False,0,0,0,0,False,False,False
63781,100,0,False,0,0,0,0,False,False,False
63841,100,0,False,0,0,0,0,False,False,False
63901,100,0,False,0,0,0,0,False,False,False
63961,100,0,False,0,0,0,0,False,False,False
64021,100,0,False,0,0,0,0,False,False,False
64081,100,0,False,0,0,0,0,False,False,False
64141,100,0,False,0,0,0,0,False,False,False
64201,100,0,False,0,0,0,0,False,False,False
64261,100,0,False,0,0,0,0,False,False,False
64321,100,0,False,0,0,0,0,False,False,False
64381,100,0,False,0,0,0,0,False,False,False
64441,100,0,False,0,0,0,0,False,False,False
64501,100,0,False,0,0,0,0,False,False,False
66841,100,100,True,1,1,0,0,False,False,False
66901,100,100,True,1,1,0,0,False,False,False
66961,100,100,True,1,1,0,0,False,False,False
67021,100,100,True,1,1,0,0,False,False,False
67081,100,100,True,1,1,0,0,False,False,False
67141,100,100,True,1,1,0,0,False,False,False
67201,100,100,True,1,1,0,0,False,False,False
67261,100,100,True,1,1,0,0,False,False,False
67321,100,100,True,1,1,0,0,False,False,False
67381,100,100,True,1,1,0,0,False,False,False
67441,100,100,True,1,1,0,0,False,False,False
67501,100,100,True,1,1,0,0,False,False,False
67561,100,100,True,1,1,0,0,False,False,False
67621,100,100,True,1,1,0,0,False,False,False
67681,100,100,True,1,1,0,0,False,False,False
67741,100,100,True,1,1,0,0,False,False,False
67801,100,100,True,1,1,0,0,False,False,False
67861,100,100,True,1,1,0,0,False,False,False
67921,100,100,True,1,1,0,0,False,False,False
67981,100,100,True,0,1,0,0,False,False,False
68041,100,100,True,0,1,0,0,False,False,False
68101,100,100,True,0,1,0,0,False,False,False
68161,100,100,True,0,1,0,0,False,False,False
68221,100,100,True,0,1,1,0,False,False,False
68281,100,100,True,0,1,1,0,False,False,False
68341,100,100,True,0,1,1,0,False,False,False
68401,100,100,True,0,1,1,0,False,False,False
68461,100,100,True,0,1,1,0,False,False,False
68521,100,100,True,0,1,1,0,False,False,False
68581,100,100,True,0,1,1,0,False,False,False
68641,100,100,True,0,1,1,0,False,False,False
68701,100,100,True,0,1,1,0,False,False,False
68761,100,100,True,0,1,1,0,False,False,False
68821,100,100,True,0,1,1,0,False,False,False
68881,100,100,True,0,1,1,0,False,False,False
68941,100,100,True,0,1,1,0,False,False,False
69001,100,100,True,0,1,1,0,False,False,False
69061,100,100,True,0,1,1,0,False,False,False
69121,100,100,True,0,1,1,0,False,False,False
69181,100,100,True,0,1,1,0,False,False,False
69241,100,100,True,0,1,1,0,False,False,False
69301,100,100,True,0,1,1,0,False,False,False
69361,100,100,True,0,1,1,0,False,False,False
69421,100,100,True,0,1,1,0,False,False,False
69481,100,100,True,0,1,1,0,False,False,False
69541,100,100,True,0,1,1,0,False,False,False
69601,100,100,True,0,1,1,0,False,False,False
69661,100,100,True,0,1,1,0,False,False,False
69721,100,100,True,0,1,1,0,False,False,False
69781,100,100,True,0,1,1,0,False,False,False
69841,100,100,True,0,1,1,0,False,False,False
69901,100,100,True,0,1,1,0,False,False,False
69961,100,100,True,0,1,1,0,False,False,False
70021,100,100,True,0,1,1,0,False,False,False
70081,100,100,True,0,1,1,0,False,False,False
70141,100,100,True,0,1,1,0,False,False,False
70201,100,100,True,0,1,1,0,False,False,False
70261,100,100,True,0,1,1,0,False,False,False
70321,100,100,True,0,1,1,0,False,False,False
70381,100,100,True,0,1,1,0,False,False,False
70441,100,100,True,0,1,1,0,False,False,False
70501,100,100,True,0,1,1,0,False,False,False
70561,100,100,True,0,1,1,0,False,False,False
70621,100,100,True,0,1,1,0,False,False,False
70681,100,100,True,0,1,1,0,False,False,False
70741,100,100,True,0,1,1,0,False,False,True
70801,100,100,True,0,1,1,0,False,False,True
70861,100,100,True,0,1,1,0,False,False,True
70921,100,100,True,0,1,1,0,False,False,True
70981,100,100,True,0,1,1,0,False,False,True
71041,100,100,True,0,1,1,0,False,False,True
71101,100,100,True,0,1,1,0,False,False,True
71161,100,100,True,0,1,1,0,False,False,True
71221,100,100,True,0,1,1,0,False,False,True
71281,100,100,True,0,1,1,0,False,False,True
71341,100,100,True,0,1,1,0,False,False,True
71401,100,100,True,0,1,1,0,False,False,True
71461,100,100,True,0,1,1,0,False,False,True
71521,100,100,True,0,1,1,0,False,False,True
71581,100,100,True,0,1,1,0,False,False,True
71641,100,100,True,0,1,1,0,False,False,True
71701,100,100,True,0,1,1,0,False,False,True
71761,100,100,True,0,1,1,0,False,False,True
71821,100,100,True,0,1,1,0,False,False,True
71881,100,100,True,0,1,1,0,False,False,True
71941,100,100,True,0,1,1,0,False,False,True
72001,100,100,True,0,1,1,0,False,False,True
72061,100,100,True,0,1,1,0,False,False,True
72121,100,100,True,0,1,1,0,False,False,True
72181,100,100,True,0,1,1,0,False,False,True
72241,100,100,True,0,1,1,0,False,False,True
72301,100,100,True,0,1,1,0,False,False,True
72361,100,100,True,0,1,1,0,False,False,True
72421,100,100,True,0,1,1,0,False,False,True
72481,100,100,True,0,1,1,0,False,False,True
72541,100,100,True,0,1,1,0,False,False,True
72601,100,100,True,0,1,1,0,False,False,True
72661,100,100,True,0,1,1,0,False,False,True
72721,100,100,True,0,1,1,0,False,False,True
72781,100,100,True,0,1,1,0,False,False,True
72841,100,100,True,0,1,1,0,False,False,True
72901,100,100,True,0,1,1,0,False,False,True
72961,100,100,True,0,1,1,0,False,False,True
73021,100,100,True,0,1,1,0,False,False,True
73081,100,100,True,0,1,1,0,False,False,True
73141,32,92,True,0,1,1,0,False,False,True
75121,100,100,True,1,1,0,0,False,False,False
75181,100,100,True,1,1,0,0,False,False,False
75241,100,100,True,1,1,0,0,False,False,False
75301,100,100,True,1,1,0,0,False,False,False
75361,100,100,True,1,1,0,0,False,False,False
75421,100,100,True,1,1,0,0,False,False,False
75481,100,100,True,1,1,0,0,False,False,False
75541,100,100,True,1,1,0,0,False,False,False
75601,100,100,True,1,1,0,0,False,False,False
75661,100,100,True,1,1,0,0,False,False,False
75721,100,100,True,1,1,0,0,False,False,False
75781,100,100,True,1,1,0,0,False,False,False
75841,100,100,True,1,1,0,0,False,False,False
75901,100,100,True,1,1,0,0,False,False,False
75961,100,100,True,1,1,0,0,False,False,False
76021,100,100,True,1,1,0,0,False,False,False
76081,100,100,True,1,1,0,0,False,False,False
76141,100,100,True,1,1,0,0,False,False,False
76201,100,100,True,1,1,0,0,False,False,False
76261,100,100,True,1,1,0,0,False,False,False
76321,100,100,True,1,1,0,0,False,False,False
76381,100,100,True,1,1,0,0,False,False,False
76441,100,100,True,1,1,0,0,False,False,False
76501,100,100,True,1,1,0,0,False,False,False
76561,100,100,True,1,1,0,0,False,False,False
76621,100,100,True,1,1,0,0,False,False,False
76681,100,100,True,1,1,0,0,False,False,False
76741,100,100,True,1,1,0,0,False,False,False
76801,100,100,True,1,1,0,0,False,False,False
76861,100,100,True,1,1,0,0,False,False,False
76921,100,100,True,1,1,0,0,False,False,False
76981,100,100,True,1,1,0,0,False,False,False
77041,100,100,True,1,1,0,0,False,False,False
77101,100,100,True,1,1,0,0,False,False,False
77161,100,100,True,1,1,0,0,False,False,False
77221,100,100,True,1,1,0,0,False,False,False
77281,100,100,True,1,1,0,0,False,False,False
77341,100,100,True,1,1,0,0,False,False,False
77401,100,100,True,1,1,0,0,False,False,False
77461,100,100,True,1,1,0,0,False,False,False
77521,100,100,True,1,1,0,0,False,False,False
77581,100,100,True,1,1,0,0,False,False,False
77641,100,100,True,1,1,0,0,False,False,False
77701,100,100,True,1,1,0,0,False,False,False
77761,100,100,True,1,1,0,0,False,False,False
77821,100,100,True,1,1,0,0,False,False,False
77881,100,100,True,1,1,0,0,False,False,False
77941,100,100,True,1,1,0,0,False,False,False
78001,100,100,True,1,1,0,0,False,False,False
78061,100,100,True,1,1,0,0,False,False,False
78121,100,100,True,1,1,0,0,False,False,False
78181,100,100,True,1,1,0,0,False,False,False
78241,100,100,True,1,1,0,0,False,False,False
78301,100,100,True,1,1,0,0,False,False,False
78361,100,100,True,1,1,0,0,False,False,False
78421,100,100,True,1,1,0,0,False,False,False
78481,100,100,True,1,1,0,0,False,False,False
78541,100,100,True,1,1,0,0,False,False,False
78601,100,100,True,1,1,0,0,False,False,False
78661,100,100,True,1,1,0,0,False,False,False
78721,100,100,True,1,1,0,0,False,False,False
78781,100,100,True,1,1,0,0,False,False,False
78841,100,100,True,1,1,0,0,False,False,False
78901,100,100,True,0,1,0,0,False,False,False
78961,100,100,True,0,1,0,0,False,False,False
79021,100,100,True,0,1,0,0,False,False,False
79081,100,100,True,0,1,0,0,False,False,False
79141,100,100,True,0,1,0,0,False,False,False
79201,100,100,True,0,1,0,0,False,False,False
79261,100,100,True,0,1,0,0,False,False,False
79321,100,100,True,0,1,0,0,False,False,False
79381,100,100,True,0,1,0,0,False,False,False
79441,100,100,True,0,1,0,0,False,False,False
79501,100,100,True,0,1,0,0,False,False,False
79561,100,100,True,0,1,0,0,False,False,False
79621,100,100,True,0,1,0,0,False,False,False
79681,100,100,True,0,1,0,0,False,False,False
79741,100,100,True,0,1,0,0,False,False,False
79801,100,100,True,0,1,0,0,False,False,False
79861,100,100,True,0,1,0,0,False,False,False
79921,100,100,True,0,1,0,0,False,False,False
79981,100,100,True,0,1,0,0,False,False,False
80041,100,100,True,0,1,0,0,False,False,False
80101,100,100,True,0,0,0,0,False,False,False
80161,100,100,True,0,0,0,0,False,False,False
80221,100,100,True,0,0,0,0,False,False,False
80281,100,100,True,0,0,0,0,False,False,False
80341,100,100,True,0,0,0,0,False,False,False
80401,100,100,True,0,0,0,0,False,False,False
80461,100,100,True,0,0,0,0,False,False,False
80521,100,100,True,0,0,0,0,False,False,False
80581,100,100,True,0,0,0,0,False,False,False
80641,100,100,True,0,0,0,0,False,False,False
80701,100,100,True,0,0,0,0,False,False,False
80761,100,100,True,0,0,0,0,False,False,False
80821,100,100,True,0,0,0,0,False,False,False
80881,100,100,True,0,0,0,0,False,False,False
80941,47,95,True,0,0,0,0,False,False,False
84181,100,100,True,1,0,0,0,False,False,False
84241,100,100,True,1,0,0,0,False,False,False
84301,100,100,True,1,0,0,0,False,False,False
84361,100,100,True,1,0,0,0,False,False,False
84421,100,100,True,1,1,0,0,False,False,False
84481,100,100,True,1,1,0,0,False,False,False
84541,100,100,True,1,1,0,0,False,False,False
84601,100,100,True,1,1,0,0,False,False,False
84661,100,100,True,1,1,0,0,False,False,False
84721,100,100,True,1,1,0,0,False,False,False
84781,100,100,True,1,1,0,0,False,False,False
84841,100,100,True,1,1,0,0,False,False,False
84901,100,100,True,1,1,0,0,False,False,False
84961,100,100,True,1,1,0,0,False,False,False
85021,100,100,True,1,1,0,0,False,False,False
85081,100,100,True,1,1,0,0,False,False,False
85141,100,100,True,1,1,0,0,False,False,False
85201,100,100,True,0,1,0,0,False,False,False
85261,100,100,True,0,1,0,0,False,False,False
85321,100,100,True,0,1,0,0,False,False,False
85381,100,100,True,0,1,0,0,False,False,False
85441,100,100,True,0,1,0,0,False,False,False
85501,100,100,True,0,0,0,0,False,False,False
85561,100,100,True,0,0,0,0,False,False,False
85621,100,100,True,0,0,0,0,False,False,False
85681,100,100,True,0,0,0,0,False,False,False
85741,100,100,True,0,0,0,0,False,False,False
85801,100,100,True,0,0,0,0,False,False,False
85861,100,100,True,0,0,0,0,False,False,False
85921,100,100,True,0,0,0,0,False,False,False
85981,100,100,True,0,0,0,0,False,False,False
86041,100,100,True,0,0,0,0,False,False,False
86101,100,100,True,0,0,0,0,False,True,False
86161,100,100,True,0,0,0,0,False,True,False
86221,100,100,True,0,0,0,0,False,True,False
86281,100,100,True,0,0,0,0,False,False,False
86341,100,100,True,0,0,0,0,False,False,False
86401,100,100,True,0,0,0,0,False,False,False
86461,100,100,True,0,0,0,0,False,False,False
86521,100,100,True,0,0,0,0,False,False,False
86581,100,100,True,0,0,0,0,False,False,False
86641,100,100,True,0,0,0,0,False,False,False
86701,100,100,True,0,0,0,0,False,False,False
86761,100,100,True,0,0,0,0,False,False,False
86821,100,100,True,0,0,0,0,False,False,False
86881,100,100,True,0,0,0,0,False,False,False
86941,100,100,True,0,0,0,0,False,False,False
87001,100,100,True,0,0,0,0,False,False,True
87061,100,100,True,0,0,0,0,False,False,True
87121,100,100,True,0,0,0,0,False,False,True
87181,100,100,True,0,0,0,0,False,False,True
87241,100,100,True,0,0,0,0,False,False,True
87301,100,100,True,0,0,0,0,False,False,True
87361,100,100,True,0,0,0,0,False,False,True
87421,100,100,True,0,0,0,0,False,False,True
87481,100,100,True,0,0,0,0,False,False,True
87541,100,100,True,0,0,0,0,False,False,True
87601,100,100,True,0,0,0,0,False,False,True
87661,100,100,True,0,0,0,0,False,False,True
87721,100,100,True,0,0,0,0,False,False,True
87781,100,100,True,0,0,0,0,False,False,True
87841,100,100,True,0,0,0,0,False,False,True
87901,100,100,True,0,0,0,0,False,False,True
87961,66,96,True,0,0,0,0,False,False,True
88021,66,96,True,0,0,0,0,False,False,True
88081,66,96,True,0,0,0,0,False,False,True
88141,66,96,True,0,0,0,0,False,False,True
88201,66,96,True,0,0,0,0,False,False,True
88261,66,96,True,0,0,0,0,False,False,True
88321,66,96,True,0,0,0,0,False,False,True
88381,66,96,True,0,0,0,0,False,False,True
88441,66,96,True,0,0,0,0,False,False,True
88501,66,96,True,0,0,0,0,False,False,True
90241,100,100,False,0,0,0,0,False,False,False
90301,100,100,False,0,0,0,0,False,False,False
90361,100,100,False,0,0,0,0,False,False,False
90421,100,100,False,0,0,0,0,False,False,False
90481,100,100,False,0,0,0,0,False,False,False
90541,100,100,False,0,0,0,0,False,False,False
90601,100,100,False,0,0,0,0,False,False,False
90661,100,100,False,0,0,0,0,False,False,False
90721,100,100,False,0,0,0,0,False,False,False
90781,100,100,False,0,0,0,0,False,False,False
90841,100,100,False,0,0,0,0,False,False,False
90901,100,100,False,0,0,0,0,False,False,False
90961,100,100,False,0,0,0,0,False,False,False
91021,100,100,False,0,0,0,0,False,False,False
91081,100,100,False,0,0,0,0,False,False,False
91141,100,100,False,0,0,0,0,False,False,False
91201,100,100,False,0,0,0,0,False,False,False
91261,100,100,False,0,0,0,0,False,False,False
91321,100,100,False,0,0,0,0,False,False,False
91381,100,100,False,0,0,0,0,False,False,False
91441,100,100,False,0,0,0,0,False,False,False
91501,100,100,False,0,0,0,0,False,False,False
91561,100,100,False,0,0,0,0,False,False,False
91621,100,100,False,0,0,0,0,False,False,False
94981,100,100,True,0,0,0,0,False,False,False
95041,100,100,True,0,0,0,0,False,False,False
95101,100,100,True,0,0,0,0,False,False,False
95161,100,100,True,0,0,0,0,False,False,False
95221,100,100,True,0,0,0,0,False,False,False
95281,100,100,True,0,0,0,0,False,False,False
95341,100,100,True,0,0,0,0,False,False,False
95401,100,100,True,0,0,0,0,False,False,False
95461,100,100,True,0,0,0,0,False,False,False
95521,77,97,True,0,0,0,0,False,False,False
95581,77,97,True,0,0,0,0,False,False,False
95641,77,97,True,0,0,0,0,False,False,False
95701,77,97,True,0,0,0,0,False,False,False
95761,77,97,True,0,0,0,0,False,False,False
95821,77,97,True,0,0,0,0,False,False,False
95881,77,97,True,0,0,0,0,False,False,False
95941,77,97,True,0,0,0,0,False,False,False
96001,77,97,True,0,0,0,0,False,False,False
96061,77,97,True,0,0,0,0,False,False,False
96121,77,97,True,0,0,0,0,False,False,False
96181,77,97,True,0,0,0,0,False,False,False
96241,77,97,True,0,0,0,0,False,False,False
96301,77,97,True,0,0,0,0,False,False,False
96361,77,97,True,0,0,0,0,False,False,False
96421,77,97,True,0,0,0,0,False,False,False
96481,77,97,True,0,0,0,0,False,False,False
96541,77,97,True,0,0,0,0,False,False,False
96601,77,97,True,0,0,0,0,False,False,False
96661,77,97,True,0,0,0,0,False,False,False
96721,77,97,True,0,0,0,0,False,False,False
96781,77,97,True,0,0,0,0,False,False,False
96841,77,97,True,0,0,0,0,False,False,False
96901,77,97,True,0,0,0,0,False,False,False
96961,77,97,True,0,0,0,0,False,False,False
97021,77,97,True,0,0,0,0,False,False,False
97081,77,97,True,0,0,0,0,False,False,False
97141,77,97,True,0,0,0,0,False,False,False
97201,77,97,True,0,0,0,0,False,False,False
97261,77,97,True,0,0,0,0,False,False,False
97321,77,97,True,0,0,0,0,False,False,False
97381,77,97,True,0,0,0,0,False,False,False
97441,77,97,True,0,0,0,0,False,False,False
97501,77,97,True,0,0,0,0,False,False,False
97561,77,97,True,0,0,0,0,False,False,False
97621,77,97,True,0,0,0,0,False,False,False
97681,77,97,True,0,0,0,0,False,False,False
97741,77,97,True,0,0,0,0,False,False,False
97801,77,97,True,0,0,0,0,False,False,False
97861,77,97,True,0,0,0,0,False,False,False
97921,77,97,True,0,0,0,0,False,False,False
97981,77,97,True,0,0,0,0,False,False,False
98041,77,97,True,0,0,0,0,False,False,False
98101,77,97,True,0,0,0,0,False,False,False
98161,77,97,True,0,0,0,0,False,False,False
98221,77,97,True,0,0,0,0,False,False,False
98281,77,97,True,0,0,0,0,False,False,True
98341,77,97,True,0,0,0,0,False,False,True
98401,77,97,True,0,0,0,0,False,False,True
98461,77,97,True,0,0,0,0,False,False,True
98521,77,97,True,0,0,0,0,False,False,True
98581,77,97,True,0,0,0,0,False,False,True
98641,77,97,True,0,0,0,0,False,False,True
98701,77,97,True,0,0,0,0,False,False,True
98761,77,97,True,0,0,0,0,False,False,True
98821,77,97,True,0,0,0,0,False,False,True
98881,77,97,True,0,0,0,0,False,False,True
98941,77,97,True,0,0,0,0,False,False,True
99001,77,97,True,0,0,0,0,False,False,True
99061,77,97,True,0,0,0,0,False,False,True
99121,77,97,True,0,0,0,0,False,False,True
99181,77,97,True,0,0,0,0,False,False,True
99241,77,97,True,0,0,0,0,False,False,True
99301,77,97,True,0,0,0,0,False,False,True
99361,77,97,True,0,0,0,0,False,False,True
99421,77,97,True,0,0,0,0,False,False,True
99481,77,97,True,0,0,0,0,False,False,True
99541,77,97,True,0,0,0,0,False,False,True
99601,77,97,True,0,0,0,0,False,False,True
99661,77,97,True,0,0,0,0,False,False,True
99721,77,97,True,0,0,0,0,False,False,True
99781,77,97,True,0,0,0,0,False,False,True
99841,77,97,True,0,0,0,0,False,False,True
99901,77,97,True,0,0,0,0,False,False,True
99961,77,97,True,0,0,0,0,False,False,True
100021,77,97,True,0,0,0,0,False,False,True
100081,77,97,True,0,0,0,0,False,False,True
100141,77,97,True,0,0,0,0,False,False,True
100201,77,97,True,0,0,0,0,False,False,True
100261,77,97,True,0,0,0,0,False,False,True
100321,34,96,True,0,0,0,0,False,False,True
100381,34,96,True,0,0,0,0,False,False,True
100441,34,96,True,0,0,0,0,False,False,True
100501,34,96,True,0,0,0,0,False,False,True
100561,34,96,True,0,0,0,0,False,False,True
100621,34,96,True,0,0,0,0,False,False,True
100681,34,96,True,0,0,0,0,False,False,True
100741,34,96,True,0,0,0,0,False,False,True
100801,34,96,True,0,1,0,0,False,False,True
100861,34,96,True,0,1,0,0,False,False,True
102661,100,100,False,0,0,0,0,False,False,False
102721,100,100,False,0,0,0,0,False,False,False
102781,100,100,False,0,0,0,0,False,False,False
102841,100,100,False,0,0,0,0,False,False,False
102901,100,100,False,0,0,0,0,False,False,False
102961,100,100,False,0,0,0,0,False,False,False
103021,100,100,False,0,0,0,0,False,False,False
103081,100,100,False,0,0,0,0,False,False,False
103141,100,100,False,0,0,0,0,False,False,False
103201,100,100,False,0,0,0,0,False,False,False
103261,100,100,False,0,0,0,0,False,False,False
103321,100,100,False,0,0,0,0,False,False,False
103381,100,100,False,0,0,0,0,False,False,False
103441,100,100,False,0,0,0,0,False,False,False
103501,100,100,False,0,0,0,0,False,False,False
103561,100,100,False,0,0,0,0,False,False,False
103621,100,100,False,1,0,0,0,False,False,False
103681,100,100,False,1,0,0,0,False,False,False
103741,100,100,False,1,0,0,0,False,False,False
103801,100,100,False,1,0,0,0,False,False,False
103861,100,100,False,1,0,0,0,False,False,False
103921,100,100,False,0,0,0,0,False,False,False
103981,100,100,False,0,0,0,0,False,False,False
104041,100,100,False,0,0,0,0,False,False,False
104101,100,100,False,0,0,0,0,False,False,False
104161,100,100,False,0,0,0,0,False,False,False
104221,100,100,False,0,0,0,0,False,False,False
104281,100,100,False,0,0,0,0,False,False,False
104341,100,100,False,0,0,0,0,False,False,False
104401,100,100,False,0,0,0,0,False,False,False
104461,100,100,False,0,0,0,0,False,False,False
104521,100,100,False,0,0,0,0,False,False,False
104581,100,100,False,0,0,0,0,False,False,False
104641,100,100,False,0,0,0,0,False,False,False
104701,100,100,False,0,0,0,0,False,False,False
104761,100,100,False,0,0,0,0,False,False,False
104821,100,100,False,0,0,0,0,False,False,False
104881,100,100,False,0,0,0,0,False,False,False
104941,100,100,False,0,0,0,0,False,False,False
105001,100,100,False,0,0,0,0,False,False,False
105061,100,100,False,0,0,0,0,False,False,False
105121,100,100,False,0,0,0,0,False,False,False
105181,100,100,False,0,0,0,0,False,False,False
105241,100,100,False,0,0,0,0,False,False,False
105301,100,100,False,0,0,0,0,False,False,False
105361,100,100,False,0,0,0,0,False,False,False
105421,100,100,False,0,0,0,0,False,False,False
105481,100,100,False,0,0,0,0,False,False,False
105541,100,100,False,0,0,0,0,False,False,False
105601,100,100,False,0,0,0,0,False,False,False
105661,100,100,False,0,0,0,0,False,False,False
105721,100,100,False,0,0,0,0,False,False,False
105781,100,100,False,0,0,0,0,False,False,False
105841,100,100,False,0,0,0,0,False,False,False
105901,100,100,False,0,0,0,0,False,False,False
105961,100,100,False,0,0,0,0,False,False,False
106021,100,100,False,0,0,0,0,False,False,False
106081,100,100,False,0,0,0,0,False,False,False
106141,100,100,False,0,0,0,0,False,False,False
106201,100,100,False,0,0,0,0,False,False,False
106261,100,100,False,0,0,0,0,False,False,False
106321,100,100,False,0,0,0,0,False,False,False
106381,100,100,False,0,0,0,0,False,False,False
107701,100,100,True,1,1,1,1,True,False,False
107761,100,100,True,1,1,1,1,True,False,False
107821,100,100,True,1,1,1,1,True,False,False
107881,100,100,True,1,1,1,1,True,False,False
107941,100,100,True,1,1,1,1,True,False,False
108001,100,100,True,1,1,1,1,True,False,False
108061,100,100,True,1,1,1,1,True,False,False
108121,100,100,True,1,1,1,1,True,False,False
108181,100,100,True,1,1,1,1,True,False,False
108241,100,100,True,1,1,1,1,True,False,False
108301,100,100,True,1,1,1,1,True,False,False
108361,100,100,True,1,1,1,1,True,False,False
108421,100,100,True,1,1,1,1,True,False,False
108481,100,100,True,1,1,1,1,True,False,False
108541,100,100,True,1,1,1,1,True,False,False
108601,100,100,True,1,1,1,1,True,False,False
108661,100,100,True,1,1,1,1,True,False,False
108721,100,100,True,1,1,1,1,True,False,False
108781,100,100,True,1,1,1,1,True,False,False
108841,100,100,True,1,1,1,1,True,False,False
108901,100,100,True,1,1,1,1,True,False,False
108961,100,100,True,1,1,1,1,True,False,False
109021,100,100,True,1,1,1,1,True,False,False
109081,100,100,True,1,1,1,1,True,False,False
109141,100,100,True,1,1,0,1,True,False,False
109201,100,100,True,1,1,0,1,True,False,False
109261,69,79,True,1,1,0,1,True,False,False
109321,69,79,True,1,1,0,1,True,False,False
109381,69,79,True,1,1,0,1,True,False,False
109441,69,79,True,1,1,0,1,True,False,False
109501,69,79,True,1,1,0,1,True,False,False
109561,69,79,True,1,1,0,1,True,False,False
109621,69,79,True,1,1,0,1,True,False,False
109681,69,79,True,1,1,0,1,True,False,False
113761,100,100,True,0,1,0,0,False,False,False
113821,100,100,True,0,1,0,0,False,False,False
113881,100,100,True,0,1,0,0,False,False,False
113941,100,100,True,0,1,0,0,False,False,False
114001,100,100,True,0,1,0,0,False,False,False
114061,100,100,True,0,1,0,0,False,False,False
114121,100,100,True,0,1,0,0,False,False,False
114181,100,100,True,0,1,0,0,False,False,False
114241,100,100,True,0,1,0,0,False,False,False
114301,100,100,True,0,1,0,0,False,False,False
114361,100,100,True,0,1,0,0,False,False,False
114421,100,100,True,0,1,0,0,False,False,False
114481,100,100,True,0,1,0,0,False,False,False
114541,100,100,True,0,1,0,0,False,False,False
114601,100,100,True,0,1,0,0,False,False,False
114661,100,100,True,0,1,0,0,False,False,False
114721,100,100,True,0,1,0,0,False,False,False
114781,100,100,True,0,1,0,0,False,False,False
114841,100,100,True,0,1,0,0,False,False,False
114901,100,100,True,0,1,0,0,False,False,False
114961,100,100,True,0,1,0,0,False,False,False
115021,100,100,True,0,1,0,0,False,False,False
115081,100,100,True,0,1,0,0,False,False,False
115141,100,100,True,0,1,0,0,False,False,False
115201,100,100,True,0,1,0,0,False,False,False
115261,100,100,True,0,1,0,0,False,False,False
115321,100,100,True,0,1,0,0,False,False,False
115381,100,100,True,0,1,0,0,False,False,False
115441,100,100,True,0,1,0,0,False,False,False
115501,100,100,True,0,1,0,0,False,False,False
115561,100,100,True,0,1,0,0,False,False,False
115621,100,100,True,0,1,0,0,False,False,False
115681,100,100,True,0,1,0,0,False,False,False
115741,100,100,True,0,1,0,0,False,False,False
115801,100,100,True,0,1,0,0,False,False,False
115861,100,100,True,0,1,0,0,False,False,False
115921,100,100,True,0,1,0,0,False,False,False
115981,100,100,True,0,1,0,0,False,False,False
116041,11,88,True,0,1,0,0,False,False,False
119401,100,100,True,1,1,1,1,True,False,False
119461,100,100,True,1,1,1,1,True,False,False
119521,100,100,True,1,1,1,1,True,False,False
119581,100,100,True,1,1,1,1,True,False,False
119641,100,100,True,1,1,1,1,True,False,False
119701,100,100,True,1,1,1,1,True,False,False
119761,100,100,True,1,1,1,1,True,False,False
119821,100,100,True,1,1,1,1,True,False,False
119881,100,100,True,1,1,1,1,True,False,False
119941,100,100,True,1,1,1,1,True,False,False
120001,100,100,True,1,1,1,1,True,False,False
120061,55,96,True,1,1,1,1,True,False,False
120121,55,96,True,1,1,1,1,True,False,False
120181,55,96,True,1,1,1,1,True,False,False
120241,55,96,True,0,1,1,1,True,False,False
120301,55,96,True,0,1,1,1,True,False,False
120361,55,96,True,0,1,1,1,True,False,False
120421,55,96,True,0,1,1,1,True,False,False
120481,55,96,True,0,1,1,1,True,False,False
120541,55,96,True,0,1,0,1,True,False,False
120601,55,96,True,0,1,0,1,True,False,False
120661,55,96,True,0,1,0,1,True,False,False
120721,55,96,True,0,1,0,1,True,False,False
120781,55,96,True,0,1,0,1,True,False,False
120841,55,96,True,0,1,0,1,True,False,False
120901,55,96,True,0,1,0,1,True,False,False
120961,55,96,True,0,1,0,1,True,False,False
121021,55,96,True,0,1,0,1,True,False,False
121081,55,96,True,0,1,0,1,True,False,False
121141,55,96,True,0,1,0,1,True,False,False
121201,55,96,True,0,1,0,1,True,False,False
121261,55,96,True,0,1,0,1,True,False,False
121321,55,96,True,0,1,0,1,True,False,False
121381,55,96,True,0,1,0,1,True,False,False
121441,55,96,True,0,1,0,1,True,False,False
121501,55,96,True,0,1,0,1,True,False,False
121561,55,96,True,0,1,0,1,True,False,False
121621,55,96,True,0,1,0,1,True,False,False
121681,55,96,True,0,1,0,1,True,False,False
121741,55,96,True,0,1,0,1,True,False,False
121801,55,96,True,0,1,0,1,True,False,False
121861,55,96,True,0,1,0,1,True,False,False
121921,55,96,True,0,1,0,1,True,False,False
121981,55,96,True,0,1,0,1,True,False,False
122041,55,96,True,0,1,0,1,True,False,False
122101,55,96,True,0,1,0,1,True,False,False
122161,55,96,True,0,1,0,1,True,False,False
122221,55,96,True,0,1,0,1,True,False,False
122281,55,96,True,0,1,0,1,True,False,False
122341,55,96,True,0,1,0,1,True,False,False
122401,55,96,True,0,1,0,1,True,False,False
122461,55,96,True,0,1,0,1,True,False,False
122521,55,96,True,0,1,0,1,True,False,False
123841,100,96,True,1,1,1,1,True,False,False
123901,100,96,True,1,1,1,1,True,False,False
123961,100,96,True,1,1,1,1,True,False,False
124021,100,96,True,1,1,1,1,True,False,False
124081,100,96,True,1,1,1,1,True,False,False
124141,100,96,True,1,1,1,1,True,False,False
124201,100,96,True,1,1,1,1,True,False,False
124261,100,96,True,1,1,1,1,True,False,False
124321,100,96,True,1,1,1,1,True,False,False
124381,100,96,True,1,1,1,1,True,False,False
124441,100,96,True,1,1,1,1,True,False,False
124501,100,96,True,1,1,1,1,True,False,False
124561,100,96,True,1,1,1,1,True,False,False
124621,100,96,True,1,1,1,1,True,False,False
124681,100,96,True,1,1,1,1,True,False,False
124741,100,96,True,1,1,1,1,True,False,False
124801,100,96,True,1,1,1,1,True,False,False
124861,100,96,True,1,1,1,1,True,False,False
124921,100,96,True,1,1,1,1,True,False,False
124981,100,96,True,1,1,1,1,True,False,False
125041,100,96,True,1,1,1,1,True,False,False
125101,100,96,True,1,1,1,1,True,False,False
125161,100,96,True,1,1,1,1,True,False,False
125221,100,96,True,1,1,0,1,True,False,False
125281,100,96,True,1,1,0,0,True,False,False
125341,100,96,True,1,1,0,0,True,False,False
125401,100,96,True,1,1,0,0,True,False,False
125461,100,96,True,1,1,0,0,True,False,False
125521,100,96,True,1,1,0,0,True,False,False
125581,100,96,True,1,1,0,0,True,False,False
125641,100,96,True,1,1,0,0,True,False,False
125701,100,96,True,1,1,0,0,True,False,False
125761,100,96,True,1,1,0,0,True,False,False
125821,100,96,True,0,1,0,0,True,False,False
125881,100,96,True,0,1,0,0,True,False,False
125941,100,96,True,0,1,0,0,True,False,False
126001,100,96,True,0,1,0,0,True,False,False
126061,100,96,True,0,1,0,0,True,False,False
126121,100,96,True,0,1,0,0,True,False,False
126181,100,96,True,0,1,0,0,True,False,False
126241,100,96,True,0,1,0,0,True,False,False
126301,100,96,True,0,1,0,0,True,False,False
126361,100,96,True,0,1,0,0,True,False,False
126421,100,96,True,0,1,0,0,True,False,False
126481,100,96,True,0,1,0,0,True,False,False
126541,100,96,True,0,1,0,0,True,False,False
126601,100,96,True,0,1,0,0,True,False,False
126661,100,96,True,0,1,0,0,True,False,False
126721,100,96,True,0,1,0,0,True,False,False
126781,100,96,True,0,1,0,0,True,False,False
126841,100,96,True,0,1,0,0,True,False,False
126901,100,96,True,0,1,0,0,True,False,False
126961,100,96,True,0,1,0,0,True,False,False
127021,100,96,True,0,1,0,0,True,False,False
127081,100,96,True,0,1,0,0,True,False,False
127141,100,96,True,0,1,0,0,True,False,False
127201,100,96,True,0,1,0,0,True,False,False
127261,100,96,True,0,1,0,0,True,False,False
127321,100,96,True,0,1,0,0,True,False,False
127381,100,96,True,0,1,0,0,True,False,False
127441,100,96,True,0,1,0,0,True,False,False
127501,100,96,True,0,1,0,0,True,False,False
127561,100,96,True,0,1,0,0,True,False,False
127621,100,96,True,0,1,0,0,True,False,False
127681,100,96,True,0,1,0,0,True,False,False
127741,100,96,True,0,1,0,0,True,False,False
127801,100,96,True,0,1,0,0,True,False,False
127861,100,96,True,0,1,0,0,True,False,False
127921,100,96,True,0,1,0,0,True,False,False
127981,72,95,True,0,1,0,0,True,False,False
128041,72,95,True,0,1,0,0,True,False,False
128101,72,95,True,0,1,0,0,True,False,False
128161,72,95,True,0,1,0,0,True,False,False
128221,72,95,True,0,1,0,0,True,False,False
128281,72,95,True,0,1,0,0,True,False,False
128341,72,95,True,0,1,0,0,True,False,False
128401,72,95,True,0,1,0,0,True,False,False
128461,72,95,True,0,1,0,0,True,False,False
128521,72,95,True,0,1,0,0,True,False,False
128581,72,95,True,0,1,0,0,True,False,False
128641,72,95,True,0,1,0,0,True,False,False
128701,72,95,True,0,1,0,0,True,False,False
128761,72,95,True,0,1,0,0,True,False,False
128821,72,95,True,0,1,0,0,True,False,False
128881,72,95,True,0,1,0,0,True,False,False
130201,100,95,True,1,1,1,1,True,False,False
130261,100,95,True,1,1,1,1,True,False,False
130321,100,95,True,1,1,1,1,True,False,False
130381,100,95,True,0,1,1,1,True,False,False
130441,100,95,True,0,1,1,1,True,False,False
130501,100,95,True,0,1,1,1,True,False,False
130561,100,95,True,0,1,1,1,True,False,False
130621,100,95,True,0,1,1,1,True,False,False
130681,100,95,True,0,1,1,1,True,False,False
130741,100,95,True,0,1,1,1,True,False,False
130801,100,95,True,0,1,1,1,True,False,False
130861,100,95,True,0,1,1,1,True,False,False
130921,100,95,True,0,1,1,1,True,False,False
130981,100,95,True,0,1,1,1,True,False,False
131041,100,95,True,0,1,1,1,True,False,False
131101,100,95,True,0,1,1,1,True,False,False
131161,100,95,True,0,1,1,1,True,False,False
131221,100,95,True,0,1,1,1,True,False,False
131281,100,95,True,0,1,1,1,True,False,False
131341,100,95,True,0,1,1,1,True,False,False
131401,100,95,True,0,1,1,1,True,False,False
131461,66,73,True,0,1,1,1,True,False,False
131521,39,69,True,0,1,1,1,True,False,False
131581,39,69,True,0,1,1,1,True,False,False
131641,39,69,True,0,1,1,1,True,False,False
131701,39,69,True,0,1,1,1,True,False,False
131761,39,69,True,0,1,1,1,True,False,False
131821,39,69,True,0,1,1,1,True,False,False
131881,39,69,True,0,1,1,1,True,False,False
131941,39,69,True,0,1,1,1,True,False,False
132001,39,69,True,0,1,1,1,True,False,False
132061,39,69,True,0,1,1,1,True,False,False
132121,39,69,True,0,1,1,1,True,False,False
132181,39,69,True,0,1,1,0,True,False,False
132241,39,69,True,0,1,1,0,True,False,False
132301,39,69,True,0,1,0,0,True,False,False
132361,39,69,True,0,1,0,0,True,False,False
132421,39,69,True,0,1,0,0,True,False,False
132481,39,69,True,0,1,0,0,True,False,False
132541,39,69,True,0,1,0,0,True,False,False
132601,39,69,True,0,1,0,0,True,False,False
132661,39,69,True,0,1,0,0,True,False,False
132721,39,69,True,0,1,0,0,True,False,False
132781,39,69,True,0,0,0,0,True,False,False
132841,39,69,True,0,0,0,0,True,False,False
132901,39,69,True,0,0,0,0,True,False,False
132961,39,69,True,0,0,0,0,True,False,False
133021,39,69,True,0,0,0,0,True,False,False
133081,39,69,True,0,0,0,0,True,False,False
133141,39,69,True,0,0,0,0,True,False,False
133201,39,69,True,0,0,0,0,True,False,False
133261,39,69,True,0,0,0,0,True,False,False
133321,39,69,True,0,0,0,0,True,False,False
133381,39,69,True,0,0,0,0,True,False,False
133441,39,69,True,0,0,0,0,True,False,False
133501,39,69,True,0,0,0,0,True,False,False
133561,39,69,True,0,0,0,0,True,False,False
133621,39,69,True,0,0,0,0,True,False,False
133681,39,69,True,0,0,0,0,True,False,False
133741,39,69,True,0,0,0,0,True,False,False
133801,39,69,True,0,0,0,0,True,False,False
133861,39,69,True,0,0,0,0,True,False,False
133921,39,69,True,0,0,0,0,True,False,False
133981,39,69,True,0,0,0,0,True,False,False
134041,39,69,True,0,0,0,0,True,False,False
134101,39,69,True,0,0,0,0,True,False,False
134161,39,69,True,0,0,0,0,True,False,False
137761,100,100,True,1,1,1,1,True,False,False
137821,100,100,True,1,1,1,1,True,False,False
137881,100,100,True,1,1,1,1,True,False,False
137941,100,100,True,1,1,1,1,True,False,False
138001,100,100,True,1,1,1,1,True,False,False
138061,100,100,True,1,1,1,1,True,False,False
138121,100,100,True,1,1,1,1,True,False,False
138181,100,100,True,1,1,1,1,True,False,False
138241,100,100,True,1,1,1,1,True,False,False
138301,100,100,True,1,1,1,1,True,False,False
138361,95,100,True,1,1,1,1,True,False,False
138421,95,100,True,1,1,1,1,True,False,False
138481,95,100,True,1,1,1,1,True,False,False
138541,95,100,True,1,1,1,1,True,False,False
138601,95,100,True,1,1,1,1,True,False,False
138661,45,94,True,1,1,1,1,True,False,False
138721,6,91,True,1,1,1,1,True,False,False
138781,6,91,True,1,1,1,1,True,False,False
138841,6,91,True,1,1,1,1,True,False,False
138901,6,91,True,1,0,1,1,True,False,False
138961,6,91,True,1,0,1,1,True,False,False
139021,6,91,True,1,0,1,1,True,False,False
139081,6,91,True,1,0,1,1,True,False,False
139141,6,91,True,1,0,1,1,True,False,False
139201,6,91,True,1,0,1,1,True,False,False
139261,6,91,True,1,0,1,1,True,False,False
139321,6,91,True,1,0,1,1,True,False,False
139381,6,91,True,1,0,1,1,True,False,False
139441,6,91,True,1,0,1,1,True,False,False
139501,6,91,True,1,0,1,1,True,False,False
139561,6,91,True,1,0,1,1,True,False,False
146041,100,100,True,1,1,1,1,True,False,False
146101,100,100,True,1,1,1,1,True,False,False
146161,100,100,True,1,1,1,1,True,False,False
146221,100,100,True,1,1,1,1,True,False,False
146281,100,100,True,1,1,1,1,True,False,False
146341,100,100,True,1,1,1,1,True,False,False
146401,100,100,True,1,1,1,1,True,False,False
146461,100,100,True,1,1,1,1,True,False,False
146521,100,100,True,1,1,1,1,True,False,False
146581,100,100,True,1,1,1,1,True,False,False
146641,100,100,True,1,1,1,1,True,False,False
146701,100,100,True,1,1,1,1,True,False,False
146761,100,100,True,1,1,1,1,True,False,False
146821,100,100,True,1,1,1,1,True,False,False
146881,100,100,True,1,1,1,1,True,False,False
146941,100,100,True,1,1,1,1,True,False,False
147001,100,100,True,1,1,1,1,True,False,False
147061,100,100,True,1,1,1,1,True,False,False
147121,100,100,True,1,1,1,1,True,False,False
147181,100,100,True,1,1,1,1,True,False,False
147241,100,100,True,1,1,1,1,True,False,False
147301,100,100,True,1,1,1,1,True,False,False
147361,100,100,True,1,1,1,1,True,False,False
147421,100,100,True,1,1,1,1,True,False,False
147481,100,100,True,1,1,1,1,True,False,False
147541,100,100,True,1,1,1,1,True,False,False
147601,100,100,True,1,1,1,1,True,False,False
147661,100,100,True,1,1,1,1,True,False,False
147721,100,100,True,1,1,1,1,True,False,False
147781,100,100,True,1,1,1,1,True,False,False
147841,100,100,True,1,1,1,1,True,False,False
147901,100,100,True,1,1,1,1,True,False,False
147961,100,100,True,1,1,1,1,True,False,False
148021,100,100,True,1,1,1,1,True,False,False
148081,100,100,True,1,1,1,1,True,False,False
148141,100,100,True,1,1,1,1,True,False,False
148201,100,100,True,1,1,1,1,True,False,False
148261,100,100,True,1,1,1,1,True,False,False
148321,100,100,True,1,1,1,1,True,False,False
148381,100,100,True,1,1,1,1,True,False,False
148441,100,100,True,1,1,1,1,True,False,False
148501,100,100,True,1,1,1,1,True,False,False
148561,100,100,True,1,1,1,1,True,False,False
148621,100,100,True,1,1,1,1,True,False,False
148681,100,100,True,1,1,1,1,True,False,False
148741,100,100,True,1,1,1,1,True,False,False
148801,100,100,True,1,1,1,1,True,False,False
148861,100,100,True,1,1,1,1,True,False,False
148921,100,100,True,1,1,1,1,True,False,False
148981,100,100,True,1,1,1,1,True,False,False
149041,100,100,True,1,1,1,1,True,False,False
149101,100,100,True,1,1,1,1,True,False,False
149161,100,100,True,1,1,1,1,True,False,False
149221,100,100,True,1,1,1,1,True,False,False
149281,100,100,True,1,1,1,1,True,False,False
149341,100,100,True,0,1,1,1,True,False,False
149401,100,100,True,0,1,0,1,True,False,False
149461,100,100,True,0,1,0,1,True,False,False
149521,100,100,True,0,1,0,1,True,False,False
149581,100,100,True,0,1,0,1,True,False,False
149641,100,100,True,0,1,0,1,True,False,False
149701,100,100,True,0,1,0,1,True,False,False
149761,100,100,True,0,1,0,1,True,False,False
149821,100,100,True,0,1,0,1,True,False,False
149881,100,100,True,0,1,0,1,True,False,False
149941,100,100,True,0,1,0,1,True,False,False
150001,100,100,True,0,1,0,1,True,False,False
150061,100,100,True,0,1,0,1,True,False,False
150121,100,100,True,0,1,0,1,True,False,False
150181,100,100,True,0,1,0,1,True,False,False
150241,100,100,True,0,1,0,1,True,False,False
150301,100,100,True,0,1,0,1,True,False,False
150361,100,100,True,0,1,0,1,True,False,False
150421,100,100,True,0,1,0,1,True,False,False
150481,100,100,True,0,1,0,1,True,False,False
150541,100,100,True,0,1,0,1,True,False,False
150601,100,100,True,0,1,0,1,True,False,False
150661,100,100,True,0,1,0,1,True,False,False
150721,100,100,True,0,1,0,1,True,False,False
150781,100,100,True,0,1,0,1,True,False,False
150841,100,100,True,0,1,0,1,True,False,False
150901,100,100,True,0,1,0,1,True,False,False
150961,100,100,True,0,1,0,1,True,False,False
151021,100,100,True,0,1,0,1,True,False,False
151081,100,100,True,0,1,0,1,True,False,False
151141,100,100,True,0,1,0,1,True,False,False
151201,100,100,True,0,1,0,1,True,False,False
151261,100,100,True,0,1,0,1,True,False,False
151321,100,100,True,0,1,0,1,True,False,False
151381,100,100,True,0,1,0,1,True,False,False
151441,100,100,True,0,1,0,1,True,False,False
151501,100,100,True,0,1,0,1,True,False,False
151561,100,100,True,0,1,0,1,True,False,False
151621,100,100,True,0,1,0,1,True,False,False
151681,100,100,True,0,1,0,1,True,False,False
151741,52,96,True,0,1,0,1,True,False,False
151801,52,96,True,0,1,0,1,True,False,False
151861,52,96,True,0,1,0,1,True,False,False
151921,52,96,True,0,1,0,1,True,False,False
151981,52,96,True,0,1,0,1,True,False,False
152041,52,96,True,0,1,0,1,True,False,True
152101,52,96,True,0,1,0,0,True,False,True
152161,52,96,True,0,1,0,0,True,False,True
152221,52,96,True,0,1,0,0,True,False,True
152281,52,96,True,0,1,0,0,True,False,True
152341,52,96,True,0,1,0,0,True,False,True
152401,52,96,True,0,1,0,0,True,False,True
152461,52,96,True,0,1,0,0,True,False,True
152521,52,96,True,0,1,0,0,True,False,True
152581,52,96,True,0,1,0,0,True,False,True
152641,52,96,True,0,1,0,0,True,False,True
152701,52,96,True,0,1,0,0,True,False,True
152761,52,96,True,0,1,0,0,True,False,True
152821,52,96,True,0,1,0,0,True,False,True
152881,52,96,True,0,1,0,0,True,False,True
152941,52,96,True,0,1,0,0,True,False,True
153001,52,96,True,0,1,0,0,True,False,True
153061,52,96,True,0,0,0,0,True,False,True
153121,52,96,True,0,0,0,0,True,False,True
153181,52,96,True,0,0,0,0,True,False,True
153241,52,96,True,0,0,0,0,True,False,True
153301,52,96,True,0,0,0,0,True,False,True
153361,52,96,True,0,0,0,0,True,False,True
153421,52,96,True,0,0,0,0,True,False,True
153481,52,96,True,0,0,0,0,True,False,True
153541,52,96,True,0,0,0,0,True,False,True
153601,52,96,True,0,0,0,0,True,False,True
155881,100,100,True,1,1,1,1,True,False,False
155941,100,100,True,1,1,1,1,True,False,False
156001,100,100,True,1,1,1,1,True,False,False
156061,100,100,True,1,1,1,1,True,False,False
156121,100,100,True,1,1,1,1,True,False,False
156181,100,100,True,1,1,1,1,True,False,False
156241,100,100,True,1,1,1,1,True,False,False
156301,100,100,True,1,1,1,1,True,False,False
156361,100,100,True,1,1,1,1,True,False,False
156421,100,100,True,1,1,1,1,True,False,False
156481,100,100,True,1,1,1,1,True,False,False
156541,100,100,True,1,1,1,1,True,False,False
156601,100,100,True,1,1,1,1,True,False,False
156661,100,100,True,1,1,1,1,True,False,False
156721,100,100,True,1,1,1,1,True,False,False
156781,100,100,True,1,1,1,1,True,False,False
156841,100,100,True,1,1,1,1,True,False,False
156901,100,100,True,1,1,1,1,True,False,False
156961,100,100,True,1,1,1,1,True,False,False
157021,100,100,True,1,1,1,1,True,False,False
157081,100,100,True,1,1,1,1,True,False,False
157141,100,100,True,1,1,1,1,True,False,False
157201,100,100,True,1,1,1,1,True,False,False
157261,100,100,True,1,1,1,1,True,False,False
157321,100,100,True,1,1,1,1,True,False,False
157381,100,100,True,1,1,1,1,True,False,False
157441,100,100,True,1,1,1,1,True,False,False
157501,100,100,True,1,1,1,1,True,False,False
157561,100,100,True,1,1,1,1,True,False,False
157621,100,100,True,1,1,1,1,True,False,False
157681,100,100,True,1,1,1,1,True,False,False
157741,100,100,True,1,1,1,1,True,False,False
157801,100,100,True,1,1,1,1,True,False,False
157861,100,100,True,1,1,1,1,True,False,False
157921,100,100,True,1,1,1,1,True,False,False
157981,100,100,True,1,1,1,1,True,False,False
158041,100,100,True,1,1,1,1,True,False,False
158101,100,100,True,1,1,1,1,True,False,False
158161,100,100,True,1,1,1,1,True,False,False
158221,100,100,True,1,1,1,1,True,False,False
158281,100,100,True,1,1,1,1,True,False,False
158341,100,100,True,1,1,0,1,True,False,False
158401,100,100,True,1,1,0,1,True,False,False
158461,100,100,True,1,1,0,1,True,False,False
158521,100,100,True,1,1,0,1,True,False,False
158581,100,100,True,1,1,0,1,True,False,False
158641,100,100,True,1,1,0,1,True,False,False
